<Guild Name="assassin">
<Title Level="0" Male="Man" Female="Woman" />
<Title Level="1" Male="Uke" Female="Uke" />
<Title Level="2" Male="Tori" Female="Tori" />
<Title Level="3" Male="White Belt" Female="White Belt" />
<Title Level="4" Male="Yellow Belt" Female="Yellow Belt" />
<Title Level="5" Male="Green Belt" Female="Green Belt" />
<Title Level="6" Male="3rd Brown" Female="3rd Brown" />
<Title Level="7" Male="2nd Brown" Female="2nd Brown" />
<Title Level="8" Male="1st Brown" Female="1st Brown" />
<Title Level="9" Male="3rd Black" Female="3rd Black" />
<Title Level="10" Male="2nd Black" Female="2nd Black" />
<Title Level="11" Male="Okuri" Female="Okuri" />
<Title Level="12" Male="Shuto" Female="Shuto" />
<Title Level="13" Male="Uraken" Female="Uraken" />
<Title Level="14" Male="Hidden" Female="Hidden" />
<Title Level="15" Male="Shrouded" Female="Shrouded" />
<Title Level="16" Male="Prowler" Female="Prowler" />
<Title Level="17" Male="Tailer" Female="Tailer" />
<Title Level="18" Male="Stalker" Female="Stalker" />
<Title Level="19" Male="Master Stalker" Female="Master Stalker" />
<Title Level="20" Male="Nightwalker" Female="Nightwalker" />
<Title Level="21" Male="Master of the Shadows" Female="Mistress of the Shadows" />
<Title Level="22" Male="Master of the Darkness" Female="Mistress of the Darkness" />
<Title Level="23" Male="Master of the Night" Female="Mistress of the Night" />
<Title Level="24" Male="King of Black" Female="King of Black" />
<Title Level="25" Male="Shadowwalker" Female="Shadowwalker" />
<Title Level="26" Male="Master of Stealth" Female="Mistress of Stealth" />
<Title Level="27" Male="Master of Initiative" Female="Mistress of Initiative" />
<Title Level="28" Male="Master of Surprise" Female="Mistress of Surprise" />
<Title Level="29" Male="Contracted Killer" Female="Contracted Killer" />
<Title Level="30" Male="Assassin" Female="Assassin" />
<Title Level="31" Male="Master of Guile" Female="Mistress of Guile" />
<Title Level="32" Male="Master of Severance" Female="Mistress of Severance" />
<Title Level="33" Male="Master of the Blade" Female="Mistress of the Blade" />
<Title Level="34" Male="Mad Knifer" Female="Mad Knifer" />
<Title Level="35" Male="Slasher" Female="Slasher" />
<Title Level="36" Male="Lord of the Night" Female="Lady of the Night" />
<Title Level="37" Male="Prince of the Night" Female="Princess of the Night" />
<Title Level="38" Male="King of the Night" Female="Queen of the Night" />
<Title Level="39" Male="Overlord of Darkness" Female="Overlord of Darkness" />
<Title Level="40" Male="Malevolent" Female="Malevolent" />
<Title Level="41" Male="Sadist" Female="Sadist" />
<Title Level="42" Male="Malignant" Female="Malignant" />
<Title Level="43" Male="Conspirator" Female="Conspirator" />
<Title Level="44" Male="Despised" Female="Despised" />
<Title Level="45" Male="Forsaken" Female="Forsaken" />
<Title Level="46" Male="Unseen" Female="Unseen" />
<Title Level="47" Male="Unheard" Female="Unheard" />
<Title Level="48" Male="Unknown" Female="Unknown" />
<Title Level="49" Male="Unspeakable Thing" Female="Unspeakable Thing" />
<Title Level="50" Male="Unholy Terror" Female="Unholy Terror" />
<Title Level="51" Male="Hero of the Dark" Female="Heroine of the Dark" />
<Title Level="52" Male="Avatar" Female="Avatar" />
<Title Level="53" Male="Angel" Female="Angel" />
<Title Level="54" Male="Demigod" Female="Demigoddess" />
<Title Level="55" Male="Immortal" Female="Immortal" />
<Title Level="56" Male="God" Female="Goddess" />
<Title Level="57" Male="Deity" Female="Deity" />
<Title Level="58" Male="Supremity" Female="Supremity" />
<Title Level="59" Male="Creator" Female="Creator" />
<Title Level="60" Male="Implementor" Female="Implementress" />
</Guild>
