<Guild Name="healer">
<Title Level="0" Male="Man" Female="Woman" />
<Title Level="1" Male="Believer" Female="Believer" />
<Title Level="2" Male="Scribe" Female="Scribe" />
<Title Level="3" Male="Missionary" Female="Missionary" />
<Title Level="4" Male="Novice" Female="Novice" />
<Title Level="5" Male="Brother" Female="Nun" />
<Title Level="6" Male="Curate" Female="Curate" />
<Title Level="7" Male="Attendant" Female="Attendant" />
<Title Level="8" Male="Vicar" Female="Vicar" />
<Title Level="9" Male="Deacon" Female="Deaconess" />
<Title Level="10" Male="Priest" Female="Priestess" />
<Title Level="11" Male="Minister" Female="Lady Minister" />
<Title Level="12" Male="Canon" Female="Canon" />
<Title Level="13" Male="Levite" Female="Levite" />
<Title Level="14" Male="Chaplain" Female="Chaplain" />
<Title Level="15" Male="Holy Physician" Female="Holy Physician" />
<Title Level="16" Male="Apothecary" Female="Apothecary" />
<Title Level="17" Male="Caretaker" Female="Caretaker" />
<Title Level="18" Male="Bishop" Female="Lady Bishop" />
<Title Level="19" Male="Arch Bishop of the Church" Female="Arch Lady of the Church" />
<Title Level="20" Male="Apprentice Healer" Female="Apprentice Healer" />
<Title Level="21" Male="Brother of the Blue Sash" Female="Sister of the Blue Sash" />
<Title Level="22" Male="Brother of the Green Sash" Female="Sister of the Green Sash" />
<Title Level="23" Male="Brother of the Grey Sash" Female="Sister of the Grey Sash" />
<Title Level="24" Male="Brother of the White Sash" Female="Sister of the White Sash" />
<Title Level="25" Male="Blessed Man" Female="Blessed Lady" />
<Title Level="26" Male="Enlightened" Female="Enlightened" />
<Title Level="27" Male="Sacred Man" Female="Sacred Lady" />
<Title Level="28" Male="Holy Man" Female="Holy Lady" />
<Title Level="29" Male="Divine Man" Female="Divine Lady" />
<Title Level="30" Male="Saint" Female="Saint" />
<Title Level="31" Male="Baptist" Female="Baptist" />
<Title Level="32" Male="Healer" Female="Healer" />
<Title Level="33" Male="Healer of Blindness" Female="Healer of Blindness" />
<Title Level="34" Male="Healer of Poison" Female="Healer of Poison" />
<Title Level="35" Male="Healer of Disease" Female="Healer of Disease" />
<Title Level="36" Male="Healer of Deafness" Female="Healer of Deafness" />
<Title Level="37" Male="Healer of Curses" Female="Healer of Curses" />
<Title Level="38" Male="Healer of Paralysis" Female="Healer of Paralysis" />
<Title Level="39" Male="Cleanser of Maladictions" Female="Cleanser of Maladictions" />
<Title Level="40" Male="Rejuvinator" Female="Rejuvinator" />
<Title Level="41" Male="Priest of Life" Female="Priestess of Life" />
<Title Level="42" Male="Priest of Healing" Female="Priestess of Healing" />
<Title Level="43" Male="Living Touch" Female="Living Touch" />
<Title Level="44" Male="Giver of Life" Female="Giver of Life" />
<Title Level="45" Male="Hand of Faith" Female="Hand of Faith" />
<Title Level="46" Male="Shepherd of the Flock" Female="Shepherdess of the Flock" />
<Title Level="47" Male="Defender of the Faithful" Female="Defender of the Faithful" />
<Title Level="48" Male="Pillar of Faith" Female="Pillar of Faith" />
<Title Level="49" Male="Holy Father" Female="Holy Mother" />
<Title Level="50" Male="Patriach of Healing" Female="Matriach of Healing" />
<Title Level="51" Male="Holy Hero" Female="Holy Heroine" />
<Title Level="52" Male="Avatar of Healing" Female="Avatar of Healing" />
<Title Level="53" Male="Angel of Healing" Female="Angel of Healing" />
<Title Level="54" Male="Demigod of Healing" Female="Demigoddess of Healing" />
<Title Level="55" Male="Immortal of Healing" Female="Immortal of Healing" />
<Title Level="56" Male="God of Healing" Female="Goddess of Healing" />
<Title Level="57" Male="Deity of Healing" Female="Deity of Healing" />
<Title Level="58" Male="Supremity of Healing" Female="Supremity of Healing" />
<Title Level="59" Male="Creator" Female="Creator" />
<Title Level="60" Male="Implementor" Female="Implementress" />
</Guild>
