<Guild Name="magi">
<Title Level="0" Male="Man" Female="Woman" />
<Title Level="1" Male="Apprentice Channeler" Female="Apprentice Channeler" />
<Title Level="2" Male="Student of Channeling" Female="Student of Channeling" />
<Title Level="3" Male="Journeyman Channeler" Female="Journeywoman Channeler" />
<Title Level="4" Male="Novice Channeler" Female="Novice Channeler" />
<Title Level="5" Male="Medium of Channeling" Female="Medium of Channeling" />
<Title Level="6" Male="Apprentice Scrivener" Female="Apprentice Scrivener" />
<Title Level="7" Male="Journeyman Scrivener" Female="Journeywoman Scrivener" />
<Title Level="8" Male="Scrivener" Female="Scrivener" />
<Title Level="9" Male="Accomplished Scrivener" Female="Accomplished Scrivener" />
<Title Level="10" Male="Master Scribe" Female="Master Scribe" />
<Title Level="11" Male="Apprentice Alchemist" Female="Apprentice Alchemist" />
<Title Level="12" Male="Student of Alchemy" Female="Student of Alchemy " />
<Title Level="13" Male="Journeyman Alchemist" Female="Jourenywoman Alchemist" />
<Title Level="14" Male="Alchemist" Female="Alchemist" />
<Title Level="15" Male="Master of Alchemy" Female="Master of Alchemy" />
<Title Level="16" Male="Wizard" Female="Witch" />
<Title Level="17" Male="Sorcerer" Female="Sorceress" />
<Title Level="18" Male="Grand Sorcerer" Female="Grand Sorceress" />
<Title Level="19" Male="Master of Sorcery" Female="Mistress of Sorcery" />
<Title Level="20" Male="Channeler" Female="Channeler" />
<Title Level="21" Male="Maker of Stones" Female="Maker of Stones" />
<Title Level="22" Male="Maker of Wands" Female="Maker of Wands" />
<Title Level="23" Male="Maker of Potions" Female="Maker of Potions" />
<Title Level="24" Male="Maker of Staves" Female="Maker of Staves" />
<Title Level="25" Male="Craftsman" Female="Craftswoman" />
<Title Level="26" Male="Master Craftsman" Female="Mistress Craftswoman" />
<Title Level="27" Male="Student of Light" Female="Student of Light" />
<Title Level="28" Male="Student of Focus" Female="Student of Focus" />
<Title Level="29" Male="Student of Absorption" Female="Student of Absorption" />
<Title Level="30" Male="Student of Form" Female="Student of Form" />
<Title Level="31" Male="Student of Space" Female="Student of Space" />
<Title Level="32" Male="Student of Time" Female="Student of Time" />
<Title Level="33" Male="Wizard of Light" Female="Wizard of Light" />
<Title Level="34" Male="Wizard of Focus" Female="Wizard of Focus" />
<Title Level="35" Male="Wizard of Absorption" Female="Wizard of Absorption" />
<Title Level="36" Male="Wizard of Form" Female="Wizard of Form" />
<Title Level="37" Male="Wizard of Space" Female="Wizard of Space" />
<Title Level="38" Male="Temporal Wizard" Female="Temporal Wizard" />
<Title Level="39" Male="Temporal Master" Female="Temporal Mistress" />
<Title Level="40" Male="Mystic" Female="Mystic" />
<Title Level="41" Male="Grand Mystic" Female="Grand Mystic" />
<Title Level="42" Male="Master Mystic" Female="Mistress Mystic" />
<Title Level="43" Male="Archmage of Light" Female="Archmage of Light" />
<Title Level="44" Male="Archmage of Focus" Female="Archmage of Focus" />
<Title Level="45" Male="Archmage of Absorption" Female="Archmage of Absorption" />
<Title Level="46" Male="Archmage of Form" Female="Archmage of Form" />
<Title Level="47" Male="Archmage of Space" Female="Archmage of Space" />
<Title Level="48" Male="Temporal Archmage" Female="Temporal Archmage" />
<Title Level="49" Male="Archmage of Mystism" Female="Archmage of Mystism" />
<Title Level="50" Male="Archmage of Channeling" Female="Archmage of Channeling" />
<Title Level="51" Male="Hero of Magical Transferance" Female="Heroine of Magical Transferance" />
<Title Level="52" Male="Avatar of Magic" Female="Avatar of Magic" />
<Title Level="53" Male="Angel of Magic" Female="Angel of Magic" />
<Title Level="54" Male="Demigod of Magic" Female="Demigoddess of Magic" />
<Title Level="55" Male="Immortal of Magic" Female="Immortal of Magic" />
<Title Level="56" Male="God of Magic" Female="Goddess of Magic" />
<Title Level="57" Male="Deity of Magic" Female="Deity of Magic" />
<Title Level="58" Male="Supremity of Magic" Female="Supremity of Magic" />
<Title Level="59" Male="Creator" Female="Creator" />
<Title Level="60" Male="Implementor" Female="Implementress" />
</Guild>
