<Guild Name="paladin">
<Title Level="0" Male="Man" Female="Woman" />
<Title Level="1" Male="Paladin Pupil" Female="Paladin Pupil" />
<Title Level="2" Male="Scullery Man" Female="Scullery Maid" />
<Title Level="3" Male="Squire Candidate" Female="Squire Candidate" />
<Title Level="4" Male="Shield Bearer" Female="Shield Bearer" />
<Title Level="5" Male="Sword Bearer" Female="Sword Bearer" />
<Title Level="6" Male="Bow Bearer" Female="Bow Bearer" />
<Title Level="7" Male="Standard Bearer" Female="Standard Bearer" />
<Title Level="8" Male="Horseman" Female="Horsewoman" />
<Title Level="9" Male="Squire Initiate" Female="Squire Initiate" />
<Title Level="10" Male="Squire" Female="Squire" />
<Title Level="11" Male="Footman" Female="Footwoman" />
<Title Level="12" Male="Pikeman" Female="Pikewoman" />
<Title Level="13" Male="Bowman" Female="Bowwoman" />
<Title Level="14" Male="Swordsman" Female="Swordsman" />
<Title Level="15" Male="Honorable" Female="Honorable" />
<Title Level="16" Male="Noble" Female="Noble" />
<Title Level="17" Male="Trustworthy" Female="Trustworthy" />
<Title Level="18" Male="Truthful" Female="Truthful" />
<Title Level="19" Male="Chivalrous" Female="Chivalrous" />
<Title Level="20" Male="Paladin" Female="Paladin" />
<Title Level="21" Male="Questor" Female="Questor" />
<Title Level="22" Male="Cavalier" Female="Cavalier" />
<Title Level="23" Male="Champion" Female="Champion" />
<Title Level="24" Male="Knight of Renown" Female="Knight of Renown" />
<Title Level="25" Male="Paladin Knight" Female="Paladin Knight" />
<Title Level="26" Male="Templar Initiate" Female="Templar Initiate" />
<Title Level="27" Male="Priest-Knight" Female="Priestess-Knight" />
<Title Level="28" Male="Knight of the Cross" Female="Knight of the Cross" />
<Title Level="29" Male="Champion of the Cross" Female="Champion of the Cross" />
<Title Level="30" Male="Knight Templar" Female="Lady Templar" />
<Title Level="31" Male="Warrior of the White Rose" Female="Warrior of the White Rose" />
<Title Level="32" Male="Knight of the White Rose" Female="Lady of the White Rose" />
<Title Level="33" Male="Master of the White Rose" Female="Mistress of the White Rose" />
<Title Level="34" Male="Prince of the White Rose" Female="Princess of the White Rose" />
<Title Level="35" Male="King of the White Rose" Female="Queen of the White Rose" />
<Title Level="36" Male="Valiant" Female="Valiant" />
<Title Level="37" Male="Courageous" Female="Courageous" />
<Title Level="38" Male="Healer-Knight" Female="Healer-Lady" />
<Title Level="39" Male="Avenger" Female="Avenger" />
<Title Level="40" Male="Defender" Female="Defender" />
<Title Level="41" Male="Protector of Innocents" Female="Protector of Innocents" />
<Title Level="42" Male="Champion of Innocents" Female="Champion of Innocents" />
<Title Level="43" Male="Champion of the Templars" Female="Champion of the Templars" />
<Title Level="44" Male="Priest of the Templars" Female="Priestess of the Templars" />
<Title Level="45" Male="High Priest of the Templars" Female="High Priestess of the Templars" />
<Title Level="46" Male="Lord of the Templars" Female="Lady of the Templars" />
<Title Level="47" Male="Hammer of Heretics" Female="Hammer of Heretics" />
<Title Level="48" Male="Slayer of Infidels" Female="Slayer of Infidels" />
<Title Level="49" Male="Pious" Female="Pious" />
<Title Level="50" Male="Holy Knight" Female="Holy Lady" />
<Title Level="51" Male="Paladin Hero" Female="Paladin Heroine" />
<Title Level="52" Male="Avatar" Female="Avatar" />
<Title Level="53" Male="Angel" Female="Angel" />
<Title Level="54" Male="Demigod" Female="Demigoddess" />
<Title Level="55" Male="Immortal" Female="Immortal" />
<Title Level="56" Male="God" Female="Goddess" />
<Title Level="57" Male="Deity" Female="Deity" />
<Title Level="58" Male="Supremity" Female="Supremity" />
<Title Level="59" Male="Creator" Female="Creator" />
<Title Level="60" Male="Implementor" Female="Implementress" />
</Guild>
