<Guild Name="ranger">
<Title Level="0" Male="Man" Female="Woman" />
<Title Level="1" Male="Forest Pupil" Female="Forest Pupil" />
<Title Level="2" Male="Forest Recruit" Female="Forest Recruit" />
<Title Level="3" Male="Forest Squire" Female="Forest Squire" />
<Title Level="4" Male="Forester" Female="Forester" />
<Title Level="5" Male="Apprentice Forester" Female="Apprentice Forester" />
<Title Level="6" Male="Forester" Female="Forester" />
<Title Level="7" Male="Master Forester" Female="Mistress Forester" />
<Title Level="8" Male="Trapper" Female="Trapper" />
<Title Level="9" Male="Hunter" Female="Hunter" />
<Title Level="10" Male="Scout" Female="Scout" />
<Title Level="11" Male="Master Scout" Female="Mistress Scout" />
<Title Level="12" Male="Tracker" Female="Tracker" />
<Title Level="13" Male="Master Tracker" Female="Master Tracker" />
<Title Level="14" Male="Forest Walker" Female="Forest Walker" />
<Title Level="15" Male="Woodsman" Female="Woodswoman" />
<Title Level="16" Male="Master Woodsman" Female="Mistress Woodswoman" />
<Title Level="17" Male="Ranger Initiate" Female="Ranger Initiate" />
<Title Level="18" Male="Ranger Candidate" Female="Ranger Candidate" />
<Title Level="19" Male="Ranger Squire" Female="Ranger Squire" />
<Title Level="20" Male="Apprentice Ranger" Female="Apprentice Ranger" />
<Title Level="21" Male="Ranger" Female="Ranger" />
<Title Level="22" Male="Greater Ranger" Female="Greater Ranger" />
<Title Level="23" Male="Ranger Captain" Female="Ranger Captain" />
<Title Level="24" Male="Ranger General" Female="Ranger General" />
<Title Level="25" Male="Master Ranger" Female="Mistress Ranger" />
<Title Level="26" Male="Ranger Lord" Female="Ranger Lady" />
<Title Level="27" Male="Ranger Baron" Female="Ranger Baroness" />
<Title Level="28" Male="Ranger Prince" Female="Ranger Princess" />
<Title Level="29" Male="Ranger King" Female="Ranger Queen" />
<Title Level="30" Male="Warder" Female="Warder" />
<Title Level="31" Male="Warder Captain" Female="Warder Captain" />
<Title Level="32" Male="Warder General" Female="Warder General" />
<Title Level="33" Male="Master of Warders" Female="Master of Warders" />
<Title Level="34" Male="Lord of Warders" Female="Lady of Warders" />
<Title Level="35" Male="Warder Baron" Female="Warder Baroness" />
<Title Level="36" Male="Warder Prince" Female="Warder Princess" />
<Title Level="37" Male="Warder King" Female="Warder King" />
<Title Level="38" Male="Warrior of the Forest" Female="Warrior of the Forest" />
<Title Level="39" Male="Sword of the Forest" Female="Sword of the Forest" />
<Title Level="40" Male="Knight of the Forest" Female="Knight of the Forest" />
<Title Level="41" Male="Master of the Forest" Female="Mistress of the Forest" />
<Title Level="42" Male="Lord of the Forest" Female="Lady of the Forest" />
<Title Level="43" Male="Baron of the Forest" Female="Baron of the Forest" />
<Title Level="44" Male="Prince of the Forest" Female="Princess of the Forest" />
<Title Level="45" Male="King of the Forest" Female="Queen of the Forest" />
<Title Level="46" Male="Watcher of the Glade" Female="Watcher of the Glade" />
<Title Level="47" Male="Defender of the Glade" Female="Defender of the Glade" />
<Title Level="48" Male="Keeper of the Glade" Female="Keeper of the Glade" />
<Title Level="49" Male="Preserver of Nature" Female="Preserver of Nature" />
<Title Level="50" Male="Supreme Protector of Nature" Female="Supreme Protector of Nature" />
<Title Level="51" Male="Ranger Hero" Female="Ranger Heroine" />
<Title Level="52" Male="Avatar" Female="Avatar" />
<Title Level="53" Male="Angel" Female="Angel" />
<Title Level="54" Male="Demigod" Female="Demigoddess" />
<Title Level="55" Male="Immortal" Female="Immortal" />
<Title Level="56" Male="God" Female="Goddess" />
<Title Level="57" Male="Deity" Female="Deity" />
<Title Level="58" Male="Supremity" Female="Supremity" />
<Title Level="59" Male="Creator" Female="Creator" />
<Title Level="60" Male="Implementor" Female="Implementress" />
</Guild>
