<Guild Name="rogue">
<Title Level="0" Male="Man" Female="Woman" />
<Title Level="1" Male="Pilferer" Female="Pilferess" />
<Title Level="2" Male="Footpad" Female="Footpad" />
<Title Level="3" Male="Filcher" Female="Filcheress" />
<Title Level="4" Male="Pick-Pocket" Female="Pick-Pocket" />
<Title Level="5" Male="Sneak" Female="Sneak" />
<Title Level="6" Male="Pincher" Female="Pincheress" />
<Title Level="7" Male="Cut-Purse" Female="Cut-Purse" />
<Title Level="8" Male="Snatcher" Female="Snatcheress" />
<Title Level="9" Male="Sharper" Female="Sharpress" />
<Title Level="10" Male="Rogue" Female="Rogue" />
<Title Level="11" Male="Robber" Female="Robber" />
<Title Level="12" Male="Magsman" Female="Magswoman" />
<Title Level="13" Male="Highwayman" Female="Highwaywoman" />
<Title Level="14" Male="Burglar" Female="Burglaress" />
<Title Level="15" Male="Thief" Female="Thief" />
<Title Level="16" Male="Knifer" Female="Knifer" />
<Title Level="17" Male="Quick-Blade" Female="Quick-Blade" />
<Title Level="18" Male="Killer" Female="Murderess" />
<Title Level="19" Male="Brigand" Female="Brigand" />
<Title Level="20" Male="Cut-Throat" Female="Cut-Throat" />
<Title Level="21" Male="Spy" Female="Spy" />
<Title Level="22" Male="Grand Spy" Female="Grand Spy" />
<Title Level="23" Male="Master Spy" Female="Master Spy" />
<Title Level="24" Male="Greater Thief" Female="Greater Thief" />
<Title Level="25" Male="Master of Thievery" Female="Mistress of Thievery" />
<Title Level="26" Male="Master of Vision" Female="Mistress of Vision" />
<Title Level="27" Male="Master of Hearing" Female="Mistress of Hearing" />
<Title Level="28" Male="Master of Smell" Female="Mistress of Smell" />
<Title Level="29" Male="Master of Taste" Female="Mistress of Taste" />
<Title Level="30" Male="Master of Touch" Female="Mistress of Touch" />
<Title Level="31" Male="Crime Lord" Female="Crime Mistress" />
<Title Level="32" Male="Infamous Crime Lord" Female="Infamous Crime Mistress" />
<Title Level="33" Male="Greater Crime Lord" Female="Greater Crime Mistress" />
<Title Level="34" Male="Master Crime Lord" Female="Master Crime Mistress" />
<Title Level="35" Male="Godfather" Female="Godmother" />
<Title Level="36" Male="Student of Speed" Female="Student of Speed" />
<Title Level="37" Male="Learned of Speed" Female="Learned of Speed" />
<Title Level="38" Male="Master of Speed" Female="Mistress of Speed" />
<Title Level="39" Male="Shadow" Female="Shadow" />
<Title Level="40" Male="Master of Shadows" Female="Mistress of Shadows" />
<Title Level="41" Male="Hidden" Female="Hidden" />
<Title Level="42" Male="Unseen" Female="Unseen" />
<Title Level="43" Male="Undetectable" Female="Undetectable" />
<Title Level="44" Male="Untouchable" Female="Untouchable" />
<Title Level="45" Male="Covert" Female="Covert" />
<Title Level="46" Male="Master of Disguise" Female="Mistress of Disguise" />
<Title Level="47" Male="Master Blackjacker" Female="Mistress Blackjacker" />
<Title Level="48" Male="Master Backstabber" Female="Mistress Backstabber" />
<Title Level="49" Male="Master of the Blade" Female="Mistress of the Blade" />
<Title Level="50" Male="Grand Master of Thieves" Female="Grand Mistress of Thieves" />
<Title Level="51" Male="Thief Hero" Female="Thief Heroine" />
<Title Level="52" Male="Avatar" Female="Avatar" />
<Title Level="53" Male="Angel" Female="Angel" />
<Title Level="54" Male="Demigod" Female="Demigoddess" />
<Title Level="55" Male="Immortal" Female="Immortal" />
<Title Level="56" Male="God" Female="God" />
<Title Level="57" Male="Deity" Female="Deity" />
<Title Level="58" Male="Supreme Master" Female="Supreme Mistress" />
<Title Level="59" Male="Creator" Female="Creator" />
<Title Level="60" Male="Implementor" Female="Implementress" />
</Guild>
