<Guild Name="warrior">
<Title Level="0" Male="Man" Female="Woman" />
<Title Level="1" Male="Swordpupil" Female="Swordpupil" />
<Title Level="2" Male="Recruit" Female="Recruit" />
<Title Level="3" Male="Sentry" Female="Sentress" />
<Title Level="4" Male="Fighter" Female="Fighter" />
<Title Level="5" Male="Soldier" Female="Soldier" />
<Title Level="6" Male="Warrior" Female="Warrior" />
<Title Level="7" Male="Veteran" Female="Veteran" />
<Title Level="8" Male="Swordsman" Female="Swordswoman" />
<Title Level="9" Male="Fencer" Female="Fenceress" />
<Title Level="10" Male="Combatant" Female="Combatess" />
<Title Level="11" Male="Hero" Female="Heroine" />
<Title Level="12" Male="Myrmidon" Female="Myrmidon" />
<Title Level="13" Male="Swashbuckler" Female="Swashbuckleress" />
<Title Level="14" Male="Mercenary" Female="Mercenaress" />
<Title Level="15" Male="Swordmaster" Female="Swordmistress" />
<Title Level="16" Male="Lieutenant" Female="Lieutenant" />
<Title Level="17" Male="Champion" Female="Lady Champion" />
<Title Level="18" Male="Dragoon" Female="Lady Dragoon" />
<Title Level="19" Male="Cavalier" Female="Lady Cavalier" />
<Title Level="20" Male="Knight" Female="Lady Knight" />
<Title Level="21" Male="Grand Knight" Female="Grand Knight" />
<Title Level="22" Male="Master Knight" Female="Master Knight" />
<Title Level="23" Male="Grand Warrior" Female="Grand Warrior" />
<Title Level="24" Male="Greater Combatant" Female="Greater Combatant" />
<Title Level="25" Male="Demon Slayer" Female="Demon Slayer" />
<Title Level="26" Male="Greater Demon Slayer" Female="Greater Demon Slayer" />
<Title Level="27" Male="Dragon Slayer" Female="Dragon Slayer" />
<Title Level="28" Male="Greater Dragon Slayer" Female="Greater Dragon Slayer" />
<Title Level="29" Male="Underlord" Female="Underlord" />
<Title Level="30" Male="Overlord" Female="Overlord" />
<Title Level="31" Male="Baron of Thunder" Female="Baroness of Thunder" />
<Title Level="32" Male="Baron of Storms" Female="Baroness of Storms" />
<Title Level="33" Male="Baron of Tornadoes" Female="Baroness of Tornadoes" />
<Title Level="34" Male="Baron of Hurricanes" Female="Baroness of Hurricanes" />
<Title Level="35" Male="Baron of Meteors" Female="Baroness of Meteors" />
<Title Level="36" Male="Rock Crusher" Female="Rock Crusher" />
<Title Level="37" Male="Shield Cleaver" Female="Shield Cleaver" />
<Title Level="38" Male="Student of War" Female="Student of War" />
<Title Level="39" Male="Learned of War" Female="Learned of War" />
<Title Level="40" Male="Master of War" Female="Mistress of War" />
<Title Level="41" Male="Bone Shatterer" Female="Bone Shatterer" />
<Title Level="42" Male="Skull Cracker" Female="Skull Cracker" />
<Title Level="43" Male="Armor Splitter" Female="Armor Splitter" />
<Title Level="44" Male="Sword Breaker" Female="Sword Breaker" />
<Title Level="45" Male="Weapon Master" Female="Weapon Mistress" />
<Title Level="46" Male="Student of Battle" Female="Student of Battle" />
<Title Level="47" Male="Learned of Battle" Female="Learned of Battle" />
<Title Level="48" Male="Master of Battle" Female="Mistress of Battle" />
<Title Level="49" Male="Grand Battle Master" Female="Grand Battle Mistress" />
<Title Level="50" Male="Supreme Battle Master" Female="Supreme Battle Mistress" />
<Title Level="51" Male="Knight Hero" Female="Knight Heroine" />
<Title Level="52" Male="Avatar" Female="Avatar" />
<Title Level="53" Male="Angel" Female="Angel" />
<Title Level="54" Male="Demigod" Female="Demigoddess" />
<Title Level="55" Male="Immortal" Female="Immortal" />
<Title Level="56" Male="God" Female="God" />
<Title Level="57" Male="Deity" Female="Deity" />
<Title Level="58" Male="Supreme Master" Female="Supreme Mistress" />
<Title Level="59" Male="Creator" Female="Creator" />
<Title Level="60" Male="Implementor" Female="Implementress" />
</Guild>
