﻿<?xml version="1.0" encoding="utf-8"?>
<Area>
  <AreaData>
    <Name>Agape</Name>
    <Info></Info>
    <VnumStart>111</VnumStart>
    <VnumEnd>199</VnumEnd>
    <MinimumLevel>1</MinimumLevel>
    <MaximumLevel>51</MaximumLevel>
    <Builders></Builders>
    <Security>0</Security>
    <Credits></Credits>
    <Continent>Mainland</Continent>
    <OverRoomVnum>0</OverRoomVnum>
  </AreaData>
  <Rooms>
    <Room>
      <VNum>111</VNum>
      <Name>The Shore of the Sea of Agape</Name>
      <Description>Sands of a beautiful yellow colour stretch out to the south, while to the
west a beautiful sea of blue and green can be seen.  You notice towards what
seems to be the middle of the see is an island with a blindingly white
building upon it.</Description>
      <Sector>Desert</Sector>
      <Flags></Flags>
      <Exits>
        <Exit>
          <Direction>East</Direction>
          <Destination>120</Destination>
          <Display>the door east</Display>
          <Keywords></Keywords>
          <Description></Description>
          <Flags></Flags>
          <Keys>0</Keys>
          <ExitSize>Giant</ExitSize>
        </Exit>
        <Exit>
          <Direction>South</Direction>
          <Destination>112</Destination>
          <Display>the door south</Display>
          <Keywords></Keywords>
          <Description></Description>
          <Flags></Flags>
          <Keys>0</Keys>
          <ExitSize>Giant</ExitSize>
        </Exit>
      </Exits>
      <ExtraDescriptions />
    </Room>
    <Room>
      <VNum>112</VNum>
      <Name>The Shore of the Sea of Agape</Name>
      <Description>Sands of a beautiful yellow colour stretch out to the south, while to the
west a beautiful sea of blue and green can be seen.  You notice towards what
seems to be the middle of the see is an island with a blindingly white
building upon it.</Description>
      <Sector>Desert</Sector>
      <Flags></Flags>
      <Exits>
        <Exit>
          <Direction>North</Direction>
          <Destination>111</Destination>
          <Display>the door north</Display>
          <Keywords></Keywords>
          <Description></Description>
          <Flags></Flags>
          <Keys>0</Keys>
          <ExitSize>Giant</ExitSize>
        </Exit>
        <Exit>
          <Direction>East</Direction>
          <Destination>119</Destination>
          <Display>the door east</Display>
          <Keywords></Keywords>
          <Description></Description>
          <Flags></Flags>
          <Keys>0</Keys>
          <ExitSize>Giant</ExitSize>
        </Exit>
        <Exit>
          <Direction>South</Direction>
          <Destination>113</Destination>
          <Display>the door south</Display>
          <Keywords></Keywords>
          <Description></Description>
          <Flags></Flags>
          <Keys>0</Keys>
          <ExitSize>Giant</ExitSize>
        </Exit>
      </Exits>
      <ExtraDescriptions />
    </Room>
    <Room>
      <VNum>113</VNum>
      <Name>The Shore of the Sea of Agape</Name>
      <Description>Sands of a beautiful yellow colour stretch out to the south, while to the
west a beautiful sea of blue and green can be seen.  You notice towards what
seems to be the middle of the see is an island with a blindingly white
building upon it.</Description>
      <Sector>Desert</Sector>
      <Flags></Flags>
      <Exits>
        <Exit>
          <Direction>North</Direction>
          <Destination>112</Destination>
          <Display>the door north</Display>
          <Keywords></Keywords>
          <Description></Description>
          <Flags></Flags>
          <Keys>0</Keys>
          <ExitSize>Giant</ExitSize>
        </Exit>
        <Exit>
          <Direction>East</Direction>
          <Destination>118</Destination>
          <Display>the door east</Display>
          <Keywords></Keywords>
          <Description></Description>
          <Flags></Flags>
          <Keys>0</Keys>
          <ExitSize>Giant</ExitSize>
        </Exit>
        <Exit>
          <Direction>South</Direction>
          <Destination>114</Destination>
          <Display>the door south</Display>
          <Keywords></Keywords>
          <Description></Description>
          <Flags></Flags>
          <Keys>0</Keys>
          <ExitSize>Giant</ExitSize>
        </Exit>
      </Exits>
      <ExtraDescriptions />
    </Room>
    <Room>
      <VNum>114</VNum>
      <Name>The Shore of the Sea of Agape</Name>
      <Description>Sands of a beautiful yellow colour stretch out to the south, while to the
west a beautiful sea of blue and green can be seen.  You notice towards what
seems to be the middle of the see is an island with a blindingly white
building upon it.</Description>
      <Sector>Desert</Sector>
      <Flags></Flags>
      <Exits>
        <Exit>
          <Direction>North</Direction>
          <Destination>113</Destination>
          <Display>the door north</Display>
          <Keywords></Keywords>
          <Description></Description>
          <Flags></Flags>
          <Keys>0</Keys>
          <ExitSize>Giant</ExitSize>
        </Exit>
        <Exit>
          <Direction>East</Direction>
          <Destination>117</Destination>
          <Display>the door east</Display>
          <Keywords></Keywords>
          <Description></Description>
          <Flags></Flags>
          <Keys>0</Keys>
          <ExitSize>Giant</ExitSize>
        </Exit>
        <Exit>
          <Direction>South</Direction>
          <Destination>115</Destination>
          <Display>the door south</Display>
          <Keywords></Keywords>
          <Description></Description>
          <Flags></Flags>
          <Keys>0</Keys>
          <ExitSize>Giant</ExitSize>
        </Exit>
      </Exits>
      <ExtraDescriptions />
    </Room>
    <Room>
      <VNum>115</VNum>
      <Name>The Shore of the Sea of Agape</Name>
      <Description>Sands of a beautiful yellow colour stretch out to the south, while to the
west a beautiful sea of blue and green can be seen.  You notice towards what
seems to be the middle of the see is an island with a blindingly white
building upon it.</Description>
      <Sector>Desert</Sector>
      <Flags></Flags>
      <Exits>
        <Exit>
          <Direction>North</Direction>
          <Destination>114</Destination>
          <Display>the door north</Display>
          <Keywords></Keywords>
          <Description></Description>
          <Flags></Flags>
          <Keys>0</Keys>
          <ExitSize>Giant</ExitSize>
        </Exit>
        <Exit>
          <Direction>East</Direction>
          <Destination>116</Destination>
          <Display>the door east</Display>
          <Keywords></Keywords>
          <Description></Description>
          <Flags></Flags>
          <Keys>0</Keys>
          <ExitSize>Giant</ExitSize>
        </Exit>
      </Exits>
      <ExtraDescriptions />
    </Room>
    <Room>
      <VNum>116</VNum>
      <Name>Just Off the Shore</Name>
      <Description>The sea is rather comfortable in temperature, it feels like silky warm
bath water.  You can stretch out and swim as long as you want without being
worried about bumping into someone else.  It is so nice floating here you
feel as if you could fall asleep and no danger would come to you.</Description>
      <Sector>WaterNoSwim</Sector>
      <Flags></Flags>
      <Exits>
        <Exit>
          <Direction>North</Direction>
          <Destination>117</Destination>
          <Display>the door north</Display>
          <Keywords></Keywords>
          <Description></Description>
          <Flags></Flags>
          <Keys>0</Keys>
          <ExitSize>Giant</ExitSize>
        </Exit>
        <Exit>
          <Direction>East</Direction>
          <Destination>122</Destination>
          <Display>the door east</Display>
          <Keywords></Keywords>
          <Description></Description>
          <Flags></Flags>
          <Keys>0</Keys>
          <ExitSize>Giant</ExitSize>
        </Exit>
        <Exit>
          <Direction>West</Direction>
          <Destination>115</Destination>
          <Display>the door west</Display>
          <Keywords></Keywords>
          <Description></Description>
          <Flags></Flags>
          <Keys>0</Keys>
          <ExitSize>Giant</ExitSize>
        </Exit>
      </Exits>
      <ExtraDescriptions />
    </Room>
    <Room>
      <VNum>117</VNum>
      <Name>Just Off the Shore</Name>
      <Description>The sea is rather comfortable in temperature, it feels like silky warm
bath water.  You can stretch out and swim as long as you want without being
worried about bumping into someone else.  It is so nice floating here you
feel as if you could fall asleep and no danger would come to you.</Description>
      <Sector>WaterNoSwim</Sector>
      <Flags></Flags>
      <Exits>
        <Exit>
          <Direction>North</Direction>
          <Destination>118</Destination>
          <Display>the door north</Display>
          <Keywords></Keywords>
          <Description></Description>
          <Flags></Flags>
          <Keys>0</Keys>
          <ExitSize>Giant</ExitSize>
        </Exit>
        <Exit>
          <Direction>East</Direction>
          <Destination>121</Destination>
          <Display>the door east</Display>
          <Keywords></Keywords>
          <Description></Description>
          <Flags></Flags>
          <Keys>0</Keys>
          <ExitSize>Giant</ExitSize>
        </Exit>
        <Exit>
          <Direction>South</Direction>
          <Destination>116</Destination>
          <Display>the door south</Display>
          <Keywords></Keywords>
          <Description></Description>
          <Flags></Flags>
          <Keys>0</Keys>
          <ExitSize>Giant</ExitSize>
        </Exit>
        <Exit>
          <Direction>West</Direction>
          <Destination>114</Destination>
          <Display>the door west</Display>
          <Keywords></Keywords>
          <Description></Description>
          <Flags></Flags>
          <Keys>0</Keys>
          <ExitSize>Giant</ExitSize>
        </Exit>
      </Exits>
      <ExtraDescriptions />
    </Room>
    <Room>
      <VNum>118</VNum>
      <Name>Just Off the Shore</Name>
      <Description>The sea is rather comfortable in temperature, it feels like silky warm
bath water.  You can stretch out and swim as long as you want without being
worried about bumping into someone else.  It is so nice floating here you
feel as if you could fall asleep and no danger would come to you.</Description>
      <Sector>WaterNoSwim</Sector>
      <Flags></Flags>
      <Exits>
        <Exit>
          <Direction>North</Direction>
          <Destination>119</Destination>
          <Display>the door north</Display>
          <Keywords></Keywords>
          <Description></Description>
          <Flags></Flags>
          <Keys>0</Keys>
          <ExitSize>Giant</ExitSize>
        </Exit>
        <Exit>
          <Direction>South</Direction>
          <Destination>117</Destination>
          <Display>the door south</Display>
          <Keywords></Keywords>
          <Description></Description>
          <Flags></Flags>
          <Keys>0</Keys>
          <ExitSize>Giant</ExitSize>
        </Exit>
        <Exit>
          <Direction>West</Direction>
          <Destination>113</Destination>
          <Display>the door west</Display>
          <Keywords></Keywords>
          <Description></Description>
          <Flags></Flags>
          <Keys>0</Keys>
          <ExitSize>Giant</ExitSize>
        </Exit>
      </Exits>
      <ExtraDescriptions />
    </Room>
    <Room>
      <VNum>119</VNum>
      <Name>Just Off the Shore</Name>
      <Description>The sea is rather comfortable in temperature, it feels like silky warm
bath water.  You can stretch out and swim as long as you want without being
worried about bumping into someone else.  It is so nice floating here you
feel as if you could fall asleep and no danger would come to you.</Description>
      <Sector>WaterNoSwim</Sector>
      <Flags></Flags>
      <Exits>
        <Exit>
          <Direction>North</Direction>
          <Destination>120</Destination>
          <Display>the door north</Display>
          <Keywords></Keywords>
          <Description></Description>
          <Flags></Flags>
          <Keys>0</Keys>
          <ExitSize>Giant</ExitSize>
        </Exit>
        <Exit>
          <Direction>South</Direction>
          <Destination>118</Destination>
          <Display>the door south</Display>
          <Keywords></Keywords>
          <Description></Description>
          <Flags></Flags>
          <Keys>0</Keys>
          <ExitSize>Giant</ExitSize>
        </Exit>
        <Exit>
          <Direction>West</Direction>
          <Destination>112</Destination>
          <Display>the door west</Display>
          <Keywords></Keywords>
          <Description></Description>
          <Flags></Flags>
          <Keys>0</Keys>
          <ExitSize>Giant</ExitSize>
        </Exit>
      </Exits>
      <ExtraDescriptions />
    </Room>
    <Room>
      <VNum>120</VNum>
      <Name>Just Off the Shore</Name>
      <Description>The sea is rather comfortable in temperature, it feels like silky warm
bath water.  You can stretch out and swim as long as you want without being
worried about bumping into someone else.  It is so nice floating here you
feel as if you could fall asleep and no danger would come to you.</Description>
      <Sector>WaterNoSwim</Sector>
      <Flags></Flags>
      <Exits>
        <Exit>
          <Direction>South</Direction>
          <Destination>119</Destination>
          <Display>the door south</Display>
          <Keywords></Keywords>
          <Description></Description>
          <Flags></Flags>
          <Keys>0</Keys>
          <ExitSize>Giant</ExitSize>
        </Exit>
        <Exit>
          <Direction>West</Direction>
          <Destination>111</Destination>
          <Display>the door west</Display>
          <Keywords></Keywords>
          <Description></Description>
          <Flags></Flags>
          <Keys>0</Keys>
          <ExitSize>Giant</ExitSize>
        </Exit>
      </Exits>
      <ExtraDescriptions />
    </Room>
    <Room>
      <VNum>121</VNum>
      <Name>On the Sea of Agape</Name>
      <Description>The water is a crystal blue and green colour.  Just below the surface you
can see there is much movement.  On the water you feel at peace with the
world and a great happiness enters your heart.  You can see out in the
distance that there are life forms moving around.</Description>
      <Sector>WaterNoSwim</Sector>
      <Flags></Flags>
      <Exits>
        <Exit>
          <Direction>North</Direction>
          <Destination>123</Destination>
          <Display>the door north</Display>
          <Keywords></Keywords>
          <Description></Description>
          <Flags></Flags>
          <Keys>0</Keys>
          <ExitSize>Giant</ExitSize>
        </Exit>
        <Exit>
          <Direction>East</Direction>
          <Destination>129</Destination>
          <Display>the door east</Display>
          <Keywords></Keywords>
          <Description></Description>
          <Flags></Flags>
          <Keys>0</Keys>
          <ExitSize>Giant</ExitSize>
        </Exit>
        <Exit>
          <Direction>South</Direction>
          <Destination>122</Destination>
          <Display>the door south</Display>
          <Keywords></Keywords>
          <Description></Description>
          <Flags></Flags>
          <Keys>0</Keys>
          <ExitSize>Giant</ExitSize>
        </Exit>
        <Exit>
          <Direction>West</Direction>
          <Destination>117</Destination>
          <Display>the door west</Display>
          <Keywords></Keywords>
          <Description></Description>
          <Flags></Flags>
          <Keys>0</Keys>
          <ExitSize>Giant</ExitSize>
        </Exit>
      </Exits>
      <ExtraDescriptions />
    </Room>
    <Room>
      <VNum>122</VNum>
      <Name>On the Sea of Agape</Name>
      <Description>The water is a crystal blue and green colour.  Just below the surface you
can see there is much movement.  On the water you feel at peace with the
world and a great happiness enters your heart.  You can see out in the
distance that there are life forms moving around.</Description>
      <Sector>WaterNoSwim</Sector>
      <Flags></Flags>
      <Exits>
        <Exit>
          <Direction>North</Direction>
          <Destination>121</Destination>
          <Display>the door north</Display>
          <Keywords></Keywords>
          <Description></Description>
          <Flags></Flags>
          <Keys>0</Keys>
          <ExitSize>Giant</ExitSize>
        </Exit>
        <Exit>
          <Direction>East</Direction>
          <Destination>130</Destination>
          <Display>the door east</Display>
          <Keywords></Keywords>
          <Description></Description>
          <Flags></Flags>
          <Keys>0</Keys>
          <ExitSize>Giant</ExitSize>
        </Exit>
        <Exit>
          <Direction>West</Direction>
          <Destination>116</Destination>
          <Display>the door west</Display>
          <Keywords></Keywords>
          <Description></Description>
          <Flags></Flags>
          <Keys>0</Keys>
          <ExitSize>Giant</ExitSize>
        </Exit>
      </Exits>
      <ExtraDescriptions />
    </Room>
    <Room>
      <VNum>123</VNum>
      <Name>On the Sea of Agape</Name>
      <Description>The water is a crystal blue and green colour.  Just below the surface you
can see there is much movement.  On the water you feel at peace with the
world and a great happiness enters your heart.  You can see out in the
distance that there are life forms moving around.</Description>
      <Sector>WaterNoSwim</Sector>
      <Flags></Flags>
      <Exits>
        <Exit>
          <Direction>North</Direction>
          <Destination>124</Destination>
          <Display>the door north</Display>
          <Keywords></Keywords>
          <Description></Description>
          <Flags></Flags>
          <Keys>0</Keys>
          <ExitSize>Giant</ExitSize>
        </Exit>
        <Exit>
          <Direction>South</Direction>
          <Destination>121</Destination>
          <Display>the door south</Display>
          <Keywords></Keywords>
          <Description></Description>
          <Flags></Flags>
          <Keys>0</Keys>
          <ExitSize>Giant</ExitSize>
        </Exit>
      </Exits>
      <ExtraDescriptions />
    </Room>
    <Room>
      <VNum>124</VNum>
      <Name>On the Sea of Agape</Name>
      <Description>The water is a crystal blue and green colour.  Just below the surface you
can see there is much movement.  On the water you feel at peace with the
world and a great happiness enters your heart.  You can see out in the
distance that there are life forms moving around.</Description>
      <Sector>WaterNoSwim</Sector>
      <Flags></Flags>
      <Exits>
        <Exit>
          <Direction>North</Direction>
          <Destination>125</Destination>
          <Display>the door north</Display>
          <Keywords></Keywords>
          <Description></Description>
          <Flags></Flags>
          <Keys>0</Keys>
          <ExitSize>Giant</ExitSize>
        </Exit>
        <Exit>
          <Direction>East</Direction>
          <Destination>127</Destination>
          <Display>the door east</Display>
          <Keywords></Keywords>
          <Description></Description>
          <Flags></Flags>
          <Keys>0</Keys>
          <ExitSize>Giant</ExitSize>
        </Exit>
        <Exit>
          <Direction>South</Direction>
          <Destination>123</Destination>
          <Display>the door south</Display>
          <Keywords></Keywords>
          <Description></Description>
          <Flags></Flags>
          <Keys>0</Keys>
          <ExitSize>Giant</ExitSize>
        </Exit>
      </Exits>
      <ExtraDescriptions />
    </Room>
    <Room>
      <VNum>125</VNum>
      <Name>On the Sea of Agape</Name>
      <Description>The water is a crystal blue and green colour.  Just below the surface you
can see there is much movement.  On the water you feel at peace with the
world and a great happiness enters your heart.  You can see out in the
distance that there are life forms moving around.</Description>
      <Sector>WaterNoSwim</Sector>
      <Flags></Flags>
      <Exits>
        <Exit>
          <Direction>East</Direction>
          <Destination>126</Destination>
          <Display>the door east</Display>
          <Keywords></Keywords>
          <Description></Description>
          <Flags></Flags>
          <Keys>0</Keys>
          <ExitSize>Giant</ExitSize>
        </Exit>
        <Exit>
          <Direction>South</Direction>
          <Destination>124</Destination>
          <Display>the door south</Display>
          <Keywords></Keywords>
          <Description></Description>
          <Flags></Flags>
          <Keys>0</Keys>
          <ExitSize>Giant</ExitSize>
        </Exit>
      </Exits>
      <ExtraDescriptions />
    </Room>
    <Room>
      <VNum>126</VNum>
      <Name>On the Sea of Agape</Name>
      <Description>The water is a crystal blue and green colour.  Just below the surface you
can see there is much movement.  On the water you feel at peace with the
world and a great happiness enters your heart.  You can see out in the
distance that there are life forms moving around.</Description>
      <Sector>WaterNoSwim</Sector>
      <Flags></Flags>
      <Exits>
        <Exit>
          <Direction>East</Direction>
          <Destination>135</Destination>
          <Display>the door east</Display>
          <Keywords></Keywords>
          <Description></Description>
          <Flags></Flags>
          <Keys>0</Keys>
          <ExitSize>Giant</ExitSize>
        </Exit>
        <Exit>
          <Direction>South</Direction>
          <Destination>127</Destination>
          <Display>the door south</Display>
          <Keywords></Keywords>
          <Description></Description>
          <Flags></Flags>
          <Keys>0</Keys>
          <ExitSize>Giant</ExitSize>
        </Exit>
        <Exit>
          <Direction>West</Direction>
          <Destination>125</Destination>
          <Display>the door west</Display>
          <Keywords></Keywords>
          <Description></Description>
          <Flags></Flags>
          <Keys>0</Keys>
          <ExitSize>Giant</ExitSize>
        </Exit>
      </Exits>
      <ExtraDescriptions />
    </Room>
    <Room>
      <VNum>127</VNum>
      <Name>On the Sea of Agape</Name>
      <Description>The water is a crystal blue and green colour.  Just below the surface you
can see there is much movement.  On the water you feel at peace with the
world and a great happiness enters your heart.  You can see out in the
distance that there are life forms moving around.</Description>
      <Sector>WaterNoSwim</Sector>
      <Flags></Flags>
      <Exits>
        <Exit>
          <Direction>North</Direction>
          <Destination>126</Destination>
          <Display>the door north</Display>
          <Keywords></Keywords>
          <Description></Description>
          <Flags></Flags>
          <Keys>0</Keys>
          <ExitSize>Giant</ExitSize>
        </Exit>
        <Exit>
          <Direction>South</Direction>
          <Destination>128</Destination>
          <Display>the door south</Display>
          <Keywords></Keywords>
          <Description></Description>
          <Flags></Flags>
          <Keys>0</Keys>
          <ExitSize>Giant</ExitSize>
        </Exit>
        <Exit>
          <Direction>West</Direction>
          <Destination>124</Destination>
          <Display>the door west</Display>
          <Keywords></Keywords>
          <Description></Description>
          <Flags></Flags>
          <Keys>0</Keys>
          <ExitSize>Giant</ExitSize>
        </Exit>
      </Exits>
      <ExtraDescriptions />
    </Room>
    <Room>
      <VNum>128</VNum>
      <Name>On the Sea of Agape</Name>
      <Description>The water is a crystal blue and green colour.  Just below the surface you
can see there is much movement.  On the water you feel at peace with the
world and a great happiness enters your heart.  You can see out in the
distance that there are life forms moving around.</Description>
      <Sector>WaterNoSwim</Sector>
      <Flags></Flags>
      <Exits>
        <Exit>
          <Direction>North</Direction>
          <Destination>127</Destination>
          <Display>the door north</Display>
          <Keywords></Keywords>
          <Description></Description>
          <Flags></Flags>
          <Keys>0</Keys>
          <ExitSize>Giant</ExitSize>
        </Exit>
        <Exit>
          <Direction>South</Direction>
          <Destination>129</Destination>
          <Display>the door south</Display>
          <Keywords></Keywords>
          <Description></Description>
          <Flags></Flags>
          <Keys>0</Keys>
          <ExitSize>Giant</ExitSize>
        </Exit>
      </Exits>
      <ExtraDescriptions />
    </Room>
    <Room>
      <VNum>129</VNum>
      <Name>On the Sea of Agape</Name>
      <Description>The water is a crystal blue and green colour.  Just below the surface you
can see there is much movement.  On the water you feel at peace with the
world and a great happiness enters your heart.  You can see out in the
distance that there are life forms moving around.</Description>
      <Sector>WaterNoSwim</Sector>
      <Flags></Flags>
      <Exits>
        <Exit>
          <Direction>North</Direction>
          <Destination>128</Destination>
          <Display>the door north</Display>
          <Keywords></Keywords>
          <Description></Description>
          <Flags></Flags>
          <Keys>0</Keys>
          <ExitSize>Giant</ExitSize>
        </Exit>
        <Exit>
          <Direction>West</Direction>
          <Destination>121</Destination>
          <Display>the door west</Display>
          <Keywords></Keywords>
          <Description></Description>
          <Flags></Flags>
          <Keys>0</Keys>
          <ExitSize>Giant</ExitSize>
        </Exit>
      </Exits>
      <ExtraDescriptions />
    </Room>
    <Room>
      <VNum>130</VNum>
      <Name>On the Sea of Agape</Name>
      <Description>The water is a crystal blue and green colour.  Just below the surface you
can see there is much movement.  On the water you feel at peace with the
world and a great happiness enters your heart.  You can see out in the
distance that there are life forms moving around.</Description>
      <Sector>WaterNoSwim</Sector>
      <Flags></Flags>
      <Exits>
        <Exit>
          <Direction>East</Direction>
          <Destination>131</Destination>
          <Display>the door east</Display>
          <Keywords></Keywords>
          <Description></Description>
          <Flags></Flags>
          <Keys>0</Keys>
          <ExitSize>Giant</ExitSize>
        </Exit>
        <Exit>
          <Direction>West</Direction>
          <Destination>122</Destination>
          <Display>the door west</Display>
          <Keywords></Keywords>
          <Description></Description>
          <Flags></Flags>
          <Keys>0</Keys>
          <ExitSize>Giant</ExitSize>
        </Exit>
      </Exits>
      <ExtraDescriptions />
    </Room>
    <Room>
      <VNum>131</VNum>
      <Name>On the Sea of Agape</Name>
      <Description>The water is a crystal blue and green colour.  Just below the surface you
can see there is much movement.  On the water you feel at peace with the
world and a great happiness enters your heart.  You can see out in the
distance that there are life forms moving around.</Description>
      <Sector>WaterNoSwim</Sector>
      <Flags></Flags>
      <Exits>
        <Exit>
          <Direction>North</Direction>
          <Destination>132</Destination>
          <Display>the door north</Display>
          <Keywords></Keywords>
          <Description></Description>
          <Flags></Flags>
          <Keys>0</Keys>
          <ExitSize>Giant</ExitSize>
        </Exit>
        <Exit>
          <Direction>West</Direction>
          <Destination>130</Destination>
          <Display>the door west</Display>
          <Keywords></Keywords>
          <Description></Description>
          <Flags></Flags>
          <Keys>0</Keys>
          <ExitSize>Giant</ExitSize>
        </Exit>
      </Exits>
      <ExtraDescriptions />
    </Room>
    <Room>
      <VNum>132</VNum>
      <Name>On the Sea of Agape</Name>
      <Description>The water is a crystal blue and green colour.  Just below the surface you
can see there is much movement.  On the water you feel at peace with the
world and a great happiness enters your heart.  You can see out in the
distance that there are life forms moving around.</Description>
      <Sector>WaterNoSwim</Sector>
      <Flags></Flags>
      <Exits>
        <Exit>
          <Direction>East</Direction>
          <Destination>139</Destination>
          <Display>the door east</Display>
          <Keywords></Keywords>
          <Description></Description>
          <Flags></Flags>
          <Keys>0</Keys>
          <ExitSize>Giant</ExitSize>
        </Exit>
        <Exit>
          <Direction>South</Direction>
          <Destination>131</Destination>
          <Display>the door south</Display>
          <Keywords></Keywords>
          <Description></Description>
          <Flags></Flags>
          <Keys>0</Keys>
          <ExitSize>Giant</ExitSize>
        </Exit>
      </Exits>
      <ExtraDescriptions />
    </Room>
    <Room>
      <VNum>133</VNum>
      <Name>A Small Island</Name>
      <Description>The sand on here is very different from the sand on the shore.  It seems
softer, and is a brilliant white colour.  Looking around you notice that the
island isn't very big, maybe only a mile in each direction.  There is what
looks like a stair case, but it does not look to be held up by anything. 
The stairs are an opaque white marble looking material.  You feel the strong
urge to go up them.</Description>
      <Sector>Desert</Sector>
      <Flags></Flags>
      <Exits>
        <Exit>
          <Direction>East</Direction>
          <Destination>138</Destination>
          <Display>the door east</Display>
          <Keywords></Keywords>
          <Description></Description>
          <Flags></Flags>
          <Keys>0</Keys>
          <ExitSize>Giant</ExitSize>
        </Exit>
        <Exit>
          <Direction>Up</Direction>
          <Destination>151</Destination>
          <Display>the door up</Display>
          <Keywords></Keywords>
          <Description></Description>
          <Flags></Flags>
          <Keys>0</Keys>
          <ExitSize>Giant</ExitSize>
        </Exit>
      </Exits>
      <ExtraDescriptions />
    </Room>
    <Room>
      <VNum>134</VNum>
      <Name>On the Sea of Agape</Name>
      <Description>The water is a crystal blue and green colour.  Just below the surface you
can see there is much movement.  On the water you feel at peace with the
world and a great happiness enters your heart.  You can see out in the
distance that there are life forms moving around.</Description>
      <Sector>WaterNoSwim</Sector>
      <Flags></Flags>
      <Exits>
        <Exit>
          <Direction>North</Direction>
          <Destination>135</Destination>
          <Display>the door north</Display>
          <Keywords></Keywords>
          <Description></Description>
          <Flags></Flags>
          <Keys>0</Keys>
          <ExitSize>Giant</ExitSize>
        </Exit>
        <Exit>
          <Direction>East</Direction>
          <Destination>137</Destination>
          <Display>the door east</Display>
          <Keywords></Keywords>
          <Description></Description>
          <Flags></Flags>
          <Keys>0</Keys>
          <ExitSize>Giant</ExitSize>
        </Exit>
      </Exits>
      <ExtraDescriptions />
    </Room>
    <Room>
      <VNum>135</VNum>
      <Name>On the Sea of Agape</Name>
      <Description>The water is a crystal blue and green colour.  Just below the surface you
can see there is much movement.  On the water you feel at peace with the
world and a great happiness enters your heart.  You can see out in the
distance that there are life forms moving around.</Description>
      <Sector>WaterNoSwim</Sector>
      <Flags></Flags>
      <Exits>
        <Exit>
          <Direction>East</Direction>
          <Destination>136</Destination>
          <Display>the door east</Display>
          <Keywords></Keywords>
          <Description></Description>
          <Flags></Flags>
          <Keys>0</Keys>
          <ExitSize>Giant</ExitSize>
        </Exit>
        <Exit>
          <Direction>South</Direction>
          <Destination>134</Destination>
          <Display>the door south</Display>
          <Keywords></Keywords>
          <Description></Description>
          <Flags></Flags>
          <Keys>0</Keys>
          <ExitSize>Giant</ExitSize>
        </Exit>
        <Exit>
          <Direction>West</Direction>
          <Destination>126</Destination>
          <Display>the door west</Display>
          <Keywords></Keywords>
          <Description></Description>
          <Flags></Flags>
          <Keys>0</Keys>
          <ExitSize>Giant</ExitSize>
        </Exit>
      </Exits>
      <ExtraDescriptions />
    </Room>
    <Room>
      <VNum>136</VNum>
      <Name>On the Sea of Agape</Name>
      <Description>The water is a crystal blue and green colour.  Just below the surface you
can see there is much movement.  On the water you feel at peace with the
world and a great happiness enters your heart.  You can see out in the
distance that there are life forms moving around.</Description>
      <Sector>WaterNoSwim</Sector>
      <Flags></Flags>
      <Exits>
        <Exit>
          <Direction>East</Direction>
          <Destination>145</Destination>
          <Display>the door east</Display>
          <Keywords></Keywords>
          <Description></Description>
          <Flags></Flags>
          <Keys>0</Keys>
          <ExitSize>Giant</ExitSize>
        </Exit>
        <Exit>
          <Direction>West</Direction>
          <Destination>135</Destination>
          <Display>the door west</Display>
          <Keywords></Keywords>
          <Description></Description>
          <Flags></Flags>
          <Keys>0</Keys>
          <ExitSize>Giant</ExitSize>
        </Exit>
      </Exits>
      <ExtraDescriptions />
    </Room>
    <Room>
      <VNum>137</VNum>
      <Name>On the Sea of Agape</Name>
      <Description>The water is a crystal blue and green colour.  Just below the surface you
can see there is much movement.  On the water you feel at peace with the
world and a great happiness enters your heart.  You can see out in the
distance that there are life forms moving around.</Description>
      <Sector>WaterNoSwim</Sector>
      <Flags></Flags>
      <Exits>
        <Exit>
          <Direction>South</Direction>
          <Destination>138</Destination>
          <Display>the door south</Display>
          <Keywords></Keywords>
          <Description></Description>
          <Flags></Flags>
          <Keys>0</Keys>
          <ExitSize>Giant</ExitSize>
        </Exit>
        <Exit>
          <Direction>West</Direction>
          <Destination>134</Destination>
          <Display>the door west</Display>
          <Keywords></Keywords>
          <Description></Description>
          <Flags></Flags>
          <Keys>0</Keys>
          <ExitSize>Giant</ExitSize>
        </Exit>
      </Exits>
      <ExtraDescriptions />
    </Room>
    <Room>
      <VNum>138</VNum>
      <Name>On the Sea of Agape</Name>
      <Description>The water is a crystal blue and green colour.  Just below the surface you
can see there is much movement.  On the water you feel at peace with the
world and a great happiness enters your heart.  You can see out in the
distance that there are life forms moving around.</Description>
      <Sector>WaterNoSwim</Sector>
      <Flags></Flags>
      <Exits>
        <Exit>
          <Direction>North</Direction>
          <Destination>137</Destination>
          <Display>the door north</Display>
          <Keywords></Keywords>
          <Description></Description>
          <Flags></Flags>
          <Keys>0</Keys>
          <ExitSize>Giant</ExitSize>
        </Exit>
        <Exit>
          <Direction>West</Direction>
          <Destination>133</Destination>
          <Display>the door west</Display>
          <Keywords></Keywords>
          <Description></Description>
          <Flags></Flags>
          <Keys>0</Keys>
          <ExitSize>Giant</ExitSize>
        </Exit>
      </Exits>
      <ExtraDescriptions />
    </Room>
    <Room>
      <VNum>139</VNum>
      <Name>On the Sea of Agape</Name>
      <Description>The water is a crystal blue and green colour.  Just below the surface you
can see there is much movement.  On the water you feel at peace with the
world and a great happiness enters your heart.  You can see out in the
distance that there are life forms moving around.</Description>
      <Sector>WaterNoSwim</Sector>
      <Flags></Flags>
      <Exits>
        <Exit>
          <Direction>East</Direction>
          <Destination>142</Destination>
          <Display>the door east</Display>
          <Keywords></Keywords>
          <Description></Description>
          <Flags></Flags>
          <Keys>0</Keys>
          <ExitSize>Giant</ExitSize>
        </Exit>
        <Exit>
          <Direction>South</Direction>
          <Destination>140</Destination>
          <Display>the door south</Display>
          <Keywords></Keywords>
          <Description></Description>
          <Flags></Flags>
          <Keys>0</Keys>
          <ExitSize>Giant</ExitSize>
        </Exit>
        <Exit>
          <Direction>West</Direction>
          <Destination>132</Destination>
          <Display>the door west</Display>
          <Keywords></Keywords>
          <Description></Description>
          <Flags></Flags>
          <Keys>0</Keys>
          <ExitSize>Giant</ExitSize>
        </Exit>
      </Exits>
      <ExtraDescriptions />
    </Room>
    <Room>
      <VNum>140</VNum>
      <Name>On the Sea of Agape</Name>
      <Description>The water is a crystal blue and green colour.  Just below the surface you
can see there is much movement.  On the water you feel at peace with the
world and a great happiness enters your heart.  You can see out in the
distance that there are life forms moving around.</Description>
      <Sector>WaterNoSwim</Sector>
      <Flags></Flags>
      <Exits>
        <Exit>
          <Direction>North</Direction>
          <Destination>139</Destination>
          <Display>the door north</Display>
          <Keywords></Keywords>
          <Description></Description>
          <Flags></Flags>
          <Keys>0</Keys>
          <ExitSize>Giant</ExitSize>
        </Exit>
        <Exit>
          <Direction>East</Direction>
          <Destination>141</Destination>
          <Display>the door east</Display>
          <Keywords></Keywords>
          <Description></Description>
          <Flags></Flags>
          <Keys>0</Keys>
          <ExitSize>Giant</ExitSize>
        </Exit>
      </Exits>
      <ExtraDescriptions />
    </Room>
    <Room>
      <VNum>141</VNum>
      <Name>On the Sea of Agape</Name>
      <Description>The water is a crystal blue and green colour.  Just below the surface you
can see there is much movement.  On the water you feel at peace with the
world and a great happiness enters your heart.  You can see out in the
distance that there are life forms moving around.</Description>
      <Sector>WaterNoSwim</Sector>
      <Flags></Flags>
      <Exits>
        <Exit>
          <Direction>North</Direction>
          <Destination>142</Destination>
          <Display>the door north</Display>
          <Keywords></Keywords>
          <Description></Description>
          <Flags></Flags>
          <Keys>0</Keys>
          <ExitSize>Giant</ExitSize>
        </Exit>
        <Exit>
          <Direction>East</Direction>
          <Destination>150</Destination>
          <Display>the door east</Display>
          <Keywords></Keywords>
          <Description></Description>
          <Flags></Flags>
          <Keys>0</Keys>
          <ExitSize>Giant</ExitSize>
        </Exit>
        <Exit>
          <Direction>West</Direction>
          <Destination>140</Destination>
          <Display>the door west</Display>
          <Keywords></Keywords>
          <Description></Description>
          <Flags></Flags>
          <Keys>0</Keys>
          <ExitSize>Giant</ExitSize>
        </Exit>
      </Exits>
      <ExtraDescriptions />
    </Room>
    <Room>
      <VNum>142</VNum>
      <Name>On the Sea of Agape</Name>
      <Description>The water is a crystal blue and green colour.  Just below the surface you
can see there is much movement.  On the water you feel at peace with the
world and a great happiness enters your heart.  You can see out in the
distance that there are life forms moving around.</Description>
      <Sector>WaterNoSwim</Sector>
      <Flags></Flags>
      <Exits>
        <Exit>
          <Direction>North</Direction>
          <Destination>143</Destination>
          <Display>the door north</Display>
          <Keywords></Keywords>
          <Description></Description>
          <Flags></Flags>
          <Keys>0</Keys>
          <ExitSize>Giant</ExitSize>
        </Exit>
        <Exit>
          <Direction>South</Direction>
          <Destination>141</Destination>
          <Display>the door south</Display>
          <Keywords></Keywords>
          <Description></Description>
          <Flags></Flags>
          <Keys>0</Keys>
          <ExitSize>Giant</ExitSize>
        </Exit>
        <Exit>
          <Direction>West</Direction>
          <Destination>139</Destination>
          <Display>the door west</Display>
          <Keywords></Keywords>
          <Description></Description>
          <Flags></Flags>
          <Keys>0</Keys>
          <ExitSize>Giant</ExitSize>
        </Exit>
      </Exits>
      <ExtraDescriptions />
    </Room>
    <Room>
      <VNum>143</VNum>
      <Name>On the Sea of Agape</Name>
      <Description>The water is a crystal blue and green colour.  Just below the surface you
can see there is much movement.  On the water you feel at peace with the
world and a great happiness enters your heart.  You can see out in the
distance that there are life forms moving around.</Description>
      <Sector>WaterNoSwim</Sector>
      <Flags></Flags>
      <Exits>
        <Exit>
          <Direction>North</Direction>
          <Destination>144</Destination>
          <Display>the door north</Display>
          <Keywords></Keywords>
          <Description></Description>
          <Flags></Flags>
          <Keys>0</Keys>
          <ExitSize>Giant</ExitSize>
        </Exit>
        <Exit>
          <Direction>South</Direction>
          <Destination>142</Destination>
          <Display>the door south</Display>
          <Keywords></Keywords>
          <Description></Description>
          <Flags></Flags>
          <Keys>0</Keys>
          <ExitSize>Giant</ExitSize>
        </Exit>
      </Exits>
      <ExtraDescriptions />
    </Room>
    <Room>
      <VNum>144</VNum>
      <Name>On the Sea of Agape</Name>
      <Description>The water is a crystal blue and green colour.  Just below the surface you
can see there is much movement.  On the water you feel at peace with the
world and a great happiness enters your heart.  You can see out in the
distance that there are life forms moving around.</Description>
      <Sector>WaterNoSwim</Sector>
      <Flags></Flags>
      <Exits>
        <Exit>
          <Direction>North</Direction>
          <Destination>145</Destination>
          <Display>the door north</Display>
          <Keywords></Keywords>
          <Description></Description>
          <Flags></Flags>
          <Keys>0</Keys>
          <ExitSize>Giant</ExitSize>
        </Exit>
        <Exit>
          <Direction>East</Direction>
          <Destination>147</Destination>
          <Display>the door east</Display>
          <Keywords></Keywords>
          <Description></Description>
          <Flags></Flags>
          <Keys>0</Keys>
          <ExitSize>Giant</ExitSize>
        </Exit>
        <Exit>
          <Direction>South</Direction>
          <Destination>143</Destination>
          <Display>the door south</Display>
          <Keywords></Keywords>
          <Description></Description>
          <Flags></Flags>
          <Keys>0</Keys>
          <ExitSize>Giant</ExitSize>
        </Exit>
      </Exits>
      <ExtraDescriptions />
    </Room>
    <Room>
      <VNum>145</VNum>
      <Name>On the Sea of Agape</Name>
      <Description>The water is a crystal blue and green colour.  Just below the surface you
can see there is much movement.  On the water you feel at peace with the
world and a great happiness enters your heart.  You can see out in the
distance that there are life forms moving around.</Description>
      <Sector>WaterNoSwim</Sector>
      <Flags></Flags>
      <Exits>
        <Exit>
          <Direction>East</Direction>
          <Destination>146</Destination>
          <Display>the door east</Display>
          <Keywords></Keywords>
          <Description></Description>
          <Flags></Flags>
          <Keys>0</Keys>
          <ExitSize>Giant</ExitSize>
        </Exit>
        <Exit>
          <Direction>South</Direction>
          <Destination>144</Destination>
          <Display>the door south</Display>
          <Keywords></Keywords>
          <Description></Description>
          <Flags></Flags>
          <Keys>0</Keys>
          <ExitSize>Giant</ExitSize>
        </Exit>
        <Exit>
          <Direction>West</Direction>
          <Destination>136</Destination>
          <Display>the door west</Display>
          <Keywords></Keywords>
          <Description></Description>
          <Flags></Flags>
          <Keys>0</Keys>
          <ExitSize>Giant</ExitSize>
        </Exit>
      </Exits>
      <ExtraDescriptions />
    </Room>
    <Room>
      <VNum>146</VNum>
      <Name>On the Sea of Agape</Name>
      <Description>The water is a crystal blue and green colour.  Just below the surface you
can see there is much movement.  On the water you feel at peace with the
world and a great happiness enters your heart.  You can see out in the
distance that there are life forms moving around.</Description>
      <Sector>WaterNoSwim</Sector>
      <Flags></Flags>
      <Exits>
        <Exit>
          <Direction>South</Direction>
          <Destination>147</Destination>
          <Display>the door south</Display>
          <Keywords></Keywords>
          <Description></Description>
          <Flags></Flags>
          <Keys>0</Keys>
          <ExitSize>Giant</ExitSize>
        </Exit>
        <Exit>
          <Direction>West</Direction>
          <Destination>145</Destination>
          <Display>the door west</Display>
          <Keywords></Keywords>
          <Description></Description>
          <Flags></Flags>
          <Keys>0</Keys>
          <ExitSize>Giant</ExitSize>
        </Exit>
      </Exits>
      <ExtraDescriptions />
    </Room>
    <Room>
      <VNum>147</VNum>
      <Name>On the Sea of Agape</Name>
      <Description>The water is a crystal blue and green colour.  Just below the surface you
can see there is much movement.  On the water you feel at peace with the
world and a great happiness enters your heart.  You can see out in the
distance that there are life forms moving around.</Description>
      <Sector>WaterNoSwim</Sector>
      <Flags></Flags>
      <Exits>
        <Exit>
          <Direction>North</Direction>
          <Destination>146</Destination>
          <Display>the door north</Display>
          <Keywords></Keywords>
          <Description></Description>
          <Flags></Flags>
          <Keys>0</Keys>
          <ExitSize>Giant</ExitSize>
        </Exit>
        <Exit>
          <Direction>South</Direction>
          <Destination>148</Destination>
          <Display>the door south</Display>
          <Keywords></Keywords>
          <Description></Description>
          <Flags></Flags>
          <Keys>0</Keys>
          <ExitSize>Giant</ExitSize>
        </Exit>
        <Exit>
          <Direction>West</Direction>
          <Destination>144</Destination>
          <Display>the door west</Display>
          <Keywords></Keywords>
          <Description></Description>
          <Flags></Flags>
          <Keys>0</Keys>
          <ExitSize>Giant</ExitSize>
        </Exit>
      </Exits>
      <ExtraDescriptions />
    </Room>
    <Room>
      <VNum>148</VNum>
      <Name>On the Sea of Agape</Name>
      <Description>The water is a crystal blue and green colour.  Just below the surface you
can see there is much movement.  On the water you feel at peace with the
world and a great happiness enters your heart.  You can see out in the
distance that there are life forms moving around.</Description>
      <Sector>WaterNoSwim</Sector>
      <Flags></Flags>
      <Exits>
        <Exit>
          <Direction>North</Direction>
          <Destination>147</Destination>
          <Display>the door north</Display>
          <Keywords></Keywords>
          <Description></Description>
          <Flags></Flags>
          <Keys>0</Keys>
          <ExitSize>Giant</ExitSize>
        </Exit>
        <Exit>
          <Direction>South</Direction>
          <Destination>149</Destination>
          <Display>the door south</Display>
          <Keywords></Keywords>
          <Description></Description>
          <Flags></Flags>
          <Keys>0</Keys>
          <ExitSize>Giant</ExitSize>
        </Exit>
      </Exits>
      <ExtraDescriptions />
    </Room>
    <Room>
      <VNum>149</VNum>
      <Name>On the Sea of Agape</Name>
      <Description>The water is a crystal blue and green colour.  Just below the surface you
can see there is much movement.  On the water you feel at peace with the
world and a great happiness enters your heart.  You can see out in the
distance that there are life forms moving around.</Description>
      <Sector>WaterNoSwim</Sector>
      <Flags></Flags>
      <Exits>
        <Exit>
          <Direction>North</Direction>
          <Destination>148</Destination>
          <Display>the door north</Display>
          <Keywords></Keywords>
          <Description></Description>
          <Flags></Flags>
          <Keys>0</Keys>
          <ExitSize>Giant</ExitSize>
        </Exit>
        <Exit>
          <Direction>South</Direction>
          <Destination>150</Destination>
          <Display>the door south</Display>
          <Keywords></Keywords>
          <Description></Description>
          <Flags></Flags>
          <Keys>0</Keys>
          <ExitSize>Giant</ExitSize>
        </Exit>
      </Exits>
      <ExtraDescriptions />
    </Room>
    <Room>
      <VNum>150</VNum>
      <Name>On the Sea of Agape</Name>
      <Description>The water is a crystal blue and green colour.  Just below the surface you
can see there is much movement.  On the water you feel at peace with the
world and a great happiness enters your heart.  You can see out in the
distance that there are life forms moving around.</Description>
      <Sector>WaterNoSwim</Sector>
      <Flags></Flags>
      <Exits>
        <Exit>
          <Direction>North</Direction>
          <Destination>149</Destination>
          <Display>the door north</Display>
          <Keywords></Keywords>
          <Description></Description>
          <Flags></Flags>
          <Keys>0</Keys>
          <ExitSize>Giant</ExitSize>
        </Exit>
        <Exit>
          <Direction>West</Direction>
          <Destination>141</Destination>
          <Display>the door west</Display>
          <Keywords></Keywords>
          <Description></Description>
          <Flags></Flags>
          <Keys>0</Keys>
          <ExitSize>Giant</ExitSize>
        </Exit>
      </Exits>
      <ExtraDescriptions />
    </Room>
    <Room>
      <VNum>151</VNum>
      <Name>A Beautiful Staircase</Name>
      <Description>This stair case is all together unordinary, but you can't help but be in
awe of it.  It doesn't feel like you are really walking on anything, it's
almost as if you are walking on air, so you have to continually keep looking
down to make sure you are not going to lose your footing and fall.</Description>
      <Sector>Inside</Sector>
      <Flags></Flags>
      <Exits>
        <Exit>
          <Direction>Up</Direction>
          <Destination>152</Destination>
          <Display>the door up</Display>
          <Keywords></Keywords>
          <Description></Description>
          <Flags></Flags>
          <Keys>0</Keys>
          <ExitSize>Giant</ExitSize>
        </Exit>
        <Exit>
          <Direction>Down</Direction>
          <Destination>133</Destination>
          <Display>the door down</Display>
          <Keywords></Keywords>
          <Description></Description>
          <Flags></Flags>
          <Keys>0</Keys>
          <ExitSize>Giant</ExitSize>
        </Exit>
      </Exits>
      <ExtraDescriptions />
    </Room>
    <Room>
      <VNum>152</VNum>
      <Name>A Great Arch</Name>
      <Description>The stairs have finally ended into this magnificent entrance.  You can
tell it is a grand place and someone important must live here, why else
would someone take the great trouble of building such an extravigant
building.  Noticing you are above the clouds is a little unsettling, but the
creature with wings peering at you has caught your interest.</Description>
      <Sector>Inside</Sector>
      <Flags></Flags>
      <Exits>
        <Exit>
          <Direction>East</Direction>
          <Destination>153</Destination>
          <Display>the door east</Display>
          <Keywords></Keywords>
          <Description></Description>
          <Flags></Flags>
          <Keys>0</Keys>
          <ExitSize>Giant</ExitSize>
        </Exit>
        <Exit>
          <Direction>Down</Direction>
          <Destination>151</Destination>
          <Display>the door down</Display>
          <Keywords></Keywords>
          <Description></Description>
          <Flags></Flags>
          <Keys>0</Keys>
          <ExitSize>Giant</ExitSize>
        </Exit>
      </Exits>
      <ExtraDescriptions />
    </Room>
    <Room>
      <VNum>153</VNum>
      <Name>A Hallway of Grandure</Name>
      <Description>This long hallway has two large and very long windows on each side.  Each
window has a beautiful view of clouds and the sea mingled together.  The
floor has very ornate rugs going through the middle of the room.  You see
movement in the next room and a smell of roses is now wafting through the
air.</Description>
      <Sector>Inside</Sector>
      <Flags></Flags>
      <Exits>
        <Exit>
          <Direction>East</Direction>
          <Destination>154</Destination>
          <Display>the door east</Display>
          <Keywords></Keywords>
          <Description></Description>
          <Flags></Flags>
          <Keys>0</Keys>
          <ExitSize>Giant</ExitSize>
        </Exit>
        <Exit>
          <Direction>West</Direction>
          <Destination>152</Destination>
          <Display>the door west</Display>
          <Keywords></Keywords>
          <Description></Description>
          <Flags></Flags>
          <Keys>0</Keys>
          <ExitSize>Giant</ExitSize>
        </Exit>
      </Exits>
      <ExtraDescriptions />
    </Room>
    <Room>
      <VNum>154</VNum>
      <Name>A Shrine of Peace and Love</Name>
      <Description>This room is in the shape of a gazebo, instead of walls the room is open
and what little wall is left is in the shape of polls.  Obviously this place
was made with great love and care, it just eminates from the scenery and the
structure in which you are standing.  Looking around it is hard not to
notice the beautiful life-like statue in the middle of the room.</Description>
      <Sector>Inside</Sector>
      <Flags></Flags>
      <Exits>
        <Exit>
          <Direction>West</Direction>
          <Destination>153</Destination>
          <Display>the door west</Display>
          <Keywords></Keywords>
          <Description></Description>
          <Flags></Flags>
          <Keys>0</Keys>
          <ExitSize>Giant</ExitSize>
        </Exit>
      </Exits>
      <ExtraDescriptions />
    </Room>
  </Rooms>
  <NPCs />
  <Items />
  <Resets />
</Area>