﻿<?xml version="1.0" encoding="utf-8"?>
<Area>
  <AreaData>
    <Name>Caverns of Reflection</Name>
    <Info></Info>
    <VnumStart>30800</VnumStart>
    <VnumEnd>30807</VnumEnd>
    <MinimumLevel>0</MinimumLevel>
    <MaximumLevel>1</MaximumLevel>
    <Builders></Builders>
    <Security>0</Security>
    <Credits></Credits>
    <Continent>Mainland</Continent>
    <OverRoomVnum>0</OverRoomVnum>
  </AreaData>
  <Rooms>
    <Room>
      <VNum>30800</VNum>
      <Name>Cave Mouth</Name>
      <Description>Barely visible from above or below due to the natural barrier of
Moosewood tree branches, a cave entrance is found.  Moosewood is commonly
found within the foothills of the Crooked Tooth Mountains and the broad
leaves all but cover up the entrance.  You realize that had it not been for
just the proper amount of light, this cave may have been totally missed. 
Once past the overgrown brush and branches, you can see that the tunnel
beyond the entrance is tall enough for a dwarf to walk upright through, but
anyone taller would need to stoop.  You can continue down the path to the
east, or enter the cave entrance to the north.</Description>
      <Sector>Mountain</Sector>
      <Flags></Flags>
      <Exits>
        <Exit>
          <Direction>North</Direction>
          <Destination>30803</Destination>
          <Display>the door north</Display>
          <Keywords></Keywords>
          <Description></Description>
          <Flags></Flags>
          <Keys>0</Keys>
          <ExitSize>Giant</ExitSize>
        </Exit>
        <Exit>
          <Direction>East</Direction>
          <Destination>30802</Destination>
          <Display>the door east</Display>
          <Keywords></Keywords>
          <Description></Description>
          <Flags></Flags>
          <Keys>0</Keys>
          <ExitSize>Giant</ExitSize>
        </Exit>
        <Exit>
          <Direction>West</Direction>
          <Destination>30801</Destination>
          <Display>the door west</Display>
          <Keywords></Keywords>
          <Description></Description>
          <Flags></Flags>
          <Keys>0</Keys>
          <ExitSize>Giant</ExitSize>
        </Exit>
      </Exits>
      <ExtraDescriptions>
        <ExtraDescription>
          <Keyword>cave</Keyword>
          <Description>An overgrown cave entrance is here, barely visible behind the Moosewood tree branches.</Description>
        </ExtraDescription>
      </ExtraDescriptions>
    </Room>
    <Room>
      <VNum>30801</VNum>
      <Name>Path Through the Mountain Foothills</Name>
      <Description>You are on a narrow path through the foothills of the Crooked Tooth
Mountains.  The ground is overgrown with brush, and the thickening presence
of wide-leafed Moosewood trees help create a gloomy atmosphere that even the
heartiest of travelers would find disquieting.  You can climb back up the
path to the west, or continue downward to the east.</Description>
      <Sector>Mountain</Sector>
      <Flags></Flags>
      <Exits>
        <Exit>
          <Direction>East</Direction>
          <Destination>30800</Destination>
          <Display>the door east</Display>
          <Keywords></Keywords>
          <Description></Description>
          <Flags></Flags>
          <Keys>0</Keys>
          <ExitSize>Giant</ExitSize>
        </Exit>
      </Exits>
      <ExtraDescriptions />
    </Room>
    <Room>
      <VNum>30802</VNum>
      <Name>Path Through the Mountain Foothills</Name>
      <Description>You are on a narrow path through the foothills of the Crooked Tooth
Mountains.  The ground is overgrown with brush, and the thickening presence
of wide-leafed Moosewood trees help create a gloomy atmosphere that even the
heartiest of travelers would find disquieting.  You can climb back up the
path to the west, or continue downward to the east.</Description>
      <Sector>Mountain</Sector>
      <Flags></Flags>
      <Exits>
        <Exit>
          <Direction>West</Direction>
          <Destination>30800</Destination>
          <Display>the door west</Display>
          <Keywords></Keywords>
          <Description></Description>
          <Flags></Flags>
          <Keys>0</Keys>
          <ExitSize>Giant</ExitSize>
        </Exit>
      </Exits>
      <ExtraDescriptions />
    </Room>
    <Room>
      <VNum>30803</VNum>
      <Name>Tunnel Entrance</Name>
      <Description>As you enter the tunnel, you can immediately see that this is not a
natural cave, but something that was carved out of the stone by some ancient
means.  As you look further down the tunnel, the darkness deepens, and the
tunnel is quickly swallowed up in gloom.</Description>
      <Sector>Mountain</Sector>
      <Flags></Flags>
      <Exits>
        <Exit>
          <Direction>North</Direction>
          <Destination>30804</Destination>
          <Display>the door north</Display>
          <Keywords></Keywords>
          <Description></Description>
          <Flags></Flags>
          <Keys>0</Keys>
          <ExitSize>Giant</ExitSize>
        </Exit>
        <Exit>
          <Direction>South</Direction>
          <Destination>30800</Destination>
          <Display>the door south</Display>
          <Keywords></Keywords>
          <Description>You see the light from the tunnel entrance.</Description>
          <Flags></Flags>
          <Keys>0</Keys>
          <ExitSize>Giant</ExitSize>
        </Exit>
      </Exits>
      <ExtraDescriptions />
    </Room>
    <Room>
      <VNum>30804</VNum>
      <Name>Dark Tunnel</Name>
      <Description>The walls of the tunnel are damp to the touch, and scarred deeply from
some unknown tool or weapon.  You barely see ahead of you to the north, as
the tunnel descends deeper and appears darker in that direction.  To the
south you see less darkness, and the tunnel climbing upwards.</Description>
      <Sector>Mountain</Sector>
      <Flags></Flags>
      <Exits>
        <Exit>
          <Direction>North</Direction>
          <Destination>30805</Destination>
          <Display>the door north</Display>
          <Keywords></Keywords>
          <Description></Description>
          <Flags></Flags>
          <Keys>0</Keys>
          <ExitSize>Giant</ExitSize>
        </Exit>
        <Exit>
          <Direction>South</Direction>
          <Destination>30803</Destination>
          <Display>the door south</Display>
          <Keywords></Keywords>
          <Description></Description>
          <Flags></Flags>
          <Keys>0</Keys>
          <ExitSize>Giant</ExitSize>
        </Exit>
      </Exits>
      <ExtraDescriptions>
        <ExtraDescription>
          <Keyword>walls</Keyword>
          <Description>The deep scars in the tunnel walls suggest something very large and very
hard had to have been used.</Description>
        </ExtraDescription>
      </ExtraDescriptions>
    </Room>
    <Room>
      <VNum>30805</VNum>
      <Name>Dark Tunnel</Name>
      <Description>The tunnel floor has a thin layer of dust which has only been disturbed
by your recent passing.  A depression in the right side of the tunnel wall
can be seen, inclining to a small ledge, which is also scarred deeply in the
same manner as the cave walls.  You can continue your decent deeper into the
darkness to the north, or turn south and upward.</Description>
      <Sector>Mountain</Sector>
      <Flags></Flags>
      <Exits>
        <Exit>
          <Direction>South</Direction>
          <Destination>30804</Destination>
          <Display>the door south</Display>
          <Keywords></Keywords>
          <Description></Description>
          <Flags></Flags>
          <Keys>0</Keys>
          <ExitSize>Giant</ExitSize>
        </Exit>
        <Exit>
          <Direction>Up</Direction>
          <Destination>30806</Destination>
          <Display>the door up</Display>
          <Keywords></Keywords>
          <Description>You see a small ledge above, and wonder if you could climb up to the top.</Description>
          <Flags></Flags>
          <Keys>0</Keys>
          <ExitSize>Giant</ExitSize>
        </Exit>
      </Exits>
      <ExtraDescriptions>
        <ExtraDescription>
          <Keyword>ledge</Keyword>
          <Description>It looks possible to climb up the ledge, which may offer some protection
from the darkness, if your looking for a place to rest.</Description>
        </ExtraDescription>
      </ExtraDescriptions>
    </Room>
    <Room>
      <VNum>30806</VNum>
      <Name>Above a Small Ledge</Name>
      <Description>The floor of this ledge is worn smooth, as if from frequent use by
travelers.  The ledge is high enough off the main tunnel floor to offer some
minor protection from predators.  Or, at least, from the ones without the
ability to climb.  Upon closer inspection, you notice a small passage that
leads to the east.  Anyone on the tunnel floor would not have been able to
see the passage.</Description>
      <Sector>Mountain</Sector>
      <Flags></Flags>
      <Exits>
        <Exit>
          <Direction>East</Direction>
          <Destination>30807</Destination>
          <Display>the door east</Display>
          <Keywords></Keywords>
          <Description></Description>
          <Flags>Hidden Window</Flags>
          <Keys>0</Keys>
          <ExitSize>Giant</ExitSize>
        </Exit>
        <Exit>
          <Direction>Down</Direction>
          <Destination>30805</Destination>
          <Display>the door down</Display>
          <Keywords></Keywords>
          <Description></Description>
          <Flags></Flags>
          <Keys>0</Keys>
          <ExitSize>Giant</ExitSize>
        </Exit>
      </Exits>
      <ExtraDescriptions>
        <ExtraDescription>
          <Keyword>passage</Keyword>
          <Description>A smaller passage to the east can be seen, but the height is too short
walk through.</Description>
        </ExtraDescription>
      </ExtraDescriptions>
    </Room>
    <Room>
      <VNum>30807</VNum>
      <Name>Small Passageway</Name>
      <Description>A small passageway runs east and west.  There is hardly any standing
room, and it's obvious if you're to continue, it will need to be on your
knees.</Description>
      <Sector>Mountain</Sector>
      <Flags></Flags>
      <Exits>
        <Exit>
          <Direction>West</Direction>
          <Destination>30806</Destination>
          <Display>the door west</Display>
          <Keywords></Keywords>
          <Description></Description>
          <Flags>Hidden Window</Flags>
          <Keys>0</Keys>
          <ExitSize>Giant</ExitSize>
        </Exit>
      </Exits>
      <ExtraDescriptions />
    </Room>
  </Rooms>
  <NPCs>
    <NPC>
      <Vnum>30800</Vnum>
      <name>dwarf spirit</name>
      <description>A dwarven spirit looks about with empty eye sockets, obviously agitated
about something.  It can't seem to make up it's mind on which direction it
should go.  Remnants of standard-issue dwarven battle armor hang loosely
from it's form.  The armor, which was designed to withstand blows from
mighty weapons of iron, steel, or mithril, offer's little protection to the
now ghostly form of this spirit.</description>
      <longDescription>A lost dwarven spirit is here, moaning about some task it was supposed to have finished.</longDescription>
      <shortDescription>a moaning, lost Dwarven Spirit</shortDescription>
      <Sex>Male</Sex>
      <level>46</level>
      <HitPointDiceSides>25</HitPointDiceSides>
      <HitPointDiceCount>50</HitPointDiceCount>
      <HitPointDiceBonus>1000</HitPointDiceBonus>
      <ManaPointDiceSides>10</ManaPointDiceSides>
      <ManaPointDiceCount>40</ManaPointDiceCount>
      <ManaPointDiceBonus>1000</ManaPointDiceBonus>
      <trust>46</trust>
      <hitpoints>920</hitpoints>
      <maxhitpoints>920</maxhitpoints>
      <manapoints>0</manapoints>
      <maxmanapoints>0</maxmanapoints>
      <movementpoints>0</movementpoints>
      <maxmovementpoints>0</maxmovementpoints>
      <ArmorBash>-170</ArmorBash>
      <ArmorSlash>-170</ArmorSlash>
      <ArmorPierce>-170</ArmorPierce>
      <ArmorExotic>-100</ArmorExotic>
      <size>Medium</size>
      <race>undead</race>
      <alignment>Neutral</alignment>
      <ethos>0</ethos>
      <hitroll>45</hitroll>
      <damRoll>46</damRoll>
      <armorclass>0</armorclass>
      <silver>0</silver>
      <gold>100</gold>
      <SavingThrow>0</SavingThrow>
      <Guild></Guild>
      <flags>NPC Sentinel Aggressive</flags>
      <immune></immune>
      <resist></resist>
      <vulnerable></vulnerable>
      <affectedBy>DetectInvis PassDoor DarkVision</affectedBy>
      <WiznetFlags></WiznetFlags>
      <WeaponDamageMessage>punch</WeaponDamageMessage>
      <DamageDiceSides>11</DamageDiceSides>
      <DamageDiceCount>18</DamageDiceCount>
      <DamageDiceBonus>20</DamageDiceBonus>
      <PermanentStats>
        <Strength>16</Strength>
        <Wisdom>16</Wisdom>
        <Intelligence>16</Intelligence>
        <Dexterity>16</Dexterity>
        <Constitution>16</Constitution>
        <Charisma>16</Charisma>
      </PermanentStats>
    </NPC>
    <NPC>
      <Vnum>30801</Vnum>
      <name>dwarf spirit</name>
      <description>A dwarven spirit looks about with empty eye sockets, obviously agitated
about something.  It can't seem to make up it's mind on which direction it
should go.  Remnants of standard-issue dwarven battle armor hang loosely
from it's form.  The armor, which was designed to withstand blows from
mighty weapons of iron, steel, or mithril, offer's little protection to the
now ghostly form of this spirit.</description>
      <longDescription>A lost dwarven spirit is here, moaning obsessively about something.</longDescription>
      <shortDescription>a moaning, lost Dwarven Spirit</shortDescription>
      <Sex>Female</Sex>
      <level>47</level>
      <HitPointDiceSides>25</HitPointDiceSides>
      <HitPointDiceCount>50</HitPointDiceCount>
      <HitPointDiceBonus>1000</HitPointDiceBonus>
      <ManaPointDiceSides>10</ManaPointDiceSides>
      <ManaPointDiceCount>40</ManaPointDiceCount>
      <ManaPointDiceBonus>1000</ManaPointDiceBonus>
      <trust>47</trust>
      <hitpoints>940</hitpoints>
      <maxhitpoints>940</maxhitpoints>
      <manapoints>0</manapoints>
      <maxmanapoints>0</maxmanapoints>
      <movementpoints>0</movementpoints>
      <maxmovementpoints>0</maxmovementpoints>
      <ArmorBash>-170</ArmorBash>
      <ArmorSlash>-170</ArmorSlash>
      <ArmorPierce>-170</ArmorPierce>
      <ArmorExotic>-100</ArmorExotic>
      <size>Medium</size>
      <race>undead</race>
      <alignment>Neutral</alignment>
      <ethos>0</ethos>
      <hitroll>45</hitroll>
      <damRoll>47</damRoll>
      <armorclass>0</armorclass>
      <silver>0</silver>
      <gold>100</gold>
      <SavingThrow>0</SavingThrow>
      <Guild></Guild>
      <flags>NPC Sentinel Aggressive</flags>
      <immune></immune>
      <resist></resist>
      <vulnerable></vulnerable>
      <affectedBy>DetectInvis PassDoor DarkVision</affectedBy>
      <WiznetFlags></WiznetFlags>
      <WeaponDamageMessage>punch</WeaponDamageMessage>
      <DamageDiceSides>11</DamageDiceSides>
      <DamageDiceCount>18</DamageDiceCount>
      <DamageDiceBonus>20</DamageDiceBonus>
      <PermanentStats>
        <Strength>16</Strength>
        <Wisdom>16</Wisdom>
        <Intelligence>16</Intelligence>
        <Dexterity>16</Dexterity>
        <Constitution>16</Constitution>
        <Charisma>16</Charisma>
      </PermanentStats>
    </NPC>
  </NPCs>
  <Items>
    <Item>
      <VNum>30801</VNum>
      <Name>ring golden</Name>
      <ShortDescription>a bright, golden ring</ShortDescription>
      <LongDescription>A perfectly-forged, slender ring made of gold is here.</LongDescription>
      <Description></Description>
      <Level>51</Level>
      <WeaponDamageType>none</WeaponDamageType>
      <WeaponType>None</WeaponType>
      <DiceSides>1</DiceSides>
      <DiceCount>1</DiceCount>
      <DiceBonus>1</DiceBonus>
      <Weight>0.2</Weight>
      <WearFlags>Take Finger</WearFlags>
      <ExtraFlags>Glow</ExtraFlags>
      <ItemTypes>Armor</ItemTypes>
      <Affects>
        <Affect where="ToObject" level="0" duration="-1" location="SavingRod" modifier="3" hidden="False" affectType="Spell">
          <ExtraState />
        </Affect>
        <Affect where="ToObject" level="0" duration="-1" location="Hitroll" modifier="4" hidden="False" affectType="Spell">
          <ExtraState />
        </Affect>
        <Affect where="ToObject" level="0" duration="-1" location="Damroll" modifier="1" hidden="False" affectType="Spell">
          <ExtraState />
        </Affect>
      </Affects>
      <Silver>0</Silver>
      <Gold>0</Gold>
      <Cost>0</Cost>
      <Nutrition>0</Nutrition>
      <Liquid></Liquid>
      <MaxWeight>0</MaxWeight>
      <Material>gold</Material>
      <Charges>0</Charges>
      <MaxCharges>0</MaxCharges>
      <MaxDurability>100</MaxDurability>
      <ArmorBash>25</ArmorBash>
      <ArmorSlash>25</ArmorSlash>
      <ArmorPierce>25</ArmorPierce>
      <ArmorExotic>25</ArmorExotic>
      <ExtraDescriptions />
    </Item>
    <Item>
      <VNum>30802</VNum>
      <Name>cloak</Name>
      <ShortDescription>a golden cloak</ShortDescription>
      <LongDescription>A pile of shimmering cloth made from fine-spun gold is here.</LongDescription>
      <Description></Description>
      <Level>51</Level>
      <WeaponDamageType>none</WeaponDamageType>
      <WeaponType>None</WeaponType>
      <DiceSides>1</DiceSides>
      <DiceCount>1</DiceCount>
      <DiceBonus>1</DiceBonus>
      <Weight>0.4</Weight>
      <WearFlags>Take Neck</WearFlags>
      <ExtraFlags>Glow</ExtraFlags>
      <ItemTypes>Armor</ItemTypes>
      <Affects>
        <Affect where="ToObject" level="0" duration="-1" location="Hitroll" modifier="5" hidden="False" affectType="Spell">
          <ExtraState />
        </Affect>
        <Affect where="ToObject" level="0" duration="-1" location="Damroll" modifier="5" hidden="False" affectType="Spell">
          <ExtraState />
        </Affect>
        <Affect where="ToObject" level="0" duration="-1" location="Dexterity" modifier="2" hidden="False" affectType="Spell">
          <ExtraState />
        </Affect>
        <Affect where="ToObject" level="0" duration="-1" location="SavingSpell" modifier="10" hidden="False" affectType="Spell">
          <ExtraState />
        </Affect>
      </Affects>
      <Silver>0</Silver>
      <Gold>0</Gold>
      <Cost>0</Cost>
      <Nutrition>0</Nutrition>
      <Liquid></Liquid>
      <MaxWeight>0</MaxWeight>
      <Material>cloth</Material>
      <Charges>0</Charges>
      <MaxCharges>0</MaxCharges>
      <MaxDurability>100</MaxDurability>
      <ArmorBash>25</ArmorBash>
      <ArmorSlash>25</ArmorSlash>
      <ArmorPierce>25</ArmorPierce>
      <ArmorExotic>25</ArmorExotic>
      <ExtraDescriptions />
    </Item>
    <Item>
      <VNum>30803</VNum>
      <Name>plate breastplate</Name>
      <ShortDescription>a mithril breastplate</ShortDescription>
      <LongDescription>A polished breastplate made entirely of mithril is here.</LongDescription>
      <Description></Description>
      <Level>51</Level>
      <WeaponDamageType>none</WeaponDamageType>
      <WeaponType>None</WeaponType>
      <DiceSides>1</DiceSides>
      <DiceCount>1</DiceCount>
      <DiceBonus>1</DiceBonus>
      <Weight>1.8</Weight>
      <WearFlags>Take Body</WearFlags>
      <ExtraFlags>Glow</ExtraFlags>
      <ItemTypes>Armor</ItemTypes>
      <Affects>
        <Affect where="ToObject" level="0" duration="-1" location="Hitpoints" modifier="100" hidden="False" affectType="Spell">
          <ExtraState />
        </Affect>
        <Affect where="ToObject" level="0" duration="-1" location="Dexterity" modifier="5" hidden="False" affectType="Spell">
          <ExtraState />
        </Affect>
        <Affect where="ToObject" level="0" duration="-1" location="Str" modifier="5" hidden="False" affectType="Spell">
          <ExtraState />
        </Affect>
        <Affect where="ToObject" level="0" duration="-1" location="Hitroll" modifier="5" hidden="False" affectType="Spell">
          <ExtraState />
        </Affect>
        <Affect where="ToObject" level="0" duration="-1" location="Damroll" modifier="5" hidden="False" affectType="Spell">
          <ExtraState />
        </Affect>
      </Affects>
      <Silver>0</Silver>
      <Gold>0</Gold>
      <Cost>0</Cost>
      <Nutrition>0</Nutrition>
      <Liquid></Liquid>
      <MaxWeight>0</MaxWeight>
      <Material>Mithril</Material>
      <Charges>0</Charges>
      <MaxCharges>0</MaxCharges>
      <MaxDurability>100</MaxDurability>
      <ArmorBash>25</ArmorBash>
      <ArmorSlash>25</ArmorSlash>
      <ArmorPierce>25</ArmorPierce>
      <ArmorExotic>25</ArmorExotic>
      <ExtraDescriptions />
    </Item>
    <Item>
      <VNum>30804</VNum>
      <Name>silver helm</Name>
      <ShortDescription>a dented silver helm</ShortDescription>
      <LongDescription>A polished silver helm with a dent on the left side is here.</LongDescription>
      <Description></Description>
      <Level>51</Level>
      <WeaponDamageType>none</WeaponDamageType>
      <WeaponType>None</WeaponType>
      <DiceSides>1</DiceSides>
      <DiceCount>1</DiceCount>
      <DiceBonus>1</DiceBonus>
      <Weight>0.9</Weight>
      <WearFlags>Take Head</WearFlags>
      <ExtraFlags>Glow</ExtraFlags>
      <ItemTypes>Armor</ItemTypes>
      <Affects>
        <Affect where="ToObject" level="0" duration="-1" location="Hitroll" modifier="5" hidden="False" affectType="Spell">
          <ExtraState />
        </Affect>
        <Affect where="ToObject" level="0" duration="-1" location="Hitpoints" modifier="50" hidden="False" affectType="Spell">
          <ExtraState />
        </Affect>
        <Affect where="ToObject" level="0" duration="-1" location="SavingSpell" modifier="-20" hidden="False" affectType="Spell">
          <ExtraState />
        </Affect>
        <Affect where="ToObject" level="0" duration="-1" location="Wisdom" modifier="5" hidden="False" affectType="Spell">
          <ExtraState />
        </Affect>
      </Affects>
      <Silver>0</Silver>
      <Gold>0</Gold>
      <Cost>0</Cost>
      <Nutrition>0</Nutrition>
      <Liquid></Liquid>
      <MaxWeight>0</MaxWeight>
      <Material>silver</Material>
      <Charges>0</Charges>
      <MaxCharges>0</MaxCharges>
      <MaxDurability>100</MaxDurability>
      <ArmorBash>18</ArmorBash>
      <ArmorSlash>15</ArmorSlash>
      <ArmorPierce>14</ArmorPierce>
      <ArmorExotic>18</ArmorExotic>
      <ExtraDescriptions />
    </Item>
    <Item>
      <VNum>30805</VNum>
      <Name>silver plated leggings</Name>
      <ShortDescription>a polished pair of silver-plated leggings</ShortDescription>
      <LongDescription>A pristinely polished pair of silver-plated leggings are here.</LongDescription>
      <Description></Description>
      <Level>51</Level>
      <WeaponDamageType>none</WeaponDamageType>
      <WeaponType>None</WeaponType>
      <DiceSides>1</DiceSides>
      <DiceCount>1</DiceCount>
      <DiceBonus>1</DiceBonus>
      <Weight>0.9</Weight>
      <WearFlags>Take Legs</WearFlags>
      <ExtraFlags>Glow</ExtraFlags>
      <ItemTypes>Armor</ItemTypes>
      <Affects>
        <Affect where="ToObject" level="0" duration="-1" location="Damroll" modifier="5" hidden="False" affectType="Spell">
          <ExtraState />
        </Affect>
        <Affect where="ToObject" level="0" duration="-1" location="Hitroll" modifier="5" hidden="False" affectType="Spell">
          <ExtraState />
        </Affect>
        <Affect where="ToObject" level="0" duration="-1" location="Dexterity" modifier="3" hidden="False" affectType="Spell">
          <ExtraState />
        </Affect>
      </Affects>
      <Silver>0</Silver>
      <Gold>0</Gold>
      <Cost>0</Cost>
      <Nutrition>0</Nutrition>
      <Liquid></Liquid>
      <MaxWeight>0</MaxWeight>
      <Material>silver</Material>
      <Charges>0</Charges>
      <MaxCharges>0</MaxCharges>
      <MaxDurability>100</MaxDurability>
      <ArmorBash>14</ArmorBash>
      <ArmorSlash>18</ArmorSlash>
      <ArmorPierce>17</ArmorPierce>
      <ArmorExotic>11</ArmorExotic>
      <ExtraDescriptions />
    </Item>
    <Item>
      <VNum>30806</VNum>
      <Name>gold-plated boots</Name>
      <ShortDescription>a gold-plated pair of mithril boots</ShortDescription>
      <LongDescription>A pair of polished, gold-plated mithril boots are here.</LongDescription>
      <Description></Description>
      <Level>51</Level>
      <WeaponDamageType>none</WeaponDamageType>
      <WeaponType>None</WeaponType>
      <DiceSides>1</DiceSides>
      <DiceCount>1</DiceCount>
      <DiceBonus>1</DiceBonus>
      <Weight>0.7</Weight>
      <WearFlags>Take Feet</WearFlags>
      <ExtraFlags>Glow</ExtraFlags>
      <ItemTypes>Armor</ItemTypes>
      <Affects>
        <Affect where="ToObject" level="0" duration="-1" location="Damroll" modifier="5" hidden="False" affectType="Spell">
          <ExtraState />
        </Affect>
        <Affect where="ToObject" level="0" duration="-1" location="Dexterity" modifier="5" hidden="False" affectType="Spell">
          <ExtraState />
        </Affect>
        <Affect where="ToObject" level="0" duration="-1" location="Move" modifier="100" hidden="False" affectType="Spell">
          <ExtraState />
        </Affect>
        <Affect where="ToObject" level="0" duration="-1" location="Hitpoints" modifier="100" hidden="False" affectType="Spell">
          <ExtraState />
        </Affect>
      </Affects>
      <Silver>0</Silver>
      <Gold>0</Gold>
      <Cost>0</Cost>
      <Nutrition>0</Nutrition>
      <Liquid></Liquid>
      <MaxWeight>0</MaxWeight>
      <Material>mithril</Material>
      <Charges>0</Charges>
      <MaxCharges>0</MaxCharges>
      <MaxDurability>100</MaxDurability>
      <ArmorBash>9</ArmorBash>
      <ArmorSlash>13</ArmorSlash>
      <ArmorPierce>13</ArmorPierce>
      <ArmorExotic>15</ArmorExotic>
      <ExtraDescriptions />
    </Item>
    <Item>
      <VNum>30807</VNum>
      <Name>spiked gauntlets</Name>
      <ShortDescription>some spiked gauntlets</ShortDescription>
      <LongDescription>A pair of spiked mithril gauntlets are here.</LongDescription>
      <Description></Description>
      <Level>51</Level>
      <WeaponDamageType>none</WeaponDamageType>
      <WeaponType>None</WeaponType>
      <DiceSides>1</DiceSides>
      <DiceCount>1</DiceCount>
      <DiceBonus>1</DiceBonus>
      <Weight>1.1</Weight>
      <WearFlags>Take Hands</WearFlags>
      <ExtraFlags>Glow Hum</ExtraFlags>
      <ItemTypes>Armor</ItemTypes>
      <Affects>
        <Affect where="ToObject" level="0" duration="-1" location="Mana" modifier="50" hidden="False" affectType="Spell">
          <ExtraState />
        </Affect>
        <Affect where="ToObject" level="0" duration="-1" location="Hitpoints" modifier="50" hidden="False" affectType="Spell">
          <ExtraState />
        </Affect>
        <Affect where="ToObject" level="0" duration="-1" location="Damroll" modifier="5" hidden="False" affectType="Spell">
          <ExtraState />
        </Affect>
      </Affects>
      <Silver>0</Silver>
      <Gold>0</Gold>
      <Cost>0</Cost>
      <Nutrition>0</Nutrition>
      <Liquid></Liquid>
      <MaxWeight>0</MaxWeight>
      <Material>mithril</Material>
      <Charges>0</Charges>
      <MaxCharges>0</MaxCharges>
      <MaxDurability>100</MaxDurability>
      <ArmorBash>15</ArmorBash>
      <ArmorSlash>20</ArmorSlash>
      <ArmorPierce>15</ArmorPierce>
      <ArmorExotic>29</ArmorExotic>
      <ExtraDescriptions />
    </Item>
    <Item>
      <VNum>30808</VNum>
      <Name>short sword</Name>
      <ShortDescription>a glowing short sword</ShortDescription>
      <LongDescription>A glowing sword lies here.</LongDescription>
      <Description>A short glowing sword is made of mithril.</Description>
      <Level>60</Level>
      <WeaponDamageType>slice</WeaponDamageType>
      <WeaponType>Sword</WeaponType>
      <DiceSides>3</DiceSides>
      <DiceCount>20</DiceCount>
      <DiceBonus>20</DiceBonus>
      <Weight>2</Weight>
      <WearFlags>Take Wield</WearFlags>
      <ExtraFlags>Glow</ExtraFlags>
      <ItemTypes>Weapon</ItemTypes>
      <Affects>
        <Affect where="ToObject" level="0" duration="-1" location="Damroll" modifier="20" hidden="False" affectType="Spell">
          <ExtraState />
        </Affect>
      </Affects>
      <Silver>0</Silver>
      <Gold>0</Gold>
      <Cost>0</Cost>
      <Nutrition>0</Nutrition>
      <Liquid></Liquid>
      <MaxWeight>0</MaxWeight>
      <Material>mithril</Material>
      <Charges>0</Charges>
      <MaxCharges>0</MaxCharges>
      <MaxDurability>100</MaxDurability>
      <ArmorBash>0</ArmorBash>
      <ArmorSlash>0</ArmorSlash>
      <ArmorPierce>0</ArmorPierce>
      <ArmorExotic>0</ArmorExotic>
      <ExtraDescriptions />
    </Item>
  </Items>
  <Resets>
    <Reset Type="NPC" Destination="30807" Count="1" Max="1" Vnum="30800">
      <!--Spawn a moaning, lost Dwarven Spirit to Small Passageway-->
    </Reset>
    <Reset Type="NPC" Destination="30807" Count="1" Max="1" Vnum="30800">
      <!--Spawn a moaning, lost Dwarven Spirit to Small Passageway-->
    </Reset>
    <Reset Type="NPC" Destination="30807" Count="1" Max="1" Vnum="30800">
      <!--Spawn a moaning, lost Dwarven Spirit to Small Passageway-->
    </Reset>
    <Reset Type="NPC" Destination="30807" Count="1" Max="1" Vnum="30800">
      <!--Spawn a moaning, lost Dwarven Spirit to Small Passageway-->
    </Reset>
    <Reset Type="NPC" Destination="30807" Count="1" Max="1" Vnum="30800">
      <!--Spawn a moaning, lost Dwarven Spirit to Small Passageway-->
    </Reset>
    <Reset Type="NPC" Destination="30807" Count="1" Max="1" Vnum="30800">
      <!--Spawn a moaning, lost Dwarven Spirit to Small Passageway-->
    </Reset>
    <Reset Type="NPC" Destination="30807" Count="1" Max="1" Vnum="30800">
      <!--Spawn a moaning, lost Dwarven Spirit to Small Passageway-->
    </Reset>
    <Reset Type="NPC" Destination="30807" Count="1" Max="1" Vnum="30800">
      <!--Spawn a moaning, lost Dwarven Spirit to Small Passageway-->
    </Reset>
    <Reset Type="NPC" Destination="30807" Count="1" Max="1" Vnum="30801">
      <!--Spawn a moaning, lost Dwarven Spirit to Small Passageway-->
    </Reset>
    <Reset Type="NPC" Destination="30807" Count="1" Max="1" Vnum="30800">
      <!--Spawn a moaning, lost Dwarven Spirit to Small Passageway-->
    </Reset>
    <Reset Type="NPC" Destination="30807" Count="1" Max="1" Vnum="30801">
      <!--Spawn a moaning, lost Dwarven Spirit to Small Passageway-->
    </Reset>
  </Resets>
</Area>