﻿<?xml version="1.0" encoding="utf-8"?>
<Area>
  <AreaData>
    <Name>Ceial's Shrine</Name>
    <Info></Info>
    <VnumStart>500</VnumStart>
    <VnumEnd>599</VnumEnd>
    <MinimumLevel>1</MinimumLevel>
    <MaximumLevel>51</MaximumLevel>
    <Builders></Builders>
    <Security>0</Security>
    <Credits>Ceial  Shrine of Corruption</Credits>
    <Continent>Mainland</Continent>
    <OverRoomVnum>0</OverRoomVnum>
  </AreaData>
  <Rooms>
    <Room>
      <VNum>500</VNum>
      <Name>A dark shrouded trail</Name>
      <Description>You find yourself on a sparsely traveled trail.  Foliage overwealms the
trail.  Lucious green vines, and shrubs.  The strong scent of pine and
spruce fill the air.  The grass is beaten down to the north.</Description>
      <Sector>Forest</Sector>
      <Flags></Flags>
      <Exits>
        <Exit>
          <Direction>North</Direction>
          <Destination>501</Destination>
          <Display>the door north</Display>
          <Keywords></Keywords>
          <Description></Description>
          <Flags></Flags>
          <Keys>0</Keys>
          <ExitSize>Giant</ExitSize>
        </Exit>
      </Exits>
      <ExtraDescriptions />
    </Room>
    <Room>
      <VNum>501</VNum>
      <Name>A dark shrouded trail</Name>
      <Description>You find yourself on a sparsely traveled trail.  Foliage overwealms the
trail.  Lucious green vines, and shrubs.  The strong scent of pine and
spruce fill the air.  The grass is beaten down to the south and north.</Description>
      <Sector>Forest</Sector>
      <Flags></Flags>
      <Exits>
        <Exit>
          <Direction>North</Direction>
          <Destination>502</Destination>
          <Display>the door north</Display>
          <Keywords></Keywords>
          <Description></Description>
          <Flags></Flags>
          <Keys>0</Keys>
          <ExitSize>Giant</ExitSize>
        </Exit>
        <Exit>
          <Direction>South</Direction>
          <Destination>500</Destination>
          <Display>the door south</Display>
          <Keywords></Keywords>
          <Description></Description>
          <Flags></Flags>
          <Keys>0</Keys>
          <ExitSize>Giant</ExitSize>
        </Exit>
      </Exits>
      <ExtraDescriptions />
    </Room>
    <Room>
      <VNum>502</VNum>
      <Name>A dark clearing</Name>
      <Description>You stumble out of the forest to an astonishing sight.  All the vibrant
plant life around has been killed.  Dead clumps of rotting plants lays
scattered around.  Huge orcs stumble around in the open field.  Attending to
the duty of their master.  You can barely stomach the strong smell of sulfur
in the air.</Description>
      <Sector>Field</Sector>
      <Flags></Flags>
      <Exits>
        <Exit>
          <Direction>North</Direction>
          <Destination>509</Destination>
          <Display>the door north</Display>
          <Keywords></Keywords>
          <Description></Description>
          <Flags></Flags>
          <Keys>0</Keys>
          <ExitSize>Giant</ExitSize>
        </Exit>
        <Exit>
          <Direction>East</Direction>
          <Destination>503</Destination>
          <Display>the door east</Display>
          <Keywords></Keywords>
          <Description></Description>
          <Flags></Flags>
          <Keys>0</Keys>
          <ExitSize>Giant</ExitSize>
        </Exit>
        <Exit>
          <Direction>South</Direction>
          <Destination>501</Destination>
          <Display>the door south</Display>
          <Keywords></Keywords>
          <Description></Description>
          <Flags></Flags>
          <Keys>0</Keys>
          <ExitSize>Giant</ExitSize>
        </Exit>
        <Exit>
          <Direction>West</Direction>
          <Destination>510</Destination>
          <Display>the door west</Display>
          <Keywords></Keywords>
          <Description></Description>
          <Flags></Flags>
          <Keys>0</Keys>
          <ExitSize>Giant</ExitSize>
        </Exit>
      </Exits>
      <ExtraDescriptions />
    </Room>
    <Room>
      <VNum>503</VNum>
      <Name>Within the fields</Name>
      <Description>You find yourself hopelessly trapped in the fields.  The clattering sound
of metal being thrashed together can be heard all throughout the field. 
Orc's, Huge Orc's, Stumble all around you.  Mindlessly attending to their
duties.</Description>
      <Sector>Field</Sector>
      <Flags></Flags>
      <Exits>
        <Exit>
          <Direction>North</Direction>
          <Destination>508</Destination>
          <Display>the door north</Display>
          <Keywords></Keywords>
          <Description></Description>
          <Flags></Flags>
          <Keys>0</Keys>
          <ExitSize>Giant</ExitSize>
        </Exit>
        <Exit>
          <Direction>East</Direction>
          <Destination>504</Destination>
          <Display>the door east</Display>
          <Keywords></Keywords>
          <Description></Description>
          <Flags></Flags>
          <Keys>0</Keys>
          <ExitSize>Giant</ExitSize>
        </Exit>
        <Exit>
          <Direction>West</Direction>
          <Destination>502</Destination>
          <Display>the door west</Display>
          <Keywords></Keywords>
          <Description></Description>
          <Flags></Flags>
          <Keys>0</Keys>
          <ExitSize>Giant</ExitSize>
        </Exit>
      </Exits>
      <ExtraDescriptions />
    </Room>
    <Room>
      <VNum>504</VNum>
      <Name>Within the fields</Name>
      <Description>You find yourself hopelessly trapped in the fields.  The clattering sound
of metal being thrashed together can be heard all throughout the field. 
Orc's, Huge Orc's, Stumble all around you.  Mindlessly attending to their
duties.</Description>
      <Sector>Field</Sector>
      <Flags></Flags>
      <Exits>
        <Exit>
          <Direction>North</Direction>
          <Destination>507</Destination>
          <Display>the door north</Display>
          <Keywords></Keywords>
          <Description></Description>
          <Flags></Flags>
          <Keys>0</Keys>
          <ExitSize>Giant</ExitSize>
        </Exit>
        <Exit>
          <Direction>East</Direction>
          <Destination>505</Destination>
          <Display>the door east</Display>
          <Keywords></Keywords>
          <Description></Description>
          <Flags></Flags>
          <Keys>0</Keys>
          <ExitSize>Giant</ExitSize>
        </Exit>
        <Exit>
          <Direction>West</Direction>
          <Destination>503</Destination>
          <Display>the door west</Display>
          <Keywords></Keywords>
          <Description></Description>
          <Flags></Flags>
          <Keys>0</Keys>
          <ExitSize>Giant</ExitSize>
        </Exit>
      </Exits>
      <ExtraDescriptions />
    </Room>
    <Room>
      <VNum>505</VNum>
      <Name>Within the fields</Name>
      <Description>You find yourself hopelessly trapped in the fields.  The clattering sound
of metal being thrashed together can be heard all throughout the field. 
Orc's, Huge Orc's, Stumble all around you.  Mindlessly attending to their
duties.</Description>
      <Sector>Field</Sector>
      <Flags></Flags>
      <Exits>
        <Exit>
          <Direction>North</Direction>
          <Destination>506</Destination>
          <Display>the door north</Display>
          <Keywords></Keywords>
          <Description></Description>
          <Flags></Flags>
          <Keys>0</Keys>
          <ExitSize>Giant</ExitSize>
        </Exit>
        <Exit>
          <Direction>West</Direction>
          <Destination>504</Destination>
          <Display>the door west</Display>
          <Keywords></Keywords>
          <Description></Description>
          <Flags></Flags>
          <Keys>0</Keys>
          <ExitSize>Giant</ExitSize>
        </Exit>
      </Exits>
      <ExtraDescriptions />
    </Room>
    <Room>
      <VNum>506</VNum>
      <Name>Within the fields</Name>
      <Description>You find yourself hopelessly trapped in the fields.  The clattering sound
of metal being thrashed together can be heard all throughout the field. 
Orc's, Huge Orc's, Stumble all around you.  Mindlessly attending to their
duties.</Description>
      <Sector>Field</Sector>
      <Flags></Flags>
      <Exits>
        <Exit>
          <Direction>North</Direction>
          <Destination>516</Destination>
          <Display>the door north</Display>
          <Keywords></Keywords>
          <Description></Description>
          <Flags></Flags>
          <Keys>0</Keys>
          <ExitSize>Giant</ExitSize>
        </Exit>
        <Exit>
          <Direction>South</Direction>
          <Destination>505</Destination>
          <Display>the door south</Display>
          <Keywords></Keywords>
          <Description></Description>
          <Flags></Flags>
          <Keys>0</Keys>
          <ExitSize>Giant</ExitSize>
        </Exit>
        <Exit>
          <Direction>West</Direction>
          <Destination>507</Destination>
          <Display>the door west</Display>
          <Keywords></Keywords>
          <Description></Description>
          <Flags></Flags>
          <Keys>0</Keys>
          <ExitSize>Giant</ExitSize>
        </Exit>
      </Exits>
      <ExtraDescriptions />
    </Room>
    <Room>
      <VNum>507</VNum>
      <Name>Within the fields</Name>
      <Description>You find yourself hopelessly trapped in the fields.  The clattering sound
of metal being thrashed together can be heard all throughout the field. 
Orc's, Huge Orc's, Stumble all around you.  Mindlessly attending to their
duties.</Description>
      <Sector>Field</Sector>
      <Flags></Flags>
      <Exits>
        <Exit>
          <Direction>North</Direction>
          <Destination>517</Destination>
          <Display>the door north</Display>
          <Keywords></Keywords>
          <Description></Description>
          <Flags></Flags>
          <Keys>0</Keys>
          <ExitSize>Giant</ExitSize>
        </Exit>
        <Exit>
          <Direction>East</Direction>
          <Destination>506</Destination>
          <Display>the door east</Display>
          <Keywords></Keywords>
          <Description></Description>
          <Flags></Flags>
          <Keys>0</Keys>
          <ExitSize>Giant</ExitSize>
        </Exit>
        <Exit>
          <Direction>South</Direction>
          <Destination>504</Destination>
          <Display>the door south</Display>
          <Keywords></Keywords>
          <Description></Description>
          <Flags></Flags>
          <Keys>0</Keys>
          <ExitSize>Giant</ExitSize>
        </Exit>
        <Exit>
          <Direction>West</Direction>
          <Destination>508</Destination>
          <Display>the door west</Display>
          <Keywords></Keywords>
          <Description></Description>
          <Flags></Flags>
          <Keys>0</Keys>
          <ExitSize>Giant</ExitSize>
        </Exit>
      </Exits>
      <ExtraDescriptions />
    </Room>
    <Room>
      <VNum>508</VNum>
      <Name>Within the fields</Name>
      <Description>You find yourself hopelessly trapped in the fields.  The clattering sound
of metal being thrashed together can be heard all throughout the field. 
Orc's, Huge Orc's, Stumble all around you.  Mindlessly attending to their
duties.</Description>
      <Sector>Field</Sector>
      <Flags></Flags>
      <Exits>
        <Exit>
          <Direction>North</Direction>
          <Destination>518</Destination>
          <Display>the door north</Display>
          <Keywords></Keywords>
          <Description></Description>
          <Flags></Flags>
          <Keys>0</Keys>
          <ExitSize>Giant</ExitSize>
        </Exit>
        <Exit>
          <Direction>East</Direction>
          <Destination>507</Destination>
          <Display>the door east</Display>
          <Keywords></Keywords>
          <Description></Description>
          <Flags></Flags>
          <Keys>0</Keys>
          <ExitSize>Giant</ExitSize>
        </Exit>
        <Exit>
          <Direction>South</Direction>
          <Destination>503</Destination>
          <Display>the door south</Display>
          <Keywords></Keywords>
          <Description></Description>
          <Flags></Flags>
          <Keys>0</Keys>
          <ExitSize>Giant</ExitSize>
        </Exit>
        <Exit>
          <Direction>West</Direction>
          <Destination>509</Destination>
          <Display>the door west</Display>
          <Keywords></Keywords>
          <Description></Description>
          <Flags></Flags>
          <Keys>0</Keys>
          <ExitSize>Giant</ExitSize>
        </Exit>
      </Exits>
      <ExtraDescriptions />
    </Room>
    <Room>
      <VNum>509</VNum>
      <Name>Within the fields</Name>
      <Description>You find yourself hopelessly trapped in the fields.  The clattering sound
of metal being thrashed together can be heard all throughout the field. 
Orc's, Huge Orc's, Stumble all around you.  Mindlessly attending to their
duties.</Description>
      <Sector>Field</Sector>
      <Flags></Flags>
      <Exits>
        <Exit>
          <Direction>North</Direction>
          <Destination>519</Destination>
          <Display>the door north</Display>
          <Keywords></Keywords>
          <Description></Description>
          <Flags></Flags>
          <Keys>0</Keys>
          <ExitSize>Giant</ExitSize>
        </Exit>
        <Exit>
          <Direction>East</Direction>
          <Destination>508</Destination>
          <Display>the door east</Display>
          <Keywords></Keywords>
          <Description></Description>
          <Flags></Flags>
          <Keys>0</Keys>
          <ExitSize>Giant</ExitSize>
        </Exit>
        <Exit>
          <Direction>South</Direction>
          <Destination>502</Destination>
          <Display>the door south</Display>
          <Keywords></Keywords>
          <Description></Description>
          <Flags></Flags>
          <Keys>0</Keys>
          <ExitSize>Giant</ExitSize>
        </Exit>
        <Exit>
          <Direction>West</Direction>
          <Destination>513</Destination>
          <Display>the door west</Display>
          <Keywords></Keywords>
          <Description></Description>
          <Flags></Flags>
          <Keys>0</Keys>
          <ExitSize>Giant</ExitSize>
        </Exit>
      </Exits>
      <ExtraDescriptions />
    </Room>
    <Room>
      <VNum>510</VNum>
      <Name>Within the fields</Name>
      <Description>You find yourself hopelessly trapped in the fields.  The clattering sound
of metal being thrashed together can be heard all throughout the field. 
Orc's, Huge Orc's, Stumble all around you.  Mindlessly attending to their
duties.</Description>
      <Sector>Field</Sector>
      <Flags></Flags>
      <Exits>
        <Exit>
          <Direction>North</Direction>
          <Destination>513</Destination>
          <Display>the door north</Display>
          <Keywords></Keywords>
          <Description></Description>
          <Flags></Flags>
          <Keys>0</Keys>
          <ExitSize>Giant</ExitSize>
        </Exit>
        <Exit>
          <Direction>East</Direction>
          <Destination>502</Destination>
          <Display>the door east</Display>
          <Keywords></Keywords>
          <Description></Description>
          <Flags></Flags>
          <Keys>0</Keys>
          <ExitSize>Giant</ExitSize>
        </Exit>
        <Exit>
          <Direction>West</Direction>
          <Destination>511</Destination>
          <Display>the door west</Display>
          <Keywords></Keywords>
          <Description></Description>
          <Flags></Flags>
          <Keys>0</Keys>
          <ExitSize>Giant</ExitSize>
        </Exit>
      </Exits>
      <ExtraDescriptions />
    </Room>
    <Room>
      <VNum>511</VNum>
      <Name>Within the fields</Name>
      <Description>You find yourself hopelessly trapped in the fields.  The clattering sound
of metal being thrashed together can be heard all throughout the field. 
Orc's, Huge Orc's, Stumble all around you.  Mindlessly attending to their
duties.</Description>
      <Sector>Field</Sector>
      <Flags></Flags>
      <Exits>
        <Exit>
          <Direction>North</Direction>
          <Destination>514</Destination>
          <Display>the door north</Display>
          <Keywords></Keywords>
          <Description></Description>
          <Flags></Flags>
          <Keys>0</Keys>
          <ExitSize>Giant</ExitSize>
        </Exit>
        <Exit>
          <Direction>East</Direction>
          <Destination>510</Destination>
          <Display>the door east</Display>
          <Keywords></Keywords>
          <Description></Description>
          <Flags></Flags>
          <Keys>0</Keys>
          <ExitSize>Giant</ExitSize>
        </Exit>
        <Exit>
          <Direction>West</Direction>
          <Destination>512</Destination>
          <Display>the door west</Display>
          <Keywords></Keywords>
          <Description></Description>
          <Flags></Flags>
          <Keys>0</Keys>
          <ExitSize>Giant</ExitSize>
        </Exit>
      </Exits>
      <ExtraDescriptions />
    </Room>
    <Room>
      <VNum>512</VNum>
      <Name>Within the fields</Name>
      <Description>You find yourself hopelessly trapped in the fields.  The clattering sound
of metal being thrashed together can be heard all throughout the field. 
Orc's, Huge Orc's, Stumble all around you.  Mindlessly attending to their
duties.</Description>
      <Sector>Field</Sector>
      <Flags></Flags>
      <Exits>
        <Exit>
          <Direction>North</Direction>
          <Destination>515</Destination>
          <Display>the door north</Display>
          <Keywords></Keywords>
          <Description></Description>
          <Flags></Flags>
          <Keys>0</Keys>
          <ExitSize>Giant</ExitSize>
        </Exit>
        <Exit>
          <Direction>East</Direction>
          <Destination>511</Destination>
          <Display>the door east</Display>
          <Keywords></Keywords>
          <Description></Description>
          <Flags></Flags>
          <Keys>0</Keys>
          <ExitSize>Giant</ExitSize>
        </Exit>
      </Exits>
      <ExtraDescriptions />
    </Room>
    <Room>
      <VNum>513</VNum>
      <Name>Within the fields</Name>
      <Description>You find yourself hopelessly trapped in the fields.  The clattering sound
of metal being thrashed together can be heard all throughout the field. 
Orc's, Huge Orc's, Stumble all around you.  Mindlessly attending to their
duties.</Description>
      <Sector>Field</Sector>
      <Flags></Flags>
      <Exits>
        <Exit>
          <Direction>North</Direction>
          <Destination>520</Destination>
          <Display>the door north</Display>
          <Keywords></Keywords>
          <Description></Description>
          <Flags></Flags>
          <Keys>0</Keys>
          <ExitSize>Giant</ExitSize>
        </Exit>
        <Exit>
          <Direction>East</Direction>
          <Destination>509</Destination>
          <Display>the door east</Display>
          <Keywords></Keywords>
          <Description></Description>
          <Flags></Flags>
          <Keys>0</Keys>
          <ExitSize>Giant</ExitSize>
        </Exit>
        <Exit>
          <Direction>South</Direction>
          <Destination>510</Destination>
          <Display>the door south</Display>
          <Keywords></Keywords>
          <Description></Description>
          <Flags></Flags>
          <Keys>0</Keys>
          <ExitSize>Giant</ExitSize>
        </Exit>
        <Exit>
          <Direction>West</Direction>
          <Destination>514</Destination>
          <Display>the door west</Display>
          <Keywords></Keywords>
          <Description></Description>
          <Flags></Flags>
          <Keys>0</Keys>
          <ExitSize>Giant</ExitSize>
        </Exit>
      </Exits>
      <ExtraDescriptions />
    </Room>
    <Room>
      <VNum>514</VNum>
      <Name>Within the fields</Name>
      <Description>You find yourself hopelessly trapped in the fields.  The clattering sound
of metal being thrashed together can be heard all throughout the field. 
Orc's, Huge Orc's, Stumble all around you.  Mindlessly attending to their
duties.</Description>
      <Sector>Field</Sector>
      <Flags></Flags>
      <Exits>
        <Exit>
          <Direction>North</Direction>
          <Destination>521</Destination>
          <Display>the door north</Display>
          <Keywords></Keywords>
          <Description></Description>
          <Flags></Flags>
          <Keys>0</Keys>
          <ExitSize>Giant</ExitSize>
        </Exit>
        <Exit>
          <Direction>East</Direction>
          <Destination>513</Destination>
          <Display>the door east</Display>
          <Keywords></Keywords>
          <Description></Description>
          <Flags></Flags>
          <Keys>0</Keys>
          <ExitSize>Giant</ExitSize>
        </Exit>
        <Exit>
          <Direction>South</Direction>
          <Destination>511</Destination>
          <Display>the door south</Display>
          <Keywords></Keywords>
          <Description></Description>
          <Flags></Flags>
          <Keys>0</Keys>
          <ExitSize>Giant</ExitSize>
        </Exit>
        <Exit>
          <Direction>West</Direction>
          <Destination>515</Destination>
          <Display>the door west</Display>
          <Keywords></Keywords>
          <Description></Description>
          <Flags></Flags>
          <Keys>0</Keys>
          <ExitSize>Giant</ExitSize>
        </Exit>
      </Exits>
      <ExtraDescriptions />
    </Room>
    <Room>
      <VNum>515</VNum>
      <Name>Within the fields</Name>
      <Description>You find yourself hopelessly trapped in the fields.  The clattering sound
of metal being thrashed together can be heard all throughout the field. 
Orc's, Huge Orc's, Stumble all around you.  Mindlessly attending to their
duties.</Description>
      <Sector>Field</Sector>
      <Flags></Flags>
      <Exits>
        <Exit>
          <Direction>North</Direction>
          <Destination>522</Destination>
          <Display>the door north</Display>
          <Keywords></Keywords>
          <Description></Description>
          <Flags></Flags>
          <Keys>0</Keys>
          <ExitSize>Giant</ExitSize>
        </Exit>
        <Exit>
          <Direction>East</Direction>
          <Destination>514</Destination>
          <Display>the door east</Display>
          <Keywords></Keywords>
          <Description></Description>
          <Flags></Flags>
          <Keys>0</Keys>
          <ExitSize>Giant</ExitSize>
        </Exit>
        <Exit>
          <Direction>South</Direction>
          <Destination>512</Destination>
          <Display>the door south</Display>
          <Keywords></Keywords>
          <Description></Description>
          <Flags></Flags>
          <Keys>0</Keys>
          <ExitSize>Giant</ExitSize>
        </Exit>
      </Exits>
      <ExtraDescriptions />
    </Room>
    <Room>
      <VNum>516</VNum>
      <Name>Within the fields</Name>
      <Description>You find yourself hopelessly trapped in the fields.  The clattering sound
of metal being thrashed together can be heard all throughout the field. 
Orc's, Huge Orc's, Stumble all around you.  Mindlessly attending to their
duties.</Description>
      <Sector>Field</Sector>
      <Flags></Flags>
      <Exits>
        <Exit>
          <Direction>North</Direction>
          <Destination>529</Destination>
          <Display>the door north</Display>
          <Keywords></Keywords>
          <Description></Description>
          <Flags></Flags>
          <Keys>0</Keys>
          <ExitSize>Giant</ExitSize>
        </Exit>
        <Exit>
          <Direction>South</Direction>
          <Destination>506</Destination>
          <Display>the door south</Display>
          <Keywords></Keywords>
          <Description></Description>
          <Flags></Flags>
          <Keys>0</Keys>
          <ExitSize>Giant</ExitSize>
        </Exit>
        <Exit>
          <Direction>West</Direction>
          <Destination>517</Destination>
          <Display>the door west</Display>
          <Keywords></Keywords>
          <Description></Description>
          <Flags></Flags>
          <Keys>0</Keys>
          <ExitSize>Giant</ExitSize>
        </Exit>
      </Exits>
      <ExtraDescriptions />
    </Room>
    <Room>
      <VNum>517</VNum>
      <Name>Within the fields</Name>
      <Description>You find yourself hopelessly trapped in the fields.  The clattering sound
of metal being thrashed together can be heard all throughout the field. 
Orc's, Huge Orc's, Stumble all around you.  Mindlessly attending to their
duties.</Description>
      <Sector>Field</Sector>
      <Flags></Flags>
      <Exits>
        <Exit>
          <Direction>North</Direction>
          <Destination>528</Destination>
          <Display>the door north</Display>
          <Keywords></Keywords>
          <Description></Description>
          <Flags></Flags>
          <Keys>0</Keys>
          <ExitSize>Giant</ExitSize>
        </Exit>
        <Exit>
          <Direction>East</Direction>
          <Destination>516</Destination>
          <Display>the door east</Display>
          <Keywords></Keywords>
          <Description></Description>
          <Flags></Flags>
          <Keys>0</Keys>
          <ExitSize>Giant</ExitSize>
        </Exit>
        <Exit>
          <Direction>South</Direction>
          <Destination>507</Destination>
          <Display>the door south</Display>
          <Keywords></Keywords>
          <Description></Description>
          <Flags></Flags>
          <Keys>0</Keys>
          <ExitSize>Giant</ExitSize>
        </Exit>
        <Exit>
          <Direction>West</Direction>
          <Destination>518</Destination>
          <Display>the door west</Display>
          <Keywords></Keywords>
          <Description></Description>
          <Flags></Flags>
          <Keys>0</Keys>
          <ExitSize>Giant</ExitSize>
        </Exit>
      </Exits>
      <ExtraDescriptions />
    </Room>
    <Room>
      <VNum>518</VNum>
      <Name>Within the fields</Name>
      <Description>You find yourself hopelessly trapped in the fields.  The clattering sound
of metal being thrashed together can be heard all throughout the field. 
Orc's, Huge Orc's, Stumble all around you.  Mindlessly attending to their
duties.</Description>
      <Sector>Field</Sector>
      <Flags></Flags>
      <Exits>
        <Exit>
          <Direction>North</Direction>
          <Destination>527</Destination>
          <Display>the door north</Display>
          <Keywords></Keywords>
          <Description></Description>
          <Flags></Flags>
          <Keys>0</Keys>
          <ExitSize>Giant</ExitSize>
        </Exit>
        <Exit>
          <Direction>East</Direction>
          <Destination>517</Destination>
          <Display>the door east</Display>
          <Keywords></Keywords>
          <Description></Description>
          <Flags></Flags>
          <Keys>0</Keys>
          <ExitSize>Giant</ExitSize>
        </Exit>
        <Exit>
          <Direction>South</Direction>
          <Destination>508</Destination>
          <Display>the door south</Display>
          <Keywords></Keywords>
          <Description></Description>
          <Flags></Flags>
          <Keys>0</Keys>
          <ExitSize>Giant</ExitSize>
        </Exit>
        <Exit>
          <Direction>West</Direction>
          <Destination>519</Destination>
          <Display>the door west</Display>
          <Keywords></Keywords>
          <Description></Description>
          <Flags></Flags>
          <Keys>0</Keys>
          <ExitSize>Giant</ExitSize>
        </Exit>
      </Exits>
      <ExtraDescriptions />
    </Room>
    <Room>
      <VNum>519</VNum>
      <Name>Center of the field</Name>
      <Description>You find yourself in the center of the field.  All about you is scorched
earth.  A hopeless place of pure evil.  The stench of sulfur is strongest
right here.  The ground is scratched downward.  As if some beast tried to
dig its way to freedom, and failed.</Description>
      <Sector>Field</Sector>
      <Flags></Flags>
      <Exits>
        <Exit>
          <Direction>North</Direction>
          <Destination>526</Destination>
          <Display>the door north</Display>
          <Keywords></Keywords>
          <Description></Description>
          <Flags></Flags>
          <Keys>0</Keys>
          <ExitSize>Giant</ExitSize>
        </Exit>
        <Exit>
          <Direction>East</Direction>
          <Destination>518</Destination>
          <Display>the door east</Display>
          <Keywords></Keywords>
          <Description></Description>
          <Flags></Flags>
          <Keys>0</Keys>
          <ExitSize>Giant</ExitSize>
        </Exit>
        <Exit>
          <Direction>South</Direction>
          <Destination>509</Destination>
          <Display>the door south</Display>
          <Keywords></Keywords>
          <Description></Description>
          <Flags></Flags>
          <Keys>0</Keys>
          <ExitSize>Giant</ExitSize>
        </Exit>
        <Exit>
          <Direction>West</Direction>
          <Destination>520</Destination>
          <Display>the door west</Display>
          <Keywords></Keywords>
          <Description></Description>
          <Flags></Flags>
          <Keys>0</Keys>
          <ExitSize>Giant</ExitSize>
        </Exit>
        <Exit>
          <Direction>Down</Direction>
          <Destination>530</Destination>
          <Display>the door down</Display>
          <Keywords></Keywords>
          <Description></Description>
          <Flags>Door Closed Locked</Flags>
          <Keys>503</Keys>
          <ExitSize>Giant</ExitSize>
        </Exit>
      </Exits>
      <ExtraDescriptions />
    </Room>
    <Room>
      <VNum>520</VNum>
      <Name>Within the fields</Name>
      <Description>You find yourself hopelessly trapped in the fields.  The clattering sound
of metal being thrashed together can be heard all throughout the field. 
Orc's, Huge Orc's, Stumble all around you.  Mindlessly attending to their
duties.</Description>
      <Sector>Field</Sector>
      <Flags></Flags>
      <Exits>
        <Exit>
          <Direction>North</Direction>
          <Destination>525</Destination>
          <Display>the door north</Display>
          <Keywords></Keywords>
          <Description></Description>
          <Flags></Flags>
          <Keys>0</Keys>
          <ExitSize>Giant</ExitSize>
        </Exit>
        <Exit>
          <Direction>East</Direction>
          <Destination>519</Destination>
          <Display>the door east</Display>
          <Keywords></Keywords>
          <Description></Description>
          <Flags></Flags>
          <Keys>0</Keys>
          <ExitSize>Giant</ExitSize>
        </Exit>
        <Exit>
          <Direction>South</Direction>
          <Destination>513</Destination>
          <Display>the door south</Display>
          <Keywords></Keywords>
          <Description></Description>
          <Flags></Flags>
          <Keys>0</Keys>
          <ExitSize>Giant</ExitSize>
        </Exit>
        <Exit>
          <Direction>West</Direction>
          <Destination>521</Destination>
          <Display>the door west</Display>
          <Keywords></Keywords>
          <Description></Description>
          <Flags></Flags>
          <Keys>0</Keys>
          <ExitSize>Giant</ExitSize>
        </Exit>
      </Exits>
      <ExtraDescriptions />
    </Room>
    <Room>
      <VNum>521</VNum>
      <Name>Within the fields</Name>
      <Description>You find yourself hopelessly trapped in the fields.  The clattering sound
of metal being thrashed together can be heard all throughout the field. 
Orc's, Huge Orc's, Stumble all around you.  Mindlessly attending to their
duties.</Description>
      <Sector>Field</Sector>
      <Flags></Flags>
      <Exits>
        <Exit>
          <Direction>North</Direction>
          <Destination>524</Destination>
          <Display>the door north</Display>
          <Keywords></Keywords>
          <Description></Description>
          <Flags></Flags>
          <Keys>0</Keys>
          <ExitSize>Giant</ExitSize>
        </Exit>
        <Exit>
          <Direction>East</Direction>
          <Destination>520</Destination>
          <Display>the door east</Display>
          <Keywords></Keywords>
          <Description></Description>
          <Flags></Flags>
          <Keys>0</Keys>
          <ExitSize>Giant</ExitSize>
        </Exit>
        <Exit>
          <Direction>South</Direction>
          <Destination>514</Destination>
          <Display>the door south</Display>
          <Keywords></Keywords>
          <Description></Description>
          <Flags></Flags>
          <Keys>0</Keys>
          <ExitSize>Giant</ExitSize>
        </Exit>
        <Exit>
          <Direction>West</Direction>
          <Destination>522</Destination>
          <Display>the door west</Display>
          <Keywords></Keywords>
          <Description></Description>
          <Flags></Flags>
          <Keys>0</Keys>
          <ExitSize>Giant</ExitSize>
        </Exit>
      </Exits>
      <ExtraDescriptions />
    </Room>
    <Room>
      <VNum>522</VNum>
      <Name>Within the fields</Name>
      <Description>You find yourself hopelessly trapped in the fields.  The clattering sound
of metal being thrashed together can be heard all throughout the field. 
Orc's, Huge Orc's, Stumble all around you.  Mindlessly attending to their
duties.</Description>
      <Sector>Field</Sector>
      <Flags></Flags>
      <Exits>
        <Exit>
          <Direction>North</Direction>
          <Destination>523</Destination>
          <Display>the door north</Display>
          <Keywords></Keywords>
          <Description></Description>
          <Flags></Flags>
          <Keys>0</Keys>
          <ExitSize>Giant</ExitSize>
        </Exit>
        <Exit>
          <Direction>East</Direction>
          <Destination>521</Destination>
          <Display>the door east</Display>
          <Keywords></Keywords>
          <Description></Description>
          <Flags></Flags>
          <Keys>0</Keys>
          <ExitSize>Giant</ExitSize>
        </Exit>
        <Exit>
          <Direction>South</Direction>
          <Destination>515</Destination>
          <Display>the door south</Display>
          <Keywords></Keywords>
          <Description></Description>
          <Flags></Flags>
          <Keys>0</Keys>
          <ExitSize>Giant</ExitSize>
        </Exit>
      </Exits>
      <ExtraDescriptions />
    </Room>
    <Room>
      <VNum>523</VNum>
      <Name>Within the fields</Name>
      <Description>You find yourself hopelessly trapped in the fields.  The clattering sound
of metal being thrashed together can be heard all throughout the field. 
Orc's, Huge Orc's, Stumble all around you.  Mindlessly attending to their
duties.</Description>
      <Sector>Field</Sector>
      <Flags></Flags>
      <Exits>
        <Exit>
          <Direction>East</Direction>
          <Destination>524</Destination>
          <Display>the door east</Display>
          <Keywords></Keywords>
          <Description></Description>
          <Flags></Flags>
          <Keys>0</Keys>
          <ExitSize>Giant</ExitSize>
        </Exit>
        <Exit>
          <Direction>South</Direction>
          <Destination>522</Destination>
          <Display>the door south</Display>
          <Keywords></Keywords>
          <Description></Description>
          <Flags></Flags>
          <Keys>0</Keys>
          <ExitSize>Giant</ExitSize>
        </Exit>
      </Exits>
      <ExtraDescriptions />
    </Room>
    <Room>
      <VNum>524</VNum>
      <Name>Within the fields</Name>
      <Description>You find yourself hopelessly trapped in the fields.  The clattering sound
of metal being thrashed together can be heard all throughout the field. 
Orc's, Huge Orc's, Stumble all around you.  Mindlessly attending to their
duties.</Description>
      <Sector>Field</Sector>
      <Flags></Flags>
      <Exits>
        <Exit>
          <Direction>East</Direction>
          <Destination>525</Destination>
          <Display>the door east</Display>
          <Keywords></Keywords>
          <Description></Description>
          <Flags></Flags>
          <Keys>0</Keys>
          <ExitSize>Giant</ExitSize>
        </Exit>
        <Exit>
          <Direction>South</Direction>
          <Destination>521</Destination>
          <Display>the door south</Display>
          <Keywords></Keywords>
          <Description></Description>
          <Flags></Flags>
          <Keys>0</Keys>
          <ExitSize>Giant</ExitSize>
        </Exit>
        <Exit>
          <Direction>West</Direction>
          <Destination>523</Destination>
          <Display>the door west</Display>
          <Keywords></Keywords>
          <Description></Description>
          <Flags></Flags>
          <Keys>0</Keys>
          <ExitSize>Giant</ExitSize>
        </Exit>
      </Exits>
      <ExtraDescriptions />
    </Room>
    <Room>
      <VNum>525</VNum>
      <Name>Within the fields</Name>
      <Description>You find yourself hopelessly trapped in the fields.  The clattering sound
of metal being thrashed together can be heard all throughout the field. 
Orc's, Huge Orc's, Stumble all around you.  Mindlessly attending to their
duties.</Description>
      <Sector>Field</Sector>
      <Flags></Flags>
      <Exits>
        <Exit>
          <Direction>East</Direction>
          <Destination>526</Destination>
          <Display>the door east</Display>
          <Keywords></Keywords>
          <Description></Description>
          <Flags></Flags>
          <Keys>0</Keys>
          <ExitSize>Giant</ExitSize>
        </Exit>
        <Exit>
          <Direction>South</Direction>
          <Destination>520</Destination>
          <Display>the door south</Display>
          <Keywords></Keywords>
          <Description></Description>
          <Flags></Flags>
          <Keys>0</Keys>
          <ExitSize>Giant</ExitSize>
        </Exit>
        <Exit>
          <Direction>West</Direction>
          <Destination>524</Destination>
          <Display>the door west</Display>
          <Keywords></Keywords>
          <Description></Description>
          <Flags></Flags>
          <Keys>0</Keys>
          <ExitSize>Giant</ExitSize>
        </Exit>
      </Exits>
      <ExtraDescriptions />
    </Room>
    <Room>
      <VNum>526</VNum>
      <Name>Within the fields</Name>
      <Description>You find yourself hopelessly trapped in the fields.  The clattering sound
of metal being thrashed together can be heard all throughout the field. 
Orc's, Huge Orc's, Stumble all around you.  Mindlessly attending to their
duties.</Description>
      <Sector>Field</Sector>
      <Flags></Flags>
      <Exits>
        <Exit>
          <Direction>East</Direction>
          <Destination>527</Destination>
          <Display>the door east</Display>
          <Keywords></Keywords>
          <Description></Description>
          <Flags></Flags>
          <Keys>0</Keys>
          <ExitSize>Giant</ExitSize>
        </Exit>
        <Exit>
          <Direction>South</Direction>
          <Destination>519</Destination>
          <Display>the door south</Display>
          <Keywords></Keywords>
          <Description></Description>
          <Flags></Flags>
          <Keys>0</Keys>
          <ExitSize>Giant</ExitSize>
        </Exit>
        <Exit>
          <Direction>West</Direction>
          <Destination>525</Destination>
          <Display>the door west</Display>
          <Keywords></Keywords>
          <Description></Description>
          <Flags></Flags>
          <Keys>0</Keys>
          <ExitSize>Giant</ExitSize>
        </Exit>
      </Exits>
      <ExtraDescriptions />
    </Room>
    <Room>
      <VNum>527</VNum>
      <Name>Within the fields</Name>
      <Description>You find yourself hopelessly trapped in the fields.  The clattering sound
of metal being thrashed together can be heard all throughout the field. 
Orc's, Huge Orc's, Stumble all around you.  Mindlessly attending to their
duties.</Description>
      <Sector>Field</Sector>
      <Flags></Flags>
      <Exits>
        <Exit>
          <Direction>East</Direction>
          <Destination>528</Destination>
          <Display>the door east</Display>
          <Keywords></Keywords>
          <Description></Description>
          <Flags></Flags>
          <Keys>0</Keys>
          <ExitSize>Giant</ExitSize>
        </Exit>
        <Exit>
          <Direction>South</Direction>
          <Destination>518</Destination>
          <Display>the door south</Display>
          <Keywords></Keywords>
          <Description></Description>
          <Flags></Flags>
          <Keys>0</Keys>
          <ExitSize>Giant</ExitSize>
        </Exit>
        <Exit>
          <Direction>West</Direction>
          <Destination>526</Destination>
          <Display>the door west</Display>
          <Keywords></Keywords>
          <Description></Description>
          <Flags></Flags>
          <Keys>0</Keys>
          <ExitSize>Giant</ExitSize>
        </Exit>
      </Exits>
      <ExtraDescriptions />
    </Room>
    <Room>
      <VNum>528</VNum>
      <Name>Within the fields</Name>
      <Description>You find yourself hopelessly trapped in the fields.  The clattering sound
of metal being thrashed together can be heard all throughout the field. 
Orc's, Huge Orc's, Stumble all around you.  Mindlessly attending to their
duties.</Description>
      <Sector>Field</Sector>
      <Flags></Flags>
      <Exits>
        <Exit>
          <Direction>East</Direction>
          <Destination>529</Destination>
          <Display>the door east</Display>
          <Keywords></Keywords>
          <Description></Description>
          <Flags></Flags>
          <Keys>0</Keys>
          <ExitSize>Giant</ExitSize>
        </Exit>
        <Exit>
          <Direction>South</Direction>
          <Destination>517</Destination>
          <Display>the door south</Display>
          <Keywords></Keywords>
          <Description></Description>
          <Flags></Flags>
          <Keys>0</Keys>
          <ExitSize>Giant</ExitSize>
        </Exit>
        <Exit>
          <Direction>West</Direction>
          <Destination>527</Destination>
          <Display>the door west</Display>
          <Keywords></Keywords>
          <Description></Description>
          <Flags></Flags>
          <Keys>0</Keys>
          <ExitSize>Giant</ExitSize>
        </Exit>
      </Exits>
      <ExtraDescriptions />
    </Room>
    <Room>
      <VNum>529</VNum>
      <Name>Within the fields</Name>
      <Description>You find yourself hopelessly trapped in the fields.  The clattering sound
of metal being thrashed together can be heard all throughout the field. 
Orc's, Huge Orc's, Stumble all around you.  Mindlessly attending to their
duties.</Description>
      <Sector>Field</Sector>
      <Flags></Flags>
      <Exits>
        <Exit>
          <Direction>South</Direction>
          <Destination>516</Destination>
          <Display>the door south</Display>
          <Keywords></Keywords>
          <Description></Description>
          <Flags></Flags>
          <Keys>0</Keys>
          <ExitSize>Giant</ExitSize>
        </Exit>
        <Exit>
          <Direction>West</Direction>
          <Destination>528</Destination>
          <Display>the door west</Display>
          <Keywords></Keywords>
          <Description></Description>
          <Flags></Flags>
          <Keys>0</Keys>
          <ExitSize>Giant</ExitSize>
        </Exit>
      </Exits>
      <ExtraDescriptions />
    </Room>
    <Room>
      <VNum>530</VNum>
      <Name>Beneath the field</Name>
      <Description>You have finally left the field behind.  You find yourself deep within
some sort of catacombs.  It is extremely hard to see.  The only light source
are the magical torches hovering next to the wall.  Strange sounds creep out
from the tunnels northward.</Description>
      <Sector>Inside</Sector>
      <Flags></Flags>
      <Exits>
        <Exit>
          <Direction>North</Direction>
          <Destination>531</Destination>
          <Display>the door north</Display>
          <Keywords></Keywords>
          <Description></Description>
          <Flags></Flags>
          <Keys>0</Keys>
          <ExitSize>Giant</ExitSize>
        </Exit>
        <Exit>
          <Direction>Up</Direction>
          <Destination>519</Destination>
          <Display>the door up</Display>
          <Keywords></Keywords>
          <Description></Description>
          <Flags>Door Closed Locked</Flags>
          <Keys>503</Keys>
          <ExitSize>Giant</ExitSize>
        </Exit>
      </Exits>
      <ExtraDescriptions />
    </Room>
    <Room>
      <VNum>531</VNum>
      <Name>Within the catacombs</Name>
      <Description>All around you the crudely tunneled caverns extend.  The ground is moist
with blood.  Nearly turning it into mud.  It's hard to move.  Especially
with the strong smell of death creeping up all around you.  The air is cold
as it blows up against you.  Yet your underground.  How is this possible?</Description>
      <Sector>Inside</Sector>
      <Flags></Flags>
      <Exits>
        <Exit>
          <Direction>East</Direction>
          <Destination>532</Destination>
          <Display>the door east</Display>
          <Keywords></Keywords>
          <Description></Description>
          <Flags></Flags>
          <Keys>0</Keys>
          <ExitSize>Giant</ExitSize>
        </Exit>
        <Exit>
          <Direction>South</Direction>
          <Destination>530</Destination>
          <Display>the door south</Display>
          <Keywords></Keywords>
          <Description></Description>
          <Flags></Flags>
          <Keys>0</Keys>
          <ExitSize>Giant</ExitSize>
        </Exit>
        <Exit>
          <Direction>West</Direction>
          <Destination>537</Destination>
          <Display>the door west</Display>
          <Keywords></Keywords>
          <Description></Description>
          <Flags></Flags>
          <Keys>0</Keys>
          <ExitSize>Giant</ExitSize>
        </Exit>
      </Exits>
      <ExtraDescriptions />
    </Room>
    <Room>
      <VNum>532</VNum>
      <Name>Within the catacombs</Name>
      <Description>All around you the crudely tunneled caverns extend.  The ground is moist
with blood.  Nearly turning it into mud.  It's hard to move.  Especially
with the strong smell of death creeping up all around you.  The air is cold
as it blows up against you.  Yet your underground.  How is this possible?</Description>
      <Sector>Inside</Sector>
      <Flags></Flags>
      <Exits>
        <Exit>
          <Direction>East</Direction>
          <Destination>533</Destination>
          <Display>the door east</Display>
          <Keywords></Keywords>
          <Description></Description>
          <Flags></Flags>
          <Keys>0</Keys>
          <ExitSize>Giant</ExitSize>
        </Exit>
        <Exit>
          <Direction>West</Direction>
          <Destination>531</Destination>
          <Display>the door west</Display>
          <Keywords></Keywords>
          <Description></Description>
          <Flags></Flags>
          <Keys>0</Keys>
          <ExitSize>Giant</ExitSize>
        </Exit>
      </Exits>
      <ExtraDescriptions />
    </Room>
    <Room>
      <VNum>533</VNum>
      <Name>Within the catacombs</Name>
      <Description>All around you the crudely tunneled caverns extend.  The ground is moist
with blood.  Nearly turning it into mud.  It's hard to move.  Especially
with the strong smell of death creeping up all around you.  The air is cold
as it blows up against you.  Yet your underground.  How is this possible?</Description>
      <Sector>Inside</Sector>
      <Flags></Flags>
      <Exits>
        <Exit>
          <Direction>East</Direction>
          <Destination>534</Destination>
          <Display>the door east</Display>
          <Keywords></Keywords>
          <Description></Description>
          <Flags></Flags>
          <Keys>0</Keys>
          <ExitSize>Giant</ExitSize>
        </Exit>
        <Exit>
          <Direction>West</Direction>
          <Destination>532</Destination>
          <Display>the door west</Display>
          <Keywords></Keywords>
          <Description></Description>
          <Flags></Flags>
          <Keys>0</Keys>
          <ExitSize>Giant</ExitSize>
        </Exit>
      </Exits>
      <ExtraDescriptions />
    </Room>
    <Room>
      <VNum>534</VNum>
      <Name>Within the catacombs</Name>
      <Description>All around you the crudely tunneled caverns extend.  The ground is moist
with blood.  Nearly turning it into mud.  It's hard to move.  Especially
with the strong smell of death creeping up all around you.  The air is cold
as it blows up against you.  Yet your underground.  How is this possible?</Description>
      <Sector>Inside</Sector>
      <Flags></Flags>
      <Exits>
        <Exit>
          <Direction>North</Direction>
          <Destination>535</Destination>
          <Display>the door north</Display>
          <Keywords></Keywords>
          <Description></Description>
          <Flags>Door Closed</Flags>
          <Keys>0</Keys>
          <ExitSize>Giant</ExitSize>
        </Exit>
        <Exit>
          <Direction>South</Direction>
          <Destination>536</Destination>
          <Display>the door south</Display>
          <Keywords></Keywords>
          <Description></Description>
          <Flags>Door Closed</Flags>
          <Keys>0</Keys>
          <ExitSize>Giant</ExitSize>
        </Exit>
        <Exit>
          <Direction>West</Direction>
          <Destination>533</Destination>
          <Display>the door west</Display>
          <Keywords></Keywords>
          <Description></Description>
          <Flags></Flags>
          <Keys>0</Keys>
          <ExitSize>Giant</ExitSize>
        </Exit>
      </Exits>
      <ExtraDescriptions />
    </Room>
    <Room>
      <VNum>535</VNum>
      <Name>Chamber of the Dreadlord</Name>
      <Description>You get the notion you shouldn't have stumbled in here.  The room lights
up suddenly by a huge fire.  The monster before you is something you haven't
seen before.  The entire ground shudders as it lands before you.  Extending
its claw in challenge.</Description>
      <Sector>Inside</Sector>
      <Flags></Flags>
      <Exits>
        <Exit>
          <Direction>South</Direction>
          <Destination>534</Destination>
          <Display>the door south</Display>
          <Keywords></Keywords>
          <Description></Description>
          <Flags>Door Closed</Flags>
          <Keys>0</Keys>
          <ExitSize>Giant</ExitSize>
        </Exit>
      </Exits>
      <ExtraDescriptions />
    </Room>
    <Room>
      <VNum>536</VNum>
      <Name>Room of the fallen templar</Name>
      <Description>Blinding light strikes you with force.  It is hard to make out anything
except the faint shape of a being in the back of the room.  The room smells
of rotting corpses, and for some odd reason it has a faint scent of a rose. 
The kind the templars of old use to lay upon their enemies corpses.</Description>
      <Sector>Inside</Sector>
      <Flags></Flags>
      <Exits>
        <Exit>
          <Direction>North</Direction>
          <Destination>534</Destination>
          <Display>the door north</Display>
          <Keywords></Keywords>
          <Description></Description>
          <Flags>Door Closed</Flags>
          <Keys>0</Keys>
          <ExitSize>Giant</ExitSize>
        </Exit>
      </Exits>
      <ExtraDescriptions />
    </Room>
    <Room>
      <VNum>537</VNum>
      <Name>Within the catacombs</Name>
      <Description>All around you the crudely tunneled caverns extend.  The ground is moist
with blood.  Nearly turning it into mud.  It's hard to move.  Especially
with the strong smell of death creeping up all around you.  The air is cold
as it blows up against you.  Yet your underground.  How is this possible?</Description>
      <Sector>Inside</Sector>
      <Flags></Flags>
      <Exits>
        <Exit>
          <Direction>East</Direction>
          <Destination>531</Destination>
          <Display>the door east</Display>
          <Keywords></Keywords>
          <Description></Description>
          <Flags></Flags>
          <Keys>0</Keys>
          <ExitSize>Giant</ExitSize>
        </Exit>
        <Exit>
          <Direction>West</Direction>
          <Destination>538</Destination>
          <Display>the door west</Display>
          <Keywords></Keywords>
          <Description></Description>
          <Flags></Flags>
          <Keys>0</Keys>
          <ExitSize>Giant</ExitSize>
        </Exit>
      </Exits>
      <ExtraDescriptions />
    </Room>
    <Room>
      <VNum>538</VNum>
      <Name>Within the catacombs</Name>
      <Description>All around you the crudely tunneled caverns extend.  The ground is moist
with blood.  Nearly turning it into mud.  It's hard to move.  Especially
with the strong smell of death creeping up all around you.  The air is cold
as it blows up against you.  Yet your underground.  How is this possible?</Description>
      <Sector>Inside</Sector>
      <Flags></Flags>
      <Exits>
        <Exit>
          <Direction>East</Direction>
          <Destination>537</Destination>
          <Display>the door east</Display>
          <Keywords></Keywords>
          <Description></Description>
          <Flags></Flags>
          <Keys>0</Keys>
          <ExitSize>Giant</ExitSize>
        </Exit>
        <Exit>
          <Direction>West</Direction>
          <Destination>539</Destination>
          <Display>the door west</Display>
          <Keywords></Keywords>
          <Description></Description>
          <Flags></Flags>
          <Keys>0</Keys>
          <ExitSize>Giant</ExitSize>
        </Exit>
      </Exits>
      <ExtraDescriptions />
    </Room>
    <Room>
      <VNum>539</VNum>
      <Name>Within the catacombs</Name>
      <Description>All around you the crudely tunneled caverns extend.  The ground is moist
with blood.  Nearly turning it into mud.  It's hard to move.  Especially
with the strong smell of death creeping up all around you.  The air is cold
as it blows up against you.  Yet your underground.  How is this possible?</Description>
      <Sector>Inside</Sector>
      <Flags></Flags>
      <Exits>
        <Exit>
          <Direction>East</Direction>
          <Destination>538</Destination>
          <Display>the door east</Display>
          <Keywords></Keywords>
          <Description></Description>
          <Flags></Flags>
          <Keys>0</Keys>
          <ExitSize>Giant</ExitSize>
        </Exit>
      </Exits>
      <ExtraDescriptions />
    </Room>
    <Room>
      <VNum>540</VNum>
      <Name></Name>
      <Description></Description>
      <Sector>Inside</Sector>
      <Flags>NoMob</Flags>
      <Exits />
      <ExtraDescriptions />
    </Room>
  </Rooms>
  <NPCs>
    <NPC>
      <Vnum>500</Vnum>
      <name>orc warrior powerful</name>
      <description>Adorned in armor you have never seen before.  A crest of a black rose
with a single thorn sits proudly engraved into his helm.  A mystical fire
seems to burn around it.  He peers at you with distaste, and seems to beg
you to strike.</description>
      <longDescription>A powerful orc warrior stands here, mindlessly attending to his tasks.</longDescription>
      <shortDescription>A powerful orc warrior</shortDescription>
      <Sex>Male</Sex>
      <level>55</level>
      <HitPointDiceSides>1</HitPointDiceSides>
      <HitPointDiceCount>1</HitPointDiceCount>
      <HitPointDiceBonus>5000</HitPointDiceBonus>
      <ManaPointDiceSides>1</ManaPointDiceSides>
      <ManaPointDiceCount>1</ManaPointDiceCount>
      <ManaPointDiceBonus>500</ManaPointDiceBonus>
      <trust>55</trust>
      <hitpoints>1100</hitpoints>
      <maxhitpoints>1100</maxhitpoints>
      <manapoints>0</manapoints>
      <maxmanapoints>0</maxmanapoints>
      <movementpoints>0</movementpoints>
      <maxmovementpoints>0</maxmovementpoints>
      <ArmorBash>-200</ArmorBash>
      <ArmorSlash>-200</ArmorSlash>
      <ArmorPierce>-200</ArmorPierce>
      <ArmorExotic>-200</ArmorExotic>
      <size>Large</size>
      <race>unique</race>
      <alignment>Evil</alignment>
      <ethos>0</ethos>
      <hitroll>30</hitroll>
      <damRoll>55</damRoll>
      <armorclass>0</armorclass>
      <silver>0</silver>
      <gold>1000</gold>
      <SavingThrow>0</SavingThrow>
      <Guild></Guild>
      <flags>NPC Sentinel</flags>
      <immune></immune>
      <resist></resist>
      <vulnerable></vulnerable>
      <affectedBy>DetectInvis Flying Regeneration DetectIllusion</affectedBy>
      <WiznetFlags></WiznetFlags>
      <WeaponDamageMessage>punch</WeaponDamageMessage>
      <DamageDiceSides>1</DamageDiceSides>
      <DamageDiceCount>1</DamageDiceCount>
      <DamageDiceBonus>50</DamageDiceBonus>
      <PermanentStats>
        <Strength>16</Strength>
        <Wisdom>16</Wisdom>
        <Intelligence>16</Intelligence>
        <Dexterity>16</Dexterity>
        <Constitution>16</Constitution>
        <Charisma>16</Charisma>
      </PermanentStats>
    </NPC>
    <NPC>
      <Vnum>501</Vnum>
      <name>dread lord dreadlord</name>
      <description>A massive being to say the least.  His eyes flicker with hatred.  His
body is adorned in a very fine chainmail.  It doesn't look to be forged of
this world.  You suddenly have an impulse to turn and run.</description>
      <longDescription>The dark dreadlord stands before you, claw extended in challenge.</longDescription>
      <shortDescription>the Dreadlord</shortDescription>
      <Sex>Male</Sex>
      <level>60</level>
      <HitPointDiceSides>1</HitPointDiceSides>
      <HitPointDiceCount>1</HitPointDiceCount>
      <HitPointDiceBonus>20000</HitPointDiceBonus>
      <ManaPointDiceSides>1</ManaPointDiceSides>
      <ManaPointDiceCount>1</ManaPointDiceCount>
      <ManaPointDiceBonus>2000</ManaPointDiceBonus>
      <trust>60</trust>
      <hitpoints>1200</hitpoints>
      <maxhitpoints>1200</maxhitpoints>
      <manapoints>0</manapoints>
      <maxmanapoints>0</maxmanapoints>
      <movementpoints>0</movementpoints>
      <maxmovementpoints>0</maxmovementpoints>
      <ArmorBash>-300</ArmorBash>
      <ArmorSlash>-300</ArmorSlash>
      <ArmorPierce>-300</ArmorPierce>
      <ArmorExotic>-300</ArmorExotic>
      <size>Medium</size>
      <race>dark-elf</race>
      <alignment>Evil</alignment>
      <ethos>0</ethos>
      <hitroll>40</hitroll>
      <damRoll>60</damRoll>
      <armorclass>0</armorclass>
      <silver>0</silver>
      <gold>1000</gold>
      <SavingThrow>0</SavingThrow>
      <Guild></Guild>
      <flags>NPC Sentinel</flags>
      <immune></immune>
      <resist></resist>
      <vulnerable></vulnerable>
      <affectedBy>Sanctuary Infrared Sneak Haste</affectedBy>
      <WiznetFlags></WiznetFlags>
      <WeaponDamageMessage>punch</WeaponDamageMessage>
      <DamageDiceSides>1</DamageDiceSides>
      <DamageDiceCount>1</DamageDiceCount>
      <DamageDiceBonus>60</DamageDiceBonus>
      <PermanentStats>
        <Strength>16</Strength>
        <Wisdom>16</Wisdom>
        <Intelligence>16</Intelligence>
        <Dexterity>16</Dexterity>
        <Constitution>16</Constitution>
        <Charisma>16</Charisma>
      </PermanentStats>
    </NPC>
    <NPC>
      <Vnum>502</Vnum>
      <name>orc general</name>
      <description>This huge orc commands respect to all around him.  His piercing red eyes
gleam with bloodlust.  Even through his armor you can see the muscles expand
and contract to overwealming proportions.  Pity anyone whom would wish to
attack this massive specimen.</description>
      <longDescription>The orc general stands here, yelling harsh words to his warriors.</longDescription>
      <shortDescription>The Orc General</shortDescription>
      <Sex>Male</Sex>
      <level>58</level>
      <HitPointDiceSides>1</HitPointDiceSides>
      <HitPointDiceCount>1</HitPointDiceCount>
      <HitPointDiceBonus>8000</HitPointDiceBonus>
      <ManaPointDiceSides>1</ManaPointDiceSides>
      <ManaPointDiceCount>1</ManaPointDiceCount>
      <ManaPointDiceBonus>500</ManaPointDiceBonus>
      <trust>58</trust>
      <hitpoints>1160</hitpoints>
      <maxhitpoints>1160</maxhitpoints>
      <manapoints>0</manapoints>
      <maxmanapoints>0</maxmanapoints>
      <movementpoints>0</movementpoints>
      <maxmovementpoints>0</maxmovementpoints>
      <ArmorBash>-250</ArmorBash>
      <ArmorSlash>-250</ArmorSlash>
      <ArmorPierce>-250</ArmorPierce>
      <ArmorExotic>-250</ArmorExotic>
      <size>Large</size>
      <race>unique</race>
      <alignment>Evil</alignment>
      <ethos>0</ethos>
      <hitroll>30</hitroll>
      <damRoll>58</damRoll>
      <armorclass>0</armorclass>
      <silver>0</silver>
      <gold>0</gold>
      <SavingThrow>0</SavingThrow>
      <Guild></Guild>
      <flags>NPC Sentinel Aggressive StayArea NoTrack</flags>
      <immune></immune>
      <resist></resist>
      <vulnerable></vulnerable>
      <affectedBy>DetectInvis Sanctuary Berserk Regeneration DetectIllusion</affectedBy>
      <WiznetFlags></WiznetFlags>
      <WeaponDamageMessage>punch</WeaponDamageMessage>
      <DamageDiceSides>1</DamageDiceSides>
      <DamageDiceCount>1</DamageDiceCount>
      <DamageDiceBonus>50</DamageDiceBonus>
      <PermanentStats>
        <Strength>16</Strength>
        <Wisdom>16</Wisdom>
        <Intelligence>16</Intelligence>
        <Dexterity>16</Dexterity>
        <Constitution>16</Constitution>
        <Charisma>16</Charisma>
      </PermanentStats>
    </NPC>
    <NPC>
      <Vnum>503</Vnum>
      <name>fallen templar</name>
      <description>Once a proud and noble knight of the clothe.  His will gave to Lord
Ceial.  Now he is to stay in the catacombs for all of eternity in punishment
by the Dark Lord himself.  The reason is unkown.  Yet that is the way of
Ceial.</description>
      <longDescription>The fallen templar stands here clutching his shield tightly.</longDescription>
      <shortDescription>the Fallen Templar</shortDescription>
      <Sex>Male</Sex>
      <level>55</level>
      <HitPointDiceSides>1</HitPointDiceSides>
      <HitPointDiceCount>1</HitPointDiceCount>
      <HitPointDiceBonus>10000</HitPointDiceBonus>
      <ManaPointDiceSides>1</ManaPointDiceSides>
      <ManaPointDiceCount>1</ManaPointDiceCount>
      <ManaPointDiceBonus>4000</ManaPointDiceBonus>
      <trust>55</trust>
      <hitpoints>1100</hitpoints>
      <maxhitpoints>1100</maxhitpoints>
      <manapoints>0</manapoints>
      <maxmanapoints>0</maxmanapoints>
      <movementpoints>0</movementpoints>
      <maxmovementpoints>0</maxmovementpoints>
      <ArmorBash>-300</ArmorBash>
      <ArmorSlash>-300</ArmorSlash>
      <ArmorPierce>-300</ArmorPierce>
      <ArmorExotic>-300</ArmorExotic>
      <size>Medium</size>
      <race>elf</race>
      <alignment>Evil</alignment>
      <ethos>0</ethos>
      <hitroll>40</hitroll>
      <damRoll>55</damRoll>
      <armorclass>0</armorclass>
      <silver>0</silver>
      <gold>1000</gold>
      <SavingThrow>0</SavingThrow>
      <Guild></Guild>
      <flags>NPC Sentinel</flags>
      <immune></immune>
      <resist></resist>
      <vulnerable></vulnerable>
      <affectedBy>Sanctuary Infrared Sneak Haste</affectedBy>
      <WiznetFlags></WiznetFlags>
      <WeaponDamageMessage>punch</WeaponDamageMessage>
      <DamageDiceSides>1</DamageDiceSides>
      <DamageDiceCount>1</DamageDiceCount>
      <DamageDiceBonus>50</DamageDiceBonus>
      <PermanentStats>
        <Strength>16</Strength>
        <Wisdom>16</Wisdom>
        <Intelligence>16</Intelligence>
        <Dexterity>16</Dexterity>
        <Constitution>16</Constitution>
        <Charisma>16</Charisma>
      </PermanentStats>
    </NPC>
  </NPCs>
  <Items>
    <Item>
      <VNum>500</VNum>
      <Name>helm crest black rose thorn helmet</Name>
      <ShortDescription>a helm engraved with a black rose with a single thorn</ShortDescription>
      <LongDescription>A helm engraved with a black rose with a single thorn lays here untouched.</LongDescription>
      <Description></Description>
      <Level>54</Level>
      <WeaponDamageType>none</WeaponDamageType>
      <WeaponType>None</WeaponType>
      <DiceSides>1</DiceSides>
      <DiceCount>1</DiceCount>
      <DiceBonus>1</DiceBonus>
      <Weight>0.5</Weight>
      <WearFlags>Take Head</WearFlags>
      <ExtraFlags>Glow Evil Magic</ExtraFlags>
      <ItemTypes>Armor</ItemTypes>
      <Affects>
        <Affect where="ToObject" level="0" duration="-1" location="Hitpoints" modifier="35" hidden="False" affectType="Spell">
          <ExtraState />
        </Affect>
        <Affect where="ToObject" level="0" duration="-1" location="Str" modifier="3" hidden="False" affectType="Spell">
          <ExtraState />
        </Affect>
        <Affect where="ToObject" level="0" duration="-1" location="Damroll" modifier="4" hidden="False" affectType="Spell">
          <ExtraState />
        </Affect>
        <Affect where="ToObject" level="0" duration="-1" location="Hitroll" modifier="4" hidden="False" affectType="Spell">
          <ExtraState />
        </Affect>
      </Affects>
      <Silver>0</Silver>
      <Gold>0</Gold>
      <Cost>10000</Cost>
      <Nutrition>0</Nutrition>
      <Liquid></Liquid>
      <MaxWeight>0</MaxWeight>
      <Material>onyx</Material>
      <Charges>0</Charges>
      <MaxCharges>0</MaxCharges>
      <MaxDurability>100</MaxDurability>
      <ArmorBash>15</ArmorBash>
      <ArmorSlash>15</ArmorSlash>
      <ArmorPierce>15</ArmorPierce>
      <ArmorExotic>15</ArmorExotic>
      <ExtraDescriptions />
    </Item>
    <Item>
      <VNum>501</VNum>
      <Name>sword of devotion</Name>
      <ShortDescription>the Sword of Devotion</ShortDescription>
      <LongDescription>A dark sword pulsates from the ground.</LongDescription>
      <Description></Description>
      <Level>54</Level>
      <WeaponDamageType>slash</WeaponDamageType>
      <WeaponType>Sword</WeaponType>
      <DiceSides>9</DiceSides>
      <DiceCount>6</DiceCount>
      <DiceBonus>0</DiceBonus>
      <Weight>2.5</Weight>
      <WearFlags>Take Wield</WearFlags>
      <ExtraFlags>Glow Hum Evil AntiGood NoRemove Unholy</ExtraFlags>
      <ItemTypes>Weapon</ItemTypes>
      <Affects>
        <Affect where="ToObject" level="0" duration="-1" location="Hitroll" modifier="7" hidden="False" affectType="Spell">
          <ExtraState />
        </Affect>
        <Affect where="ToObject" level="0" duration="-1" location="Damroll" modifier="7" hidden="False" affectType="Spell">
          <ExtraState />
        </Affect>
      </Affects>
      <Silver>0</Silver>
      <Gold>0</Gold>
      <Cost>10000</Cost>
      <Nutrition>0</Nutrition>
      <Liquid></Liquid>
      <MaxWeight>0</MaxWeight>
      <Material>iron</Material>
      <Charges>0</Charges>
      <MaxCharges>0</MaxCharges>
      <MaxDurability>100</MaxDurability>
      <ArmorBash>0</ArmorBash>
      <ArmorSlash>0</ArmorSlash>
      <ArmorPierce>0</ArmorPierce>
      <ArmorExotic>0</ArmorExotic>
      <ExtraDescriptions />
    </Item>
    <Item>
      <VNum>502</VNum>
      <Name>breastplate breast plate rose thorn</Name>
      <ShortDescription>a breastplate adorned with a black rose</ShortDescription>
      <LongDescription>A breasplate baring a black rose lays here.</LongDescription>
      <Description></Description>
      <Level>54</Level>
      <WeaponDamageType>none</WeaponDamageType>
      <WeaponType>None</WeaponType>
      <DiceSides>1</DiceSides>
      <DiceCount>1</DiceCount>
      <DiceBonus>1</DiceBonus>
      <Weight>3</Weight>
      <WearFlags>Take Body</WearFlags>
      <ExtraFlags></ExtraFlags>
      <ItemTypes>Armor</ItemTypes>
      <Affects>
        <Affect where="ToObject" level="0" duration="-1" location="Hitpoints" modifier="50" hidden="False" affectType="Spell">
          <ExtraState />
        </Affect>
        <Affect where="ToObject" level="0" duration="-1" location="Damroll" modifier="8" hidden="False" affectType="Spell">
          <ExtraState />
        </Affect>
        <Affect where="ToObject" level="0" duration="-1" location="Hitroll" modifier="8" hidden="False" affectType="Spell">
          <ExtraState />
        </Affect>
      </Affects>
      <Silver>0</Silver>
      <Gold>0</Gold>
      <Cost>10000</Cost>
      <Nutrition>0</Nutrition>
      <Liquid></Liquid>
      <MaxWeight>0</MaxWeight>
      <Material>onyx</Material>
      <Charges>0</Charges>
      <MaxCharges>0</MaxCharges>
      <MaxDurability>100</MaxDurability>
      <ArmorBash>25</ArmorBash>
      <ArmorSlash>25</ArmorSlash>
      <ArmorPierce>25</ArmorPierce>
      <ArmorExotic>25</ArmorExotic>
      <ExtraDescriptions />
    </Item>
    <Item>
      <VNum>503</VNum>
      <Name>a key of earth</Name>
      <ShortDescription>a key of earth</ShortDescription>
      <LongDescription>A dark key lays here, undisturbed.</LongDescription>
      <Description></Description>
      <Level>54</Level>
      <WeaponDamageType>none</WeaponDamageType>
      <WeaponType>None</WeaponType>
      <DiceSides>1</DiceSides>
      <DiceCount>1</DiceCount>
      <DiceBonus>1</DiceBonus>
      <Weight>0.1</Weight>
      <WearFlags>Take Hold</WearFlags>
      <ExtraFlags>Glow</ExtraFlags>
      <ItemTypes>Key</ItemTypes>
      <Affects />
      <Silver>0</Silver>
      <Gold>0</Gold>
      <Cost>0</Cost>
      <Nutrition>0</Nutrition>
      <Liquid></Liquid>
      <MaxWeight>0</MaxWeight>
      <Material>earth</Material>
      <Charges>0</Charges>
      <MaxCharges>0</MaxCharges>
      <MaxDurability>100</MaxDurability>
      <ArmorBash>0</ArmorBash>
      <ArmorSlash>0</ArmorSlash>
      <ArmorPierce>0</ArmorPierce>
      <ArmorExotic>0</ArmorExotic>
      <ExtraDescriptions />
    </Item>
    <Item>
      <VNum>504</VNum>
      <Name>bracer of dread</Name>
      <ShortDescription>the bracer of dread</ShortDescription>
      <LongDescription>A dark bracer lays here untouched.</LongDescription>
      <Description></Description>
      <Level>54</Level>
      <WeaponDamageType>none</WeaponDamageType>
      <WeaponType>None</WeaponType>
      <DiceSides>1</DiceSides>
      <DiceCount>1</DiceCount>
      <DiceBonus>1</DiceBonus>
      <Weight>1</Weight>
      <WearFlags>Take Wrist</WearFlags>
      <ExtraFlags>Glow Hum Evil</ExtraFlags>
      <ItemTypes>Armor</ItemTypes>
      <Affects>
        <Affect where="ToObject" level="0" duration="-1" location="Damroll" modifier="5" hidden="False" affectType="Spell">
          <ExtraState />
        </Affect>
        <Affect where="ToObject" level="0" duration="-1" location="Hitpoints" modifier="40" hidden="False" affectType="Spell">
          <ExtraState />
        </Affect>
        <Affect where="ToObject" level="0" duration="-1" location="Saves" modifier="-10" hidden="False" affectType="Spell">
          <ExtraState />
        </Affect>
      </Affects>
      <Silver>0</Silver>
      <Gold>0</Gold>
      <Cost>0</Cost>
      <Nutrition>0</Nutrition>
      <Liquid></Liquid>
      <MaxWeight>0</MaxWeight>
      <Material>onyx</Material>
      <Charges>0</Charges>
      <MaxCharges>0</MaxCharges>
      <MaxDurability>100</MaxDurability>
      <ArmorBash>10</ArmorBash>
      <ArmorSlash>10</ArmorSlash>
      <ArmorPierce>10</ArmorPierce>
      <ArmorExotic>10</ArmorExotic>
      <ExtraDescriptions />
    </Item>
    <Item>
      <VNum>505</VNum>
      <Name>scroll of despair</Name>
      <ShortDescription>the scroll of despair</ShortDescription>
      <LongDescription>A dark scroll lays here emiting hatred.</LongDescription>
      <Description></Description>
      <Level>60</Level>
      <WeaponDamageType>none</WeaponDamageType>
      <WeaponType>None</WeaponType>
      <DiceSides>1</DiceSides>
      <DiceCount>1</DiceCount>
      <DiceBonus>1</DiceBonus>
      <Weight>0.5</Weight>
      <WearFlags>Take</WearFlags>
      <ExtraFlags>Glow Evil</ExtraFlags>
      <ItemTypes>Scroll</ItemTypes>
      <Affects />
      <Spells>
        <Spell Level="60" SpellName="blindness" />
        <Spell Level="60" SpellName="curse" />
        <Spell Level="60" SpellName="weaken" />
      </Spells>
      <Silver>0</Silver>
      <Gold>0</Gold>
      <Cost>0</Cost>
      <Nutrition>0</Nutrition>
      <Liquid></Liquid>
      <MaxWeight>0</MaxWeight>
      <Material>paper</Material>
      <Charges>0</Charges>
      <MaxCharges>0</MaxCharges>
      <MaxDurability>100</MaxDurability>
      <ArmorBash>0</ArmorBash>
      <ArmorSlash>0</ArmorSlash>
      <ArmorPierce>0</ArmorPierce>
      <ArmorExotic>0</ArmorExotic>
      <ExtraDescriptions />
    </Item>
    <Item>
      <VNum>506</VNum>
      <Name>shield fallen templar</Name>
      <ShortDescription>the Shield of the Fallen Templar</ShortDescription>
      <LongDescription>A dark shield lays here untouched.</LongDescription>
      <Description></Description>
      <Level>54</Level>
      <WeaponDamageType>none</WeaponDamageType>
      <WeaponType>None</WeaponType>
      <DiceSides>1</DiceSides>
      <DiceCount>1</DiceCount>
      <DiceBonus>1</DiceBonus>
      <Weight>2.5</Weight>
      <WearFlags>Take Shield</WearFlags>
      <ExtraFlags>Glow Hum Evil</ExtraFlags>
      <ItemTypes>Armor</ItemTypes>
      <Affects>
        <Affect where="ToObject" level="0" duration="-1" location="Damroll" modifier="5" hidden="False" affectType="Spell">
          <ExtraState />
        </Affect>
        <Affect where="ToObject" level="0" duration="-1" location="Hitroll" modifier="5" hidden="False" affectType="Spell">
          <ExtraState />
        </Affect>
        <Affect where="ToObject" level="0" duration="-1" location="Hitpoints" modifier="50" hidden="False" affectType="Spell">
          <ExtraState />
        </Affect>
      </Affects>
      <Silver>0</Silver>
      <Gold>0</Gold>
      <Cost>0</Cost>
      <Nutrition>0</Nutrition>
      <Liquid></Liquid>
      <MaxWeight>0</MaxWeight>
      <Material>onyx</Material>
      <Charges>0</Charges>
      <MaxCharges>0</MaxCharges>
      <MaxDurability>100</MaxDurability>
      <ArmorBash>25</ArmorBash>
      <ArmorSlash>25</ArmorSlash>
      <ArmorPierce>25</ArmorPierce>
      <ArmorExotic>25</ArmorExotic>
      <ExtraDescriptions />
    </Item>
  </Items>
  <Resets>
    <Reset Type="NPC" Destination="502" Count="1" Max="15" Vnum="500">
      <!--Spawn A powerful orc warrior to A dark clearing-->
    </Reset>
    <Reset Type="NPC" Destination="503" Count="2" Max="15" Vnum="500">
      <!--Spawn A powerful orc warrior to Within the fields-->
    </Reset>
    <Reset Type="NPC" Destination="505" Count="3" Max="15" Vnum="500">
      <!--Spawn A powerful orc warrior to Within the fields-->
    </Reset>
    <Reset Type="NPC" Destination="506" Count="4" Max="15" Vnum="500">
      <!--Spawn A powerful orc warrior to Within the fields-->
    </Reset>
    <Reset Type="NPC" Destination="512" Count="15" Max="15" Vnum="500">
      <!--Spawn A powerful orc warrior to Within the fields-->
    </Reset>
    <Reset Type="NPC" Destination="515" Count="14" Max="15" Vnum="500">
      <!--Spawn A powerful orc warrior to Within the fields-->
    </Reset>
    <Reset Type="NPC" Destination="516" Count="5" Max="15" Vnum="500">
      <!--Spawn A powerful orc warrior to Within the fields-->
    </Reset>
    <Reset Type="NPC" Destination="518" Count="8" Max="15" Vnum="500">
      <!--Spawn A powerful orc warrior to Within the fields-->
    </Reset>
    <Reset Type="NPC" Destination="519" Count="1" Max="1" Vnum="502">
      <!--Spawn The Orc General to Center of the field-->
    </Reset>
    <Reset Type="Equip" Destination="0" Count="0" Max="0" Vnum="502">
      <!--Spawn a breastplate adorned with a black rose to The Orc General-->
    </Reset>
    <Reset Type="Equip" Destination="0" Count="0" Max="0" Vnum="500">
      <!--Spawn a helm engraved with a black rose with a single thorn to The Orc General-->
    </Reset>
    <Reset Type="Equip" Destination="0" Count="0" Max="0" Vnum="501">
      <!--Spawn the Sword of Devotion to The Orc General-->
    </Reset>
    <Reset Type="NPC" Destination="520" Count="9" Max="15" Vnum="500">
      <!--Spawn A powerful orc warrior to Within the fields-->
    </Reset>
    <Reset Type="NPC" Destination="521" Count="10" Max="15" Vnum="500">
      <!--Spawn A powerful orc warrior to Within the fields-->
    </Reset>
    <Reset Type="NPC" Destination="522" Count="13" Max="15" Vnum="500">
      <!--Spawn A powerful orc warrior to Within the fields-->
    </Reset>
    <Reset Type="NPC" Destination="523" Count="12" Max="15" Vnum="500">
      <!--Spawn A powerful orc warrior to Within the fields-->
    </Reset>
    <Reset Type="NPC" Destination="524" Count="11" Max="15" Vnum="500">
      <!--Spawn A powerful orc warrior to Within the fields-->
    </Reset>
    <Reset Type="NPC" Destination="527" Count="7" Max="15" Vnum="500">
      <!--Spawn A powerful orc warrior to Within the fields-->
    </Reset>
    <Reset Type="NPC" Destination="529" Count="6" Max="15" Vnum="500">
      <!--Spawn A powerful orc warrior to Within the fields-->
    </Reset>
    <Reset Type="NPC" Destination="535" Count="1" Max="1" Vnum="501">
      <!--Spawn the Dreadlord to Chamber of the Dreadlord-->
    </Reset>
    <Reset Type="Equip" Destination="0" Count="0" Max="0" Vnum="504">
      <!--Spawn the bracer of dread to the Dreadlord-->
    </Reset>
    <Reset Type="Equip" Destination="0" Count="0" Max="0" Vnum="505">
      <!--Spawn the scroll of despair to the Dreadlord-->
    </Reset>
    <Reset Type="NPC" Destination="536" Count="1" Max="1" Vnum="503">
      <!--Spawn the Fallen Templar to Room of the fallen templar-->
    </Reset>
    <Reset Type="Equip" Destination="0" Count="0" Max="0" Vnum="506">
      <!--Spawn the Shield of the Fallen Templar to the Fallen Templar-->
    </Reset>
  </Resets>
</Area>