﻿<?xml version="1.0" encoding="utf-8"?>
<Area>
  <AreaData>
    <Name>Dark Forest</Name>
    <Info></Info>
    <VnumStart>11000</VnumStart>
    <VnumEnd>11099</VnumEnd>
    <MinimumLevel>51</MinimumLevel>
    <MaximumLevel>1</MaximumLevel>
    <Builders></Builders>
    <Security>0</Security>
    <Credits>Kraenesk Dark Forest</Credits>
    <Continent>Mainland</Continent>
    <OverRoomVnum>0</OverRoomVnum>
  </AreaData>
  <Rooms>
    <Room>
      <VNum>11000</VNum>
      <Name>A trail leading to a dense mass of trees</Name>
      <Description>You are standing on a dusty path leading to a dense forest filled with
trees. You can see that the trees are so dense that it is likely dark among
many of them. You can hear the howls of wolves and other forest creatures as
you grow closer. Leaves crackle under your feet as you walk.</Description>
      <Sector>Forest</Sector>
      <Flags></Flags>
      <Exits>
        <Exit>
          <Direction>North</Direction>
          <Destination>16100</Destination>
          <Display>the door north</Display>
          <Keywords></Keywords>
          <Description></Description>
          <Flags></Flags>
          <Keys>0</Keys>
          <ExitSize>Giant</ExitSize>
        </Exit>
        <Exit>
          <Direction>South</Direction>
          <Destination>11001</Destination>
          <Display>the door south</Display>
          <Keywords></Keywords>
          <Description></Description>
          <Flags></Flags>
          <Keys>-1</Keys>
          <ExitSize>Giant</ExitSize>
        </Exit>
      </Exits>
      <ExtraDescriptions />
    </Room>
    <Room>
      <VNum>11001</VNum>
      <Name>A trail leading to a dense mass of trees</Name>
      <Description>You are standing on a dusty path leading to a dense forest filled with
trees. You can see that the trees are so dense that it is likely dark among
many of them. You can hear the howls of wolves and other forest creatures as
you grow closer. Leaves crackle under your feet as you walk.</Description>
      <Sector>Forest</Sector>
      <Flags></Flags>
      <Exits>
        <Exit>
          <Direction>North</Direction>
          <Destination>11000</Destination>
          <Display>the door north</Display>
          <Keywords></Keywords>
          <Description></Description>
          <Flags></Flags>
          <Keys>-1</Keys>
          <ExitSize>Giant</ExitSize>
        </Exit>
        <Exit>
          <Direction>South</Direction>
          <Destination>11002</Destination>
          <Display>the door south</Display>
          <Keywords></Keywords>
          <Description></Description>
          <Flags></Flags>
          <Keys>-1</Keys>
          <ExitSize>Giant</ExitSize>
        </Exit>
      </Exits>
      <ExtraDescriptions />
    </Room>
    <Room>
      <VNum>11002</VNum>
      <Name>A trail leading to a dense mass of trees</Name>
      <Description>You are standing on a dusty path leading to a dense forest filled with
trees. You can see that the trees are so dense that it is likely dark among
many of them. You can hear the howls of wolves and other forest creatures as
you grow closer. Leaves crackle under your feet as you walk.</Description>
      <Sector>Forest</Sector>
      <Flags></Flags>
      <Exits>
        <Exit>
          <Direction>North</Direction>
          <Destination>11001</Destination>
          <Display>the door north</Display>
          <Keywords></Keywords>
          <Description></Description>
          <Flags></Flags>
          <Keys>-1</Keys>
          <ExitSize>Giant</ExitSize>
        </Exit>
        <Exit>
          <Direction>East</Direction>
          <Destination>11003</Destination>
          <Display>the door east</Display>
          <Keywords></Keywords>
          <Description></Description>
          <Flags></Flags>
          <Keys>-1</Keys>
          <ExitSize>Giant</ExitSize>
        </Exit>
      </Exits>
      <ExtraDescriptions />
    </Room>
    <Room>
      <VNum>11003</VNum>
      <Name>A trail leading to a dense mass of trees</Name>
      <Description>You are standing on a dusty path leading to a dense forest filled with
trees. You can see that the trees are so dense that it is likely dark among
many of them. You can hear the howls of wolves and other forest creatures as
you grow</Description>
      <Sector>Forest</Sector>
      <Flags></Flags>
      <Exits>
        <Exit>
          <Direction>South</Direction>
          <Destination>11004</Destination>
          <Display>the door south</Display>
          <Keywords></Keywords>
          <Description></Description>
          <Flags></Flags>
          <Keys>-1</Keys>
          <ExitSize>Giant</ExitSize>
        </Exit>
        <Exit>
          <Direction>West</Direction>
          <Destination>11002</Destination>
          <Display>the door west</Display>
          <Keywords></Keywords>
          <Description></Description>
          <Flags></Flags>
          <Keys>-1</Keys>
          <ExitSize>Giant</ExitSize>
        </Exit>
      </Exits>
      <ExtraDescriptions />
    </Room>
    <Room>
      <VNum>11004</VNum>
      <Name>A trail leading to a dense mass of trees</Name>
      <Description>You are standing on a dusty path leading to a dense forest filled with
trees. You can see that the trees are so dense that it is likely dark among
many of them. You can hear the howls of wolves and other forest creatures as
you grow</Description>
      <Sector>Forest</Sector>
      <Flags></Flags>
      <Exits>
        <Exit>
          <Direction>North</Direction>
          <Destination>11003</Destination>
          <Display>the door north</Display>
          <Keywords></Keywords>
          <Description></Description>
          <Flags></Flags>
          <Keys>-1</Keys>
          <ExitSize>Giant</ExitSize>
        </Exit>
        <Exit>
          <Direction>West</Direction>
          <Destination>11005</Destination>
          <Display>the door west</Display>
          <Keywords></Keywords>
          <Description></Description>
          <Flags></Flags>
          <Keys>-1</Keys>
          <ExitSize>Giant</ExitSize>
        </Exit>
      </Exits>
      <ExtraDescriptions />
    </Room>
    <Room>
      <VNum>11005</VNum>
      <Name>A trail leading to a dense mass of trees</Name>
      <Description>You are standing on a dusty path leading to a dense forest filled with
trees. You can see that the trees are so dense that it is likely dark among
many of them. You can hear the howls of wolves and other forest creatures as
you grow</Description>
      <Sector>Forest</Sector>
      <Flags></Flags>
      <Exits>
        <Exit>
          <Direction>East</Direction>
          <Destination>11004</Destination>
          <Display>the door east</Display>
          <Keywords></Keywords>
          <Description></Description>
          <Flags></Flags>
          <Keys>-1</Keys>
          <ExitSize>Giant</ExitSize>
        </Exit>
        <Exit>
          <Direction>South</Direction>
          <Destination>11006</Destination>
          <Display>the door south</Display>
          <Keywords></Keywords>
          <Description></Description>
          <Flags></Flags>
          <Keys>-1</Keys>
          <ExitSize>Giant</ExitSize>
        </Exit>
      </Exits>
      <ExtraDescriptions />
    </Room>
    <Room>
      <VNum>11006</VNum>
      <Name>A trail leading to a dense mass of trees</Name>
      <Description>You are standing on a dusty path leading to a dense forest filled with
trees. You can see that the trees are so dense that it is likely dark among
many of them. You can hear the howls of wolves and other forest creatures as
you grow</Description>
      <Sector>Forest</Sector>
      <Flags></Flags>
      <Exits>
        <Exit>
          <Direction>North</Direction>
          <Destination>11005</Destination>
          <Display>the door north</Display>
          <Keywords></Keywords>
          <Description></Description>
          <Flags></Flags>
          <Keys>-1</Keys>
          <ExitSize>Giant</ExitSize>
        </Exit>
        <Exit>
          <Direction>East</Direction>
          <Destination>11007</Destination>
          <Display>the door east</Display>
          <Keywords></Keywords>
          <Description></Description>
          <Flags></Flags>
          <Keys>-1</Keys>
          <ExitSize>Giant</ExitSize>
        </Exit>
      </Exits>
      <ExtraDescriptions />
    </Room>
    <Room>
      <VNum>11007</VNum>
      <Name>Pushing your way into the forest</Name>
      <Description>You push your way through a dense wall of vines and into a dense forest.
You are surrounded by trees in all directions. They are so dense you can
hardly tell from which direction you came.</Description>
      <Sector>Forest</Sector>
      <Flags></Flags>
      <Exits>
        <Exit>
          <Direction>South</Direction>
          <Destination>11008</Destination>
          <Display>the door south</Display>
          <Keywords></Keywords>
          <Description></Description>
          <Flags></Flags>
          <Keys>-1</Keys>
          <ExitSize>Giant</ExitSize>
        </Exit>
        <Exit>
          <Direction>West</Direction>
          <Destination>11006</Destination>
          <Display>the door west</Display>
          <Keywords></Keywords>
          <Description></Description>
          <Flags></Flags>
          <Keys>-1</Keys>
          <ExitSize>Giant</ExitSize>
        </Exit>
      </Exits>
      <ExtraDescriptions />
    </Room>
    <Room>
      <VNum>11008</VNum>
      <Name>In a dark forest.</Name>
      <Description>You are walking through a forest so dense no light shows through the
canope of trees overhead, you hear the howling of wolves and the snarling of
mountain lions off in the distance, leaves and tiny insects crunch under
your feet as you walk. Mice scurry around on the ground all around you.</Description>
      <Sector>Forest</Sector>
      <Flags></Flags>
      <Exits>
        <Exit>
          <Direction>North</Direction>
          <Destination>11007</Destination>
          <Display>the door north</Display>
          <Keywords></Keywords>
          <Description></Description>
          <Flags></Flags>
          <Keys>-1</Keys>
          <ExitSize>Giant</ExitSize>
        </Exit>
        <Exit>
          <Direction>South</Direction>
          <Destination>11009</Destination>
          <Display>the door south</Display>
          <Keywords></Keywords>
          <Description></Description>
          <Flags></Flags>
          <Keys>-1</Keys>
          <ExitSize>Giant</ExitSize>
        </Exit>
      </Exits>
      <ExtraDescriptions />
    </Room>
    <Room>
      <VNum>11009</VNum>
      <Name>In a dark forest.</Name>
      <Description>You are walking through a forest so dense no light shows through the
canope of trees overhead, you hear the howling of wolves and the snarling of
mountain lions off in the distance, leaves and tiny insects crunch under
your feet as you walk.</Description>
      <Sector>Forest</Sector>
      <Flags></Flags>
      <Exits>
        <Exit>
          <Direction>North</Direction>
          <Destination>11008</Destination>
          <Display>the door north</Display>
          <Keywords></Keywords>
          <Description></Description>
          <Flags></Flags>
          <Keys>-1</Keys>
          <ExitSize>Giant</ExitSize>
        </Exit>
        <Exit>
          <Direction>South</Direction>
          <Destination>11013</Destination>
          <Display>the door south</Display>
          <Keywords></Keywords>
          <Description></Description>
          <Flags></Flags>
          <Keys>-1</Keys>
          <ExitSize>Giant</ExitSize>
        </Exit>
        <Exit>
          <Direction>West</Direction>
          <Destination>11010</Destination>
          <Display>the door west</Display>
          <Keywords></Keywords>
          <Description></Description>
          <Flags></Flags>
          <Keys>-1</Keys>
          <ExitSize>Giant</ExitSize>
        </Exit>
      </Exits>
      <ExtraDescriptions />
    </Room>
    <Room>
      <VNum>11010</VNum>
      <Name>A trail leading to a small spring</Name>
      <Description>Rays of light shine through the trees lightening the forest up a bit as
you hear a trickle of water off to the west indicating there might me a
small spring nearby.</Description>
      <Sector>Forest</Sector>
      <Flags></Flags>
      <Exits>
        <Exit>
          <Direction>East</Direction>
          <Destination>11009</Destination>
          <Display>the door east</Display>
          <Keywords></Keywords>
          <Description></Description>
          <Flags></Flags>
          <Keys>-1</Keys>
          <ExitSize>Giant</ExitSize>
        </Exit>
        <Exit>
          <Direction>West</Direction>
          <Destination>11011</Destination>
          <Display>the door west</Display>
          <Keywords></Keywords>
          <Description></Description>
          <Flags></Flags>
          <Keys>-1</Keys>
          <ExitSize>Giant</ExitSize>
        </Exit>
      </Exits>
      <ExtraDescriptions />
    </Room>
    <Room>
      <VNum>11011</VNum>
      <Name>A trail leading to a small spring</Name>
      <Description>Rays of light shine through the trees lightening the forest up a bit as
you hear a trickle of water off to the west indicating there might me a
small spring nearby.</Description>
      <Sector>Forest</Sector>
      <Flags></Flags>
      <Exits>
        <Exit>
          <Direction>East</Direction>
          <Destination>11010</Destination>
          <Display>the door east</Display>
          <Keywords></Keywords>
          <Description></Description>
          <Flags></Flags>
          <Keys>-1</Keys>
          <ExitSize>Giant</ExitSize>
        </Exit>
        <Exit>
          <Direction>West</Direction>
          <Destination>11012</Destination>
          <Display>the door west</Display>
          <Keywords></Keywords>
          <Description></Description>
          <Flags></Flags>
          <Keys>-1</Keys>
          <ExitSize>Giant</ExitSize>
        </Exit>
      </Exits>
      <ExtraDescriptions />
    </Room>
    <Room>
      <VNum>11012</VNum>
      <Name>A small artesian spring</Name>
      <Description>You are standing next to a small artesian spring. Water bubbles up from
the ground and creates a small pool of sweet cool water, just the thing to
refresh you on a hot day.</Description>
      <Sector>Forest</Sector>
      <Flags></Flags>
      <Exits>
        <Exit>
          <Direction>East</Direction>
          <Destination>11011</Destination>
          <Display>the door east</Display>
          <Keywords></Keywords>
          <Description></Description>
          <Flags></Flags>
          <Keys>-1</Keys>
          <ExitSize>Giant</ExitSize>
        </Exit>
      </Exits>
      <ExtraDescriptions />
    </Room>
    <Room>
      <VNum>11013</VNum>
      <Name>In a dark forest</Name>
      <Description>You are walking through a forest so dense no light shows through the
canope of trees overhead, you hear the howling of wolves and the snarling of
mountain lions off in the distance, leaves and tiny insects crunch under
your feet as you walk.</Description>
      <Sector>Forest</Sector>
      <Flags></Flags>
      <Exits>
        <Exit>
          <Direction>North</Direction>
          <Destination>11009</Destination>
          <Display>the door north</Display>
          <Keywords></Keywords>
          <Description></Description>
          <Flags></Flags>
          <Keys>-1</Keys>
          <ExitSize>Giant</ExitSize>
        </Exit>
        <Exit>
          <Direction>East</Direction>
          <Destination>11014</Destination>
          <Display>the door east</Display>
          <Keywords></Keywords>
          <Description></Description>
          <Flags></Flags>
          <Keys>-1</Keys>
          <ExitSize>Giant</ExitSize>
        </Exit>
        <Exit>
          <Direction>South</Direction>
          <Destination>11021</Destination>
          <Display>the door south</Display>
          <Keywords></Keywords>
          <Description></Description>
          <Flags></Flags>
          <Keys>-1</Keys>
          <ExitSize>Giant</ExitSize>
        </Exit>
      </Exits>
      <ExtraDescriptions />
    </Room>
    <Room>
      <VNum>11014</VNum>
      <Name>In a dark forest</Name>
      <Description>You are walking through a forest so dense no light shows through the
canope of trees overhead, you hear the howling of wolves and the snarling of
mountain lions off in the distance, leaves and tiny insects crunch under
your feet as you walk.</Description>
      <Sector>Forest</Sector>
      <Flags></Flags>
      <Exits>
        <Exit>
          <Direction>South</Direction>
          <Destination>11015</Destination>
          <Display>the door south</Display>
          <Keywords></Keywords>
          <Description></Description>
          <Flags></Flags>
          <Keys>-1</Keys>
          <ExitSize>Giant</ExitSize>
        </Exit>
        <Exit>
          <Direction>West</Direction>
          <Destination>11013</Destination>
          <Display>the door west</Display>
          <Keywords></Keywords>
          <Description></Description>
          <Flags></Flags>
          <Keys>-1</Keys>
          <ExitSize>Giant</ExitSize>
        </Exit>
      </Exits>
      <ExtraDescriptions />
    </Room>
    <Room>
      <VNum>11015</VNum>
      <Name>At the entrance to a Cave.</Name>
      <Description>Before you you see a large outcropping of rocks, with a small opening in
the middle, coming fromt eh cave you hear the growling of a bear. Are you
sure you want to go in there?</Description>
      <Sector>Field</Sector>
      <Flags></Flags>
      <Exits>
        <Exit>
          <Direction>North</Direction>
          <Destination>11014</Destination>
          <Display>the door north</Display>
          <Keywords></Keywords>
          <Description></Description>
          <Flags></Flags>
          <Keys>-1</Keys>
          <ExitSize>Giant</ExitSize>
        </Exit>
        <Exit>
          <Direction>Down</Direction>
          <Destination>11016</Destination>
          <Display>the door down</Display>
          <Keywords></Keywords>
          <Description></Description>
          <Flags></Flags>
          <Keys>-1</Keys>
          <ExitSize>Giant</ExitSize>
        </Exit>
      </Exits>
      <ExtraDescriptions />
    </Room>
    <Room>
      <VNum>11016</VNum>
      <Name>In a dark cave</Name>
      <Description>You are standing inside a cold dark cave. You feel hard packed dirt
beneath you feet and as you look around you see bones littering the floor
about the cave, dare you go any further?</Description>
      <Sector>Inside</Sector>
      <Flags></Flags>
      <Exits>
        <Exit>
          <Direction>North</Direction>
          <Destination>11017</Destination>
          <Display>the door north</Display>
          <Keywords></Keywords>
          <Description></Description>
          <Flags></Flags>
          <Keys>-1</Keys>
          <ExitSize>Giant</ExitSize>
        </Exit>
        <Exit>
          <Direction>Up</Direction>
          <Destination>11015</Destination>
          <Display>the door up</Display>
          <Keywords></Keywords>
          <Description></Description>
          <Flags></Flags>
          <Keys>-1</Keys>
          <ExitSize>Giant</ExitSize>
        </Exit>
      </Exits>
      <ExtraDescriptions />
    </Room>
    <Room>
      <VNum>11017</VNum>
      <Name>A passage in the cave</Name>
      <Description>You are standing in a dark passage within the cave. You feel a crunching
beneath your feet ,as you look down you see bones line the floor beneath
your feet The passageway twists and turns as you walk through it.</Description>
      <Sector>Inside</Sector>
      <Flags></Flags>
      <Exits>
        <Exit>
          <Direction>South</Direction>
          <Destination>11016</Destination>
          <Display>the door south</Display>
          <Keywords></Keywords>
          <Description></Description>
          <Flags></Flags>
          <Keys>-1</Keys>
          <ExitSize>Giant</ExitSize>
        </Exit>
        <Exit>
          <Direction>West</Direction>
          <Destination>11018</Destination>
          <Display>the door west</Display>
          <Keywords></Keywords>
          <Description></Description>
          <Flags></Flags>
          <Keys>-1</Keys>
          <ExitSize>Giant</ExitSize>
        </Exit>
      </Exits>
      <ExtraDescriptions />
    </Room>
    <Room>
      <VNum>11018</VNum>
      <Name>A passage in the cave</Name>
      <Description>You are standing in a dark passage within the cave. You feel a crunching
beneath your feet ,as you look down you see bones line the floor beneath
your feet The passageway twists and turns as you walk through it.</Description>
      <Sector>Inside</Sector>
      <Flags></Flags>
      <Exits>
        <Exit>
          <Direction>East</Direction>
          <Destination>11017</Destination>
          <Display>the door east</Display>
          <Keywords></Keywords>
          <Description></Description>
          <Flags></Flags>
          <Keys>-1</Keys>
          <ExitSize>Giant</ExitSize>
        </Exit>
        <Exit>
          <Direction>Down</Direction>
          <Destination>11019</Destination>
          <Display>the door down</Display>
          <Keywords></Keywords>
          <Description></Description>
          <Flags></Flags>
          <Keys>-1</Keys>
          <ExitSize>Giant</ExitSize>
        </Exit>
      </Exits>
      <ExtraDescriptions />
    </Room>
    <Room>
      <VNum>11019</VNum>
      <Name>A passage in the cave</Name>
      <Description>You are standing in a dark passage within the cave. You feel a crunching
beneath your feet ,as you look down you see bones line the floor beneath
your feet The passageway twists and turns as you walk through it.</Description>
      <Sector>Inside</Sector>
      <Flags></Flags>
      <Exits>
        <Exit>
          <Direction>South</Direction>
          <Destination>11020</Destination>
          <Display>the door south</Display>
          <Keywords></Keywords>
          <Description></Description>
          <Flags></Flags>
          <Keys>-1</Keys>
          <ExitSize>Giant</ExitSize>
        </Exit>
        <Exit>
          <Direction>Up</Direction>
          <Destination>11018</Destination>
          <Display>the door up</Display>
          <Keywords></Keywords>
          <Description></Description>
          <Flags></Flags>
          <Keys>-1</Keys>
          <ExitSize>Giant</ExitSize>
        </Exit>
      </Exits>
      <ExtraDescriptions />
    </Room>
    <Room>
      <VNum>11020</VNum>
      <Name>Inside the bear's den</Name>
      <Description>You are standing in a large open room withing the dark cave, a huge bear,
larger than any you have seen before is lying on a pile of bones in the
corner growling at you, you feel a sudden urge to leave this place.</Description>
      <Sector>Inside</Sector>
      <Flags></Flags>
      <Exits>
        <Exit>
          <Direction>North</Direction>
          <Destination>11019</Destination>
          <Display>the door north</Display>
          <Keywords></Keywords>
          <Description></Description>
          <Flags></Flags>
          <Keys>-1</Keys>
          <ExitSize>Giant</ExitSize>
        </Exit>
      </Exits>
      <ExtraDescriptions />
    </Room>
    <Room>
      <VNum>11021</VNum>
      <Name>In a dark forest</Name>
      <Description>You are walking through a forest so dense no light shows through the
canope of trees overhead, you hear the howling of wolves and the snarling of
mountain lions off in the distance, leaves and tiny insects crunch under
your feet as you walk.</Description>
      <Sector>Forest</Sector>
      <Flags></Flags>
      <Exits>
        <Exit>
          <Direction>North</Direction>
          <Destination>11013</Destination>
          <Display>the door north</Display>
          <Keywords></Keywords>
          <Description></Description>
          <Flags></Flags>
          <Keys>-1</Keys>
          <ExitSize>Giant</ExitSize>
        </Exit>
        <Exit>
          <Direction>West</Direction>
          <Destination>11022</Destination>
          <Display>the door west</Display>
          <Keywords></Keywords>
          <Description></Description>
          <Flags></Flags>
          <Keys>-1</Keys>
          <ExitSize>Giant</ExitSize>
        </Exit>
      </Exits>
      <ExtraDescriptions />
    </Room>
    <Room>
      <VNum>11022</VNum>
      <Name>In a dark forest</Name>
      <Description>You are walking through a forest so dense no light shows through the
canope of trees overhead, you hear the howling of wolves and the snarling of
mountain lions off in the distance, leaves and tiny insects crunch under
your feet as you walk.</Description>
      <Sector>Forest</Sector>
      <Flags></Flags>
      <Exits>
        <Exit>
          <Direction>East</Direction>
          <Destination>11021</Destination>
          <Display>the door east</Display>
          <Keywords></Keywords>
          <Description></Description>
          <Flags></Flags>
          <Keys>-1</Keys>
          <ExitSize>Giant</ExitSize>
        </Exit>
        <Exit>
          <Direction>South</Direction>
          <Destination>11023</Destination>
          <Display>the door south</Display>
          <Keywords></Keywords>
          <Description></Description>
          <Flags></Flags>
          <Keys>-1</Keys>
          <ExitSize>Giant</ExitSize>
        </Exit>
      </Exits>
      <ExtraDescriptions />
    </Room>
    <Room>
      <VNum>11023</VNum>
      <Name>In a dark forest</Name>
      <Description>You are walking through a forest so dense no light shows through the
canope of trees overhead, you hear the howling of wolves and the snarling of
mountain lions off in the distance, leaves and tiny insects crunch under
your feet as you walk.</Description>
      <Sector>Forest</Sector>
      <Flags></Flags>
      <Exits>
        <Exit>
          <Direction>North</Direction>
          <Destination>11022</Destination>
          <Display>the door north</Display>
          <Keywords></Keywords>
          <Description></Description>
          <Flags></Flags>
          <Keys>-1</Keys>
          <ExitSize>Giant</ExitSize>
        </Exit>
        <Exit>
          <Direction>West</Direction>
          <Destination>11024</Destination>
          <Display>the door west</Display>
          <Keywords></Keywords>
          <Description></Description>
          <Flags></Flags>
          <Keys>-1</Keys>
          <ExitSize>Giant</ExitSize>
        </Exit>
      </Exits>
      <ExtraDescriptions />
    </Room>
    <Room>
      <VNum>11024</VNum>
      <Name>In a dark forest</Name>
      <Description>You are walking through a forest so dense no light shows through the
canope of trees overhead, you hear the howling of wolves and the snarling of
mountain lions off in the distance, leaves and tiny insects crunch under
your feet as you walk.</Description>
      <Sector>Forest</Sector>
      <Flags></Flags>
      <Exits>
        <Exit>
          <Direction>East</Direction>
          <Destination>11023</Destination>
          <Display>the door east</Display>
          <Keywords></Keywords>
          <Description></Description>
          <Flags></Flags>
          <Keys>-1</Keys>
          <ExitSize>Giant</ExitSize>
        </Exit>
        <Exit>
          <Direction>South</Direction>
          <Destination>11025</Destination>
          <Display>the door south</Display>
          <Keywords></Keywords>
          <Description></Description>
          <Flags></Flags>
          <Keys>-1</Keys>
          <ExitSize>Giant</ExitSize>
        </Exit>
      </Exits>
      <ExtraDescriptions />
    </Room>
    <Room>
      <VNum>11025</VNum>
      <Name>In a dark forest</Name>
      <Description>You are walking through a forest so dense no light shows through the
canope of trees overhead, you hear the howling of wolves and the snarling of
mountain lions off in the distance, leaves and tiny insects crunch under
your feet as you walk.</Description>
      <Sector>Forest</Sector>
      <Flags></Flags>
      <Exits>
        <Exit>
          <Direction>North</Direction>
          <Destination>11024</Destination>
          <Display>the door north</Display>
          <Keywords></Keywords>
          <Description></Description>
          <Flags></Flags>
          <Keys>-1</Keys>
          <ExitSize>Giant</ExitSize>
        </Exit>
        <Exit>
          <Direction>East</Direction>
          <Destination>11026</Destination>
          <Display>the door east</Display>
          <Keywords></Keywords>
          <Description></Description>
          <Flags></Flags>
          <Keys>-1</Keys>
          <ExitSize>Giant</ExitSize>
        </Exit>
      </Exits>
      <ExtraDescriptions />
    </Room>
    <Room>
      <VNum>11026</VNum>
      <Name>In a dark forest</Name>
      <Description>You are walking through a forest so dense no light shows through the
canope of trees overhead, you hear the howling of wolves and the snarling of
mountain lions off in the distance, leaves and tiny insects crunch under
your feet as you walk.</Description>
      <Sector>Forest</Sector>
      <Flags></Flags>
      <Exits>
        <Exit>
          <Direction>South</Direction>
          <Destination>11027</Destination>
          <Display>the door south</Display>
          <Keywords></Keywords>
          <Description></Description>
          <Flags></Flags>
          <Keys>-1</Keys>
          <ExitSize>Giant</ExitSize>
        </Exit>
        <Exit>
          <Direction>West</Direction>
          <Destination>11025</Destination>
          <Display>the door west</Display>
          <Keywords></Keywords>
          <Description></Description>
          <Flags></Flags>
          <Keys>-1</Keys>
          <ExitSize>Giant</ExitSize>
        </Exit>
      </Exits>
      <ExtraDescriptions />
    </Room>
    <Room>
      <VNum>11027</VNum>
      <Name>A trail heading out of the dark forest</Name>
      <Description>You push through a thicket of bushes onto a trail leading south out of
the dark forest. You can finally see the sky again. You feel a solid layer
of earth beneath your feet as you head south.</Description>
      <Sector>Forest</Sector>
      <Flags></Flags>
      <Exits>
        <Exit>
          <Direction>North</Direction>
          <Destination>11026</Destination>
          <Display>the door north</Display>
          <Keywords></Keywords>
          <Description></Description>
          <Flags></Flags>
          <Keys>-1</Keys>
          <ExitSize>Giant</ExitSize>
        </Exit>
        <Exit>
          <Direction>South</Direction>
          <Destination>11028</Destination>
          <Display>the door south</Display>
          <Keywords></Keywords>
          <Description></Description>
          <Flags></Flags>
          <Keys>-1</Keys>
          <ExitSize>Giant</ExitSize>
        </Exit>
      </Exits>
      <ExtraDescriptions />
    </Room>
    <Room>
      <VNum>11028</VNum>
      <Name>A trail heading out of the dark forest</Name>
      <Description>You are walking on a trail leading away from a dense mass of trees. You
kick up a faint cloud of dust as you walk along the trail.</Description>
      <Sector>Field</Sector>
      <Flags></Flags>
      <Exits>
        <Exit>
          <Direction>North</Direction>
          <Destination>11027</Destination>
          <Display>the door north</Display>
          <Keywords></Keywords>
          <Description></Description>
          <Flags></Flags>
          <Keys>-1</Keys>
          <ExitSize>Giant</ExitSize>
        </Exit>
        <Exit>
          <Direction>South</Direction>
          <Destination>11029</Destination>
          <Display>the door south</Display>
          <Keywords></Keywords>
          <Description></Description>
          <Flags></Flags>
          <Keys>-1</Keys>
          <ExitSize>Giant</ExitSize>
        </Exit>
      </Exits>
      <ExtraDescriptions />
    </Room>
    <Room>
      <VNum>11029</VNum>
      <Name>A trail heading out of the dark forest</Name>
      <Description>You are walking on a trail leading away from a dense mass of trees. You
kick up a faint cloud of dust as you walk along the trail.</Description>
      <Sector>Field</Sector>
      <Flags></Flags>
      <Exits>
        <Exit>
          <Direction>North</Direction>
          <Destination>11028</Destination>
          <Display>the door north</Display>
          <Keywords></Keywords>
          <Description></Description>
          <Flags></Flags>
          <Keys>-1</Keys>
          <ExitSize>Giant</ExitSize>
        </Exit>
        <Exit>
          <Direction>South</Direction>
          <Destination>11030</Destination>
          <Display>the door south</Display>
          <Keywords></Keywords>
          <Description></Description>
          <Flags></Flags>
          <Keys>-1</Keys>
          <ExitSize>Giant</ExitSize>
        </Exit>
      </Exits>
      <ExtraDescriptions />
    </Room>
    <Room>
      <VNum>11030</VNum>
      <Name>Nearing an intersection</Name>
      <Description>You are nearing an intersection leading to a main road. You hear the
clickety clack of wagons and mules walking upon the road, perhaps heading
off to market to seel thier wares.</Description>
      <Sector>Field</Sector>
      <Flags></Flags>
      <Exits>
        <Exit>
          <Direction>North</Direction>
          <Destination>11029</Destination>
          <Display>the door north</Display>
          <Keywords></Keywords>
          <Description></Description>
          <Flags></Flags>
          <Keys>-1</Keys>
          <ExitSize>Giant</ExitSize>
        </Exit>
        <Exit>
          <Direction>South</Direction>
          <Destination>11031</Destination>
          <Display>the door south</Display>
          <Keywords></Keywords>
          <Description></Description>
          <Flags></Flags>
          <Keys>0</Keys>
          <ExitSize>Giant</ExitSize>
        </Exit>
      </Exits>
      <ExtraDescriptions />
    </Room>
    <Room>
      <VNum>11031</VNum>
      <Name>A Twisting Cliffside</Name>
      <Description>You are climbing a large mountain which towers over Ofcol. The path
continues up the mountain, but part of it is gone. There is no way to
continue by land.</Description>
      <Sector>Mountain</Sector>
      <Flags></Flags>
      <Exits>
        <Exit>
          <Direction>North</Direction>
          <Destination>11030</Destination>
          <Display>the door north</Display>
          <Keywords></Keywords>
          <Description></Description>
          <Flags></Flags>
          <Keys>-1</Keys>
          <ExitSize>Giant</ExitSize>
        </Exit>
        <Exit>
          <Direction>East</Direction>
          <Destination>11032</Destination>
          <Display>the door east</Display>
          <Keywords></Keywords>
          <Description></Description>
          <Flags></Flags>
          <Keys></Keys>
          <ExitSize>Giant</ExitSize>
        </Exit>
      </Exits>
      <ExtraDescriptions />
    </Room>
    <Room>
      <VNum>11032</VNum>
      <Name>A Twisting Cliffside</Name>
      <Description></Description>
      <Sector>Inside</Sector>
      <Flags></Flags>
      <Exits>
        <Exit>
          <Direction>East</Direction>
          <Destination>11033</Destination>
          <Display>the door east</Display>
          <Keywords></Keywords>
          <Description></Description>
          <Flags></Flags>
          <Keys></Keys>
          <ExitSize>Giant</ExitSize>
        </Exit>
        <Exit>
          <Direction>West</Direction>
          <Destination>11031</Destination>
          <Display>the door west</Display>
          <Keywords></Keywords>
          <Description></Description>
          <Flags></Flags>
          <Keys></Keys>
          <ExitSize>Giant</ExitSize>
        </Exit>
      </Exits>
      <ExtraDescriptions />
    </Room>
    <Room>
      <VNum>11033</VNum>
      <Name>A Twisting Cliffside</Name>
      <Description></Description>
      <Sector>Inside</Sector>
      <Flags></Flags>
      <Exits>
        <Exit>
          <Direction>East</Direction>
          <Destination>11034</Destination>
          <Display>the door east</Display>
          <Keywords></Keywords>
          <Description></Description>
          <Flags></Flags>
          <Keys></Keys>
          <ExitSize>Giant</ExitSize>
        </Exit>
        <Exit>
          <Direction>West</Direction>
          <Destination>11032</Destination>
          <Display>the door west</Display>
          <Keywords></Keywords>
          <Description></Description>
          <Flags></Flags>
          <Keys></Keys>
          <ExitSize>Giant</ExitSize>
        </Exit>
      </Exits>
      <ExtraDescriptions />
    </Room>
    <Room>
      <VNum>11034</VNum>
      <Name>A Twisting Cliffside</Name>
      <Description></Description>
      <Sector>Inside</Sector>
      <Flags></Flags>
      <Exits>
        <Exit>
          <Direction>East</Direction>
          <Destination>11035</Destination>
          <Display>the door east</Display>
          <Keywords></Keywords>
          <Description></Description>
          <Flags></Flags>
          <Keys></Keys>
          <ExitSize>Giant</ExitSize>
        </Exit>
        <Exit>
          <Direction>West</Direction>
          <Destination>11033</Destination>
          <Display>the door west</Display>
          <Keywords></Keywords>
          <Description></Description>
          <Flags></Flags>
          <Keys></Keys>
          <ExitSize>Giant</ExitSize>
        </Exit>
      </Exits>
      <ExtraDescriptions />
    </Room>
    <Room>
      <VNum>11035</VNum>
      <Name>A Twisting Cliffside</Name>
      <Description></Description>
      <Sector>Inside</Sector>
      <Flags></Flags>
      <Exits>
        <Exit>
          <Direction>East</Direction>
          <Destination>11036</Destination>
          <Display>the door east</Display>
          <Keywords></Keywords>
          <Description></Description>
          <Flags></Flags>
          <Keys></Keys>
          <ExitSize>Giant</ExitSize>
        </Exit>
        <Exit>
          <Direction>West</Direction>
          <Destination>11034</Destination>
          <Display>the door west</Display>
          <Keywords></Keywords>
          <Description></Description>
          <Flags></Flags>
          <Keys></Keys>
          <ExitSize>Giant</ExitSize>
        </Exit>
      </Exits>
      <ExtraDescriptions />
    </Room>
    <Room>
      <VNum>11036</VNum>
      <Name>A Twisting Cliffside</Name>
      <Description></Description>
      <Sector>Inside</Sector>
      <Flags></Flags>
      <Exits>
        <Exit>
          <Direction>East</Direction>
          <Destination>11037</Destination>
          <Display>the door east</Display>
          <Keywords></Keywords>
          <Description></Description>
          <Flags></Flags>
          <Keys></Keys>
          <ExitSize>Giant</ExitSize>
        </Exit>
        <Exit>
          <Direction>West</Direction>
          <Destination>11035</Destination>
          <Display>the door west</Display>
          <Keywords></Keywords>
          <Description></Description>
          <Flags></Flags>
          <Keys></Keys>
          <ExitSize>Giant</ExitSize>
        </Exit>
      </Exits>
      <ExtraDescriptions />
    </Room>
    <Room>
      <VNum>11037</VNum>
      <Name>A Twisting Cliffside</Name>
      <Description></Description>
      <Sector>Inside</Sector>
      <Flags></Flags>
      <Exits>
        <Exit>
          <Direction>South</Direction>
          <Destination>11038</Destination>
          <Display>the door south</Display>
          <Keywords></Keywords>
          <Description></Description>
          <Flags></Flags>
          <Keys></Keys>
          <ExitSize>Giant</ExitSize>
        </Exit>
        <Exit>
          <Direction>West</Direction>
          <Destination>11036</Destination>
          <Display>the door west</Display>
          <Keywords></Keywords>
          <Description></Description>
          <Flags></Flags>
          <Keys></Keys>
          <ExitSize>Giant</ExitSize>
        </Exit>
      </Exits>
      <ExtraDescriptions />
    </Room>
    <Room>
      <VNum>11038</VNum>
      <Name>A Twisting Cliffside</Name>
      <Description></Description>
      <Sector>Inside</Sector>
      <Flags></Flags>
      <Exits>
        <Exit>
          <Direction>North</Direction>
          <Destination>11037</Destination>
          <Display>the door north</Display>
          <Keywords></Keywords>
          <Description></Description>
          <Flags></Flags>
          <Keys></Keys>
          <ExitSize>Giant</ExitSize>
        </Exit>
        <Exit>
          <Direction>South</Direction>
          <Destination>11039</Destination>
          <Display>the door south</Display>
          <Keywords></Keywords>
          <Description></Description>
          <Flags></Flags>
          <Keys></Keys>
          <ExitSize>Giant</ExitSize>
        </Exit>
      </Exits>
      <ExtraDescriptions />
    </Room>
    <Room>
      <VNum>11039</VNum>
      <Name>A Twisting Cliffside</Name>
      <Description></Description>
      <Sector>Inside</Sector>
      <Flags></Flags>
      <Exits>
        <Exit>
          <Direction>North</Direction>
          <Destination>11038</Destination>
          <Display>the door north</Display>
          <Keywords></Keywords>
          <Description></Description>
          <Flags></Flags>
          <Keys></Keys>
          <ExitSize>Giant</ExitSize>
        </Exit>
        <Exit>
          <Direction>South</Direction>
          <Destination>11040</Destination>
          <Display>the door south</Display>
          <Keywords></Keywords>
          <Description></Description>
          <Flags></Flags>
          <Keys></Keys>
          <ExitSize>Giant</ExitSize>
        </Exit>
      </Exits>
      <ExtraDescriptions />
    </Room>
    <Room>
      <VNum>11040</VNum>
      <Name>A Twisting Cliffside</Name>
      <Description></Description>
      <Sector>Inside</Sector>
      <Flags></Flags>
      <Exits>
        <Exit>
          <Direction>North</Direction>
          <Destination>11039</Destination>
          <Display>the door north</Display>
          <Keywords></Keywords>
          <Description></Description>
          <Flags></Flags>
          <Keys></Keys>
          <ExitSize>Giant</ExitSize>
        </Exit>
        <Exit>
          <Direction>South</Direction>
          <Destination>12382</Destination>
          <Display>the door south</Display>
          <Keywords></Keywords>
          <Description></Description>
          <Flags></Flags>
          <Keys></Keys>
          <ExitSize>Giant</ExitSize>
        </Exit>
      </Exits>
      <ExtraDescriptions />
    </Room>
  </Rooms>
  <NPCs>
    <NPC>
      <Vnum>11000</Vnum>
      <name>large bear</name>
      <description>He is fuzzy are mean.</description>
      <longDescription>A massive brown bear is here, snarling at you.</longDescription>
      <shortDescription>the bear</shortDescription>
      <Sex>None</Sex>
      <level>60</level>
      <HitPointDiceSides>50</HitPointDiceSides>
      <HitPointDiceCount>10</HitPointDiceCount>
      <HitPointDiceBonus>22000</HitPointDiceBonus>
      <ManaPointDiceSides>0</ManaPointDiceSides>
      <ManaPointDiceCount>0</ManaPointDiceCount>
      <ManaPointDiceBonus>0</ManaPointDiceBonus>
      <trust>60</trust>
      <hitpoints>1200</hitpoints>
      <maxhitpoints>1200</maxhitpoints>
      <manapoints>0</manapoints>
      <maxmanapoints>0</maxmanapoints>
      <movementpoints>0</movementpoints>
      <maxmovementpoints>0</maxmovementpoints>
      <ArmorBash>-300</ArmorBash>
      <ArmorSlash>-300</ArmorSlash>
      <ArmorPierce>-300</ArmorPierce>
      <ArmorExotic>-300</ArmorExotic>
      <size>Tiny</size>
      <race>bear</race>
      <alignment>Neutral</alignment>
      <ethos>0</ethos>
      <hitroll>50</hitroll>
      <damRoll>60</damRoll>
      <armorclass>0</armorclass>
      <silver>0</silver>
      <gold>0</gold>
      <SavingThrow>0</SavingThrow>
      <Guild></Guild>
      <flags>NPC Sentinel StayArea</flags>
      <immune></immune>
      <resist></resist>
      <vulnerable></vulnerable>
      <affectedBy>DetectInvis DetectHidden ProtectEvil ProtectGood Haste DarkVision Regeneration DetectIllusion</affectedBy>
      <WiznetFlags></WiznetFlags>
      <WeaponDamageMessage>claw</WeaponDamageMessage>
      <DamageDiceSides>40</DamageDiceSides>
      <DamageDiceCount>20</DamageDiceCount>
      <DamageDiceBonus>28</DamageDiceBonus>
      <PermanentStats>
        <Strength>16</Strength>
        <Wisdom>16</Wisdom>
        <Intelligence>16</Intelligence>
        <Dexterity>16</Dexterity>
        <Constitution>16</Constitution>
        <Charisma>16</Charisma>
      </PermanentStats>
      <Learned>
        <SkillSpell Name="berserk" Value="80" Level="1" />
        <SkillSpell Name="disarm" Value="80" Level="1" />
      </Learned>
    </NPC>
    <NPC>
      <Vnum>11001</Vnum>
      <name>large bat</name>
      <description>A huge Bat is here flying aroun the cave as though oblivious to the
darkness.</description>
      <longDescription>A huge bat is flying around here.</longDescription>
      <shortDescription>a large bat</shortDescription>
      <Sex>Male</Sex>
      <level>52</level>
      <HitPointDiceSides>50</HitPointDiceSides>
      <HitPointDiceCount>10</HitPointDiceCount>
      <HitPointDiceBonus>5500</HitPointDiceBonus>
      <ManaPointDiceSides>0</ManaPointDiceSides>
      <ManaPointDiceCount>0</ManaPointDiceCount>
      <ManaPointDiceBonus>0</ManaPointDiceBonus>
      <trust>52</trust>
      <hitpoints>1040</hitpoints>
      <maxhitpoints>1040</maxhitpoints>
      <manapoints>0</manapoints>
      <maxmanapoints>0</maxmanapoints>
      <movementpoints>0</movementpoints>
      <maxmovementpoints>0</maxmovementpoints>
      <ArmorBash>-220</ArmorBash>
      <ArmorSlash>-220</ArmorSlash>
      <ArmorPierce>-220</ArmorPierce>
      <ArmorExotic>-220</ArmorExotic>
      <size>Large</size>
      <race>bat</race>
      <alignment>Neutral</alignment>
      <ethos>0</ethos>
      <hitroll>100</hitroll>
      <damRoll>52</damRoll>
      <armorclass>0</armorclass>
      <silver>0</silver>
      <gold>0</gold>
      <SavingThrow>0</SavingThrow>
      <Guild>thief</Guild>
      <flags>NPC Scavenger StayArea Thief AreaAttack</flags>
      <immune></immune>
      <resist></resist>
      <vulnerable></vulnerable>
      <affectedBy>DetectInvis DetectHidden Sanctuary Infrared ProtectEvil ProtectGood Flying DarkVision</affectedBy>
      <WiznetFlags></WiznetFlags>
      <WeaponDamageMessage>punch</WeaponDamageMessage>
      <DamageDiceSides>6</DamageDiceSides>
      <DamageDiceCount>7</DamageDiceCount>
      <DamageDiceBonus>20</DamageDiceBonus>
      <PermanentStats>
        <Strength>16</Strength>
        <Wisdom>16</Wisdom>
        <Intelligence>16</Intelligence>
        <Dexterity>16</Dexterity>
        <Constitution>16</Constitution>
        <Charisma>16</Charisma>
      </PermanentStats>
    </NPC>
    <NPC>
      <Vnum>11002</Vnum>
      <name>wolf</name>
      <description>A large grey wolf is here bearing his teeth at you. It howls at the sight
of you and stares you down with his yellow eyes.</description>
      <longDescription>A large grey wolf is standing here</longDescription>
      <shortDescription>a large grey wolf</shortDescription>
      <Sex>Male</Sex>
      <level>52</level>
      <HitPointDiceSides>50</HitPointDiceSides>
      <HitPointDiceCount>10</HitPointDiceCount>
      <HitPointDiceBonus>5500</HitPointDiceBonus>
      <ManaPointDiceSides>0</ManaPointDiceSides>
      <ManaPointDiceCount>0</ManaPointDiceCount>
      <ManaPointDiceBonus>0</ManaPointDiceBonus>
      <trust>52</trust>
      <hitpoints>1040</hitpoints>
      <maxhitpoints>1040</maxhitpoints>
      <manapoints>0</manapoints>
      <maxmanapoints>0</maxmanapoints>
      <movementpoints>0</movementpoints>
      <maxmovementpoints>0</maxmovementpoints>
      <ArmorBash>-220</ArmorBash>
      <ArmorSlash>-220</ArmorSlash>
      <ArmorPierce>-220</ArmorPierce>
      <ArmorExotic>-220</ArmorExotic>
      <size>Medium</size>
      <race>wolf</race>
      <alignment>Neutral</alignment>
      <ethos>0</ethos>
      <hitroll>100</hitroll>
      <damRoll>52</damRoll>
      <armorclass>0</armorclass>
      <silver>0</silver>
      <gold>0</gold>
      <SavingThrow>0</SavingThrow>
      <Guild>warrior</Guild>
      <flags>NPC Scavenger StayArea Warrior</flags>
      <immune></immune>
      <resist></resist>
      <vulnerable></vulnerable>
      <affectedBy>DetectInvis DetectHidden ProtectGood Sneak Flying DarkVision</affectedBy>
      <WiznetFlags></WiznetFlags>
      <WeaponDamageMessage>claw</WeaponDamageMessage>
      <DamageDiceSides>6</DamageDiceSides>
      <DamageDiceCount>7</DamageDiceCount>
      <DamageDiceBonus>20</DamageDiceBonus>
      <PermanentStats>
        <Strength>16</Strength>
        <Wisdom>16</Wisdom>
        <Intelligence>16</Intelligence>
        <Dexterity>16</Dexterity>
        <Constitution>16</Constitution>
        <Charisma>16</Charisma>
      </PermanentStats>
    </NPC>
  </NPCs>
  <Items>
    <Item>
      <VNum>11000</VNum>
      <Name>bear's claw</Name>
      <ShortDescription>A Large bear's Claw</ShortDescription>
      <LongDescription>A large bear's Claw is laying here</LongDescription>
      <Description></Description>
      <Level>56</Level>
      <WeaponDamageType>claw</WeaponDamageType>
      <WeaponType>Exotic</WeaponType>
      <DiceSides>6</DiceSides>
      <DiceCount>10</DiceCount>
      <DiceBonus>0</DiceBonus>
      <Weight>2</Weight>
      <WearFlags>Take Wield</WearFlags>
      <ExtraFlags>Glow Hum Magic NoDrop AntiGood AntiEvil NoRemove BurnProof NoUncurse Unholy</ExtraFlags>
      <ItemTypes>Weapon</ItemTypes>
      <Affects>
        <Affect where="ToObject" level="0" duration="-1" location="Str" modifier="1" hidden="False" affectType="Spell">
          <ExtraState />
        </Affect>
        <Affect where="ToObject" level="0" duration="-1" location="Hitroll" modifier="5" hidden="False" affectType="Spell">
          <ExtraState />
        </Affect>
        <Affect where="ToVulnerabilities" level="0" duration="-1" location="None" DamageTypes="Silver" modifier="0" hidden="False" affectType="Spell">
          <ExtraState />
        </Affect>
        <Affect where="ToAffects" level="0" duration="-1" location="None" flags="Haste Regeneration" modifier="0" hidden="False" affectType="Spell">
          <ExtraState />
        </Affect>
        <Affect where="ToObject" level="0" duration="-1" location="Dexterity" modifier="-3" hidden="False" affectType="Spell">
          <ExtraState />
        </Affect>
        <Affect where="ToObject" level="0" duration="-1" location="Damroll" modifier="5" hidden="False" affectType="Spell">
          <ExtraState />
        </Affect>
      </Affects>
      <Silver>0</Silver>
      <Gold>0</Gold>
      <Cost>5</Cost>
      <Nutrition>0</Nutrition>
      <Liquid></Liquid>
      <MaxWeight>0</MaxWeight>
      <Material>mithril</Material>
      <Charges>0</Charges>
      <MaxCharges>0</MaxCharges>
      <MaxDurability>100</MaxDurability>
      <ArmorBash>0</ArmorBash>
      <ArmorSlash>0</ArmorSlash>
      <ArmorPierce>0</ArmorPierce>
      <ArmorExotic>0</ArmorExotic>
      <ExtraDescriptions />
    </Item>
    <Item>
      <VNum>11001</VNum>
      <Name>bears hide</Name>
      <ShortDescription>A bear's hide</ShortDescription>
      <LongDescription>A large furry hide of a brown bear</LongDescription>
      <Description></Description>
      <Level>56</Level>
      <WeaponDamageType>none</WeaponDamageType>
      <WeaponType>None</WeaponType>
      <DiceSides>1</DiceSides>
      <DiceCount>1</DiceCount>
      <DiceBonus>1</DiceBonus>
      <Weight>0.5</Weight>
      <WearFlags>Take About</WearFlags>
      <ExtraFlags>Glow Hum Magic NoDrop AntiGood AntiEvil NoRemove VisDeath BurnProof NoUncurse</ExtraFlags>
      <ItemTypes>Armor</ItemTypes>
      <Affects>
        <Affect where="ToResist" level="0" duration="-1" location="None" DamageTypes="Magic" modifier="0" hidden="False" affectType="Spell">
          <ExtraState />
        </Affect>
        <Affect where="ToVulnerabilities" level="0" duration="-1" location="None" DamageTypes="Fire" modifier="0" hidden="False" affectType="Spell">
          <ExtraState />
        </Affect>
        <Affect where="ToObject" level="0" duration="-1" location="SavingSpell" modifier="-4" hidden="False" affectType="Spell">
          <ExtraState />
        </Affect>
        <Affect where="ToObject" level="0" duration="-1" location="Armor" modifier="-20" hidden="False" affectType="Spell">
          <ExtraState />
        </Affect>
        <Affect where="ToObject" level="0" duration="-1" location="Hitroll" modifier="3" hidden="False" affectType="Spell">
          <ExtraState />
        </Affect>
        <Affect where="ToObject" level="0" duration="-1" location="Damroll" modifier="3" hidden="False" affectType="Spell">
          <ExtraState />
        </Affect>
        <Affect where="ToObject" level="0" duration="-1" location="Str" modifier="4" hidden="False" affectType="Spell">
          <ExtraState />
        </Affect>
      </Affects>
      <Silver>0</Silver>
      <Gold>0</Gold>
      <Cost>0</Cost>
      <Nutrition>0</Nutrition>
      <Liquid></Liquid>
      <MaxWeight>0</MaxWeight>
      <Material>fur</Material>
      <Charges>0</Charges>
      <MaxCharges>0</MaxCharges>
      <MaxDurability>100</MaxDurability>
      <ArmorBash>0</ArmorBash>
      <ArmorSlash>0</ArmorSlash>
      <ArmorPierce>0</ArmorPierce>
      <ArmorExotic>0</ArmorExotic>
      <ExtraDescriptions />
    </Item>
    <Item>
      <VNum>11002</VNum>
      <Name>wolf's hide</Name>
      <ShortDescription>a Wolf's hide</ShortDescription>
      <LongDescription>A large pelt from a wolf lies here</LongDescription>
      <Description></Description>
      <Level>0</Level>
      <WeaponDamageType>none</WeaponDamageType>
      <WeaponType>None</WeaponType>
      <DiceSides>1</DiceSides>
      <DiceCount>1</DiceCount>
      <DiceBonus>1</DiceBonus>
      <Weight>0.5</Weight>
      <WearFlags>Take Neck</WearFlags>
      <ExtraFlags>Glow Hum Magic NoDrop AntiGood AntiEvil VisDeath BurnProof</ExtraFlags>
      <ItemTypes>Armor</ItemTypes>
      <Affects>
        <Affect where="ToObject" level="0" duration="-1" location="Hitroll" modifier="2" hidden="False" affectType="Spell">
          <ExtraState />
        </Affect>
        <Affect where="ToObject" level="0" duration="-1" location="Damroll" modifier="2" hidden="False" affectType="Spell">
          <ExtraState />
        </Affect>
        <Affect where="ToObject" level="0" duration="-1" location="SavingSpell" modifier="-4" hidden="False" affectType="Spell">
          <ExtraState />
        </Affect>
        <Affect where="ToAffects" level="0" duration="-1" location="None" flags="DetectEvil DetectMagic DetectGood Sneak" modifier="0" hidden="False" affectType="Spell">
          <ExtraState />
        </Affect>
        <Affect where="ToObject" level="0" duration="-1" location="Move" modifier="100" hidden="False" affectType="Spell">
          <ExtraState />
        </Affect>
      </Affects>
      <Silver>0</Silver>
      <Gold>0</Gold>
      <Cost>0</Cost>
      <Nutrition>0</Nutrition>
      <Liquid></Liquid>
      <MaxWeight>0</MaxWeight>
      <Material>fur</Material>
      <Charges>0</Charges>
      <MaxCharges>0</MaxCharges>
      <MaxDurability>100</MaxDurability>
      <ArmorBash>0</ArmorBash>
      <ArmorSlash>0</ArmorSlash>
      <ArmorPierce>0</ArmorPierce>
      <ArmorExotic>0</ArmorExotic>
      <ExtraDescriptions />
    </Item>
    <Item>
      <VNum>11003</VNum>
      <Name>bat's wings</Name>
      <ShortDescription>a bat's wings</ShortDescription>
      <LongDescription>a pair of bat's wings lay's here twitching</LongDescription>
      <Description></Description>
      <Level>0</Level>
      <WeaponDamageType>none</WeaponDamageType>
      <WeaponType>None</WeaponType>
      <DiceSides>1</DiceSides>
      <DiceCount>1</DiceCount>
      <DiceBonus>1</DiceBonus>
      <Weight>0.5</Weight>
      <WearFlags>Take Body</WearFlags>
      <ExtraFlags>Glow Hum Magic NoDrop AntiGood AntiEvil VisDeath BurnProof</ExtraFlags>
      <ItemTypes>Armor</ItemTypes>
      <Affects>
        <Affect where="ToObject" level="0" duration="-1" location="Hitroll" modifier="3" hidden="False" affectType="Spell">
          <ExtraState />
        </Affect>
        <Affect where="ToObject" level="0" duration="-1" location="Damroll" modifier="1" hidden="False" affectType="Spell">
          <ExtraState />
        </Affect>
        <Affect where="ToObject" level="0" duration="-1" location="SavingSpell" modifier="-6" hidden="False" affectType="Spell">
          <ExtraState />
        </Affect>
        <Affect where="ToAffects" level="0" duration="-1" location="None" flags="Flying" modifier="0" hidden="False" affectType="Spell">
          <ExtraState />
        </Affect>
      </Affects>
      <Silver>0</Silver>
      <Gold>0</Gold>
      <Cost>0</Cost>
      <Nutrition>0</Nutrition>
      <Liquid></Liquid>
      <MaxWeight>0</MaxWeight>
      <Material>soft leather</Material>
      <Charges>0</Charges>
      <MaxCharges>0</MaxCharges>
      <MaxDurability>100</MaxDurability>
      <ArmorBash>0</ArmorBash>
      <ArmorSlash>0</ArmorSlash>
      <ArmorPierce>0</ArmorPierce>
      <ArmorExotic>0</ArmorExotic>
      <ExtraDescriptions />
    </Item>
    <Item>
      <VNum>11004</VNum>
      <Name>large bear's front claws</Name>
      <ShortDescription>A large bear's front claws</ShortDescription>
      <LongDescription>a large bear's front claws lay here</LongDescription>
      <Description></Description>
      <Level>56</Level>
      <WeaponDamageType>none</WeaponDamageType>
      <WeaponType>None</WeaponType>
      <DiceSides>1</DiceSides>
      <DiceCount>1</DiceCount>
      <DiceBonus>1</DiceBonus>
      <Weight>0.5</Weight>
      <WearFlags>Take Hands</WearFlags>
      <ExtraFlags>Glow Hum Magic NoDrop AntiGood AntiEvil VisDeath</ExtraFlags>
      <ItemTypes>Armor</ItemTypes>
      <Affects>
        <Affect where="ToObject" level="0" duration="-1" location="Str" modifier="1" hidden="False" affectType="Spell">
          <ExtraState />
        </Affect>
        <Affect where="ToObject" level="0" duration="-1" location="Dexterity" modifier="-3" hidden="False" affectType="Spell">
          <ExtraState />
        </Affect>
        <Affect where="ToObject" level="0" duration="-1" location="Damroll" modifier="3" hidden="False" affectType="Spell">
          <ExtraState />
        </Affect>
        <Affect where="ToObject" level="0" duration="-1" location="Hitroll" modifier="3" hidden="False" affectType="Spell">
          <ExtraState />
        </Affect>
      </Affects>
      <Silver>0</Silver>
      <Gold>0</Gold>
      <Cost>0</Cost>
      <Nutrition>0</Nutrition>
      <Liquid></Liquid>
      <MaxWeight>0</MaxWeight>
      <Material>bone</Material>
      <Charges>0</Charges>
      <MaxCharges>0</MaxCharges>
      <MaxDurability>100</MaxDurability>
      <ArmorBash>0</ArmorBash>
      <ArmorSlash>0</ArmorSlash>
      <ArmorPierce>0</ArmorPierce>
      <ArmorExotic>0</ArmorExotic>
      <ExtraDescriptions />
    </Item>
    <Item>
      <VNum>11005</VNum>
      <Name>large bear's rear claws</Name>
      <ShortDescription>a large bear's rear claws</ShortDescription>
      <LongDescription>A large bear's rear claws are laying here</LongDescription>
      <Description></Description>
      <Level>0</Level>
      <WeaponDamageType>none</WeaponDamageType>
      <WeaponType>None</WeaponType>
      <DiceSides>1</DiceSides>
      <DiceCount>1</DiceCount>
      <DiceBonus>1</DiceBonus>
      <Weight>0.5</Weight>
      <WearFlags>Take Feet Wield</WearFlags>
      <ExtraFlags>Glow Hum Magic AntiGood AntiEvil VisDeath BurnProof</ExtraFlags>
      <ItemTypes>Armor</ItemTypes>
      <Affects>
        <Affect where="ToObject" level="0" duration="-1" location="Str" modifier="1" hidden="False" affectType="Spell">
          <ExtraState />
        </Affect>
        <Affect where="ToObject" level="0" duration="-1" location="Dexterity" modifier="-2" hidden="False" affectType="Spell">
          <ExtraState />
        </Affect>
        <Affect where="ToObject" level="0" duration="-1" location="Hitroll" modifier="2" hidden="False" affectType="Spell">
          <ExtraState />
        </Affect>
        <Affect where="ToObject" level="0" duration="-1" location="Damroll" modifier="3" hidden="False" affectType="Spell">
          <ExtraState />
        </Affect>
      </Affects>
      <Silver>0</Silver>
      <Gold>0</Gold>
      <Cost>0</Cost>
      <Nutrition>0</Nutrition>
      <Liquid></Liquid>
      <MaxWeight>0</MaxWeight>
      <Material>bone</Material>
      <Charges>0</Charges>
      <MaxCharges>0</MaxCharges>
      <MaxDurability>100</MaxDurability>
      <ArmorBash>0</ArmorBash>
      <ArmorSlash>0</ArmorSlash>
      <ArmorPierce>0</ArmorPierce>
      <ArmorExotic>0</ArmorExotic>
      <ExtraDescriptions />
    </Item>
  </Items>
  <Resets>
    <Reset Type="NPC" Destination="11008" Count="1" Max="1" Vnum="11002">
      <!--Spawn a large grey wolf to In a dark forest.-->
    </Reset>
    <Reset Type="Equip" Destination="0" Count="0" Max="0" Vnum="11002">
      <!--Spawn a Wolf's hide to a large grey wolf-->
    </Reset>
    <Reset Type="NPC" Destination="11013" Count="1" Max="1" Vnum="11002">
      <!--Spawn a large grey wolf to In a dark forest-->
    </Reset>
    <Reset Type="Equip" Destination="0" Count="0" Max="0" Vnum="11002">
      <!--Spawn a Wolf's hide to a large grey wolf-->
    </Reset>
    <Reset Type="NPC" Destination="11015" Count="1" Max="1" Vnum="11001">
      <!--Spawn a large bat to At the entrance to a Cave.-->
    </Reset>
    <Reset Type="Equip" Destination="0" Count="0" Max="0" Vnum="11003">
      <!--Spawn a bat's wings to a large bat-->
    </Reset>
    <Reset Type="NPC" Destination="11016" Count="1" Max="1" Vnum="11001">
      <!--Spawn a large bat to In a dark cave-->
    </Reset>
    <Reset Type="Equip" Destination="0" Count="0" Max="0" Vnum="11003">
      <!--Spawn a bat's wings to a large bat-->
    </Reset>
    <Reset Type="NPC" Destination="11016" Count="1" Max="1" Vnum="11001">
      <!--Spawn a large bat to In a dark cave-->
    </Reset>
    <Reset Type="Equip" Destination="0" Count="0" Max="0" Vnum="11003">
      <!--Spawn a bat's wings to a large bat-->
    </Reset>
    <Reset Type="NPC" Destination="11018" Count="1" Max="1" Vnum="11001">
      <!--Spawn a large bat to A passage in the cave-->
    </Reset>
    <Reset Type="Equip" Destination="0" Count="0" Max="0" Vnum="11003">
      <!--Spawn a bat's wings to a large bat-->
    </Reset>
    <Reset Type="NPC" Destination="11018" Count="1" Max="1" Vnum="11001">
      <!--Spawn a large bat to A passage in the cave-->
    </Reset>
    <Reset Type="Equip" Destination="0" Count="0" Max="0" Vnum="11003">
      <!--Spawn a bat's wings to a large bat-->
    </Reset>
    <Reset Type="NPC" Destination="11020" Count="1" Max="1" Vnum="11000">
      <!--Spawn the bear to Inside the bear's den-->
    </Reset>
    <Reset Type="Equip" Destination="0" Count="0" Max="0" Vnum="11001">
      <!--Spawn A bear's hide to the bear-->
    </Reset>
    <Reset Type="Equip" Destination="0" Count="0" Max="0" Vnum="11004">
      <!--Spawn A large bear's front claws to the bear-->
    </Reset>
    <Reset Type="Equip" Destination="0" Count="0" Max="0" Vnum="11005">
      <!--Spawn a large bear's rear claws to the bear-->
    </Reset>
    <Reset Type="Equip" Destination="0" Count="0" Max="0" Vnum="11000">
      <!--Spawn A Large bear's Claw to the bear-->
    </Reset>
    <Reset Type="NPC" Destination="11021" Count="1" Max="1" Vnum="11002">
      <!--Spawn a large grey wolf to In a dark forest-->
    </Reset>
    <Reset Type="Equip" Destination="0" Count="0" Max="0" Vnum="11002">
      <!--Spawn a Wolf's hide to a large grey wolf-->
    </Reset>
    <Reset Type="NPC" Destination="11023" Count="1" Max="1" Vnum="11002">
      <!--Spawn a large grey wolf to In a dark forest-->
    </Reset>
    <Reset Type="Equip" Destination="0" Count="0" Max="0" Vnum="11002">
      <!--Spawn a Wolf's hide to a large grey wolf-->
    </Reset>
    <Reset Type="NPC" Destination="11026" Count="1" Max="1" Vnum="11002">
      <!--Spawn a large grey wolf to In a dark forest-->
    </Reset>
    <Reset Type="Equip" Destination="0" Count="0" Max="0" Vnum="11002">
      <!--Spawn a Wolf's hide to a large grey wolf-->
    </Reset>
  </Resets>
</Area>