﻿<?xml version="1.0" encoding="utf-8"?>
<Area>
  <AreaData>
    <Name>Eastern Shatar Road</Name>
    <Info></Info>
    <VnumStart>40900</VnumStart>
    <VnumEnd>50099</VnumEnd>
    <MinimumLevel>0</MinimumLevel>
    <MaximumLevel>1</MaximumLevel>
    <Builders></Builders>
    <Security>0</Security>
    <Credits></Credits>
    <Continent>Mainland</Continent>
    <OverRoomVnum>101015</OverRoomVnum>
  </AreaData>
  <Rooms>
    <Room>
      <VNum>40900</VNum>
      <Name>The Eastern Shatar Road</Name>
      <Description>The Eastern Shatar Road is a road that connects the western world to Tar Valon.
It is a major thoroughfare that runs through the eastern region of the Shatar.
The road is well-traveled, possibly by a variety of people and goods
transported by wagons, carts, and horses as the main means of transportation.
The road would connect the Western world to the city of Tar Valon, a powerful
city-state known for its strong Aes Sedai presence, and would likely be a
primary route for transportation and commerce in the area. The road is a dirt
and gravel road, with some cobblestone
sections, but well maintained.</Description>
      <Sector>Road</Sector>
      <Flags></Flags>
      <Exits>
        <Exit>
          <Direction>East</Direction>
          <Destination>40901</Destination>
          <Display>the door east</Display>
          <Keywords></Keywords>
          <Description></Description>
          <Flags></Flags>
          <Keys></Keys>
          <ExitSize>Giant</ExitSize>
        </Exit>
        <Exit>
          <Direction>West</Direction>
          <Destination>40719</Destination>
          <Display>the door west</Display>
          <Keywords></Keywords>
          <Description></Description>
          <Flags></Flags>
          <Keys></Keys>
          <ExitSize>Giant</ExitSize>
        </Exit>
      </Exits>
      <ExtraDescriptions />
    </Room>
    <Room>
      <VNum>40901</VNum>
      <Name>The Eastern Shatar Road</Name>
      <Description>The Eastern Shatar Road is a road that connects the western world to Tar Valon.
It is a major thoroughfare that runs through the eastern region of the Shatar.
The road is well-traveled, possibly by a variety of people and goods
transported by wagons, carts, and horses as the main means of transportation.
The road would connect the Western world to the city of Tar Valon, a powerful
city-state known for its strong Aes Sedai presence, and would likely be a
primary route for transportation and commerce in the area. The road is a dirt
and gravel road, with some cobblestone
sections, but well maintained.</Description>
      <Sector>Road</Sector>
      <Flags></Flags>
      <Exits>
        <Exit>
          <Direction>East</Direction>
          <Destination>40902</Destination>
          <Display>the door east</Display>
          <Keywords></Keywords>
          <Description></Description>
          <Flags></Flags>
          <Keys></Keys>
          <ExitSize>Giant</ExitSize>
        </Exit>
        <Exit>
          <Direction>West</Direction>
          <Destination>40900</Destination>
          <Display>the door west</Display>
          <Keywords></Keywords>
          <Description></Description>
          <Flags></Flags>
          <Keys></Keys>
          <ExitSize>Giant</ExitSize>
        </Exit>
      </Exits>
      <ExtraDescriptions />
    </Room>
    <Room>
      <VNum>40902</VNum>
      <Name>The Eastern Shatar Road</Name>
      <Description>The Eastern Shatar Road is a road that connects the western world to Tar Valon.
It is a major thoroughfare that runs through the eastern region of the Shatar.
The road is well-traveled, possibly by a variety of people and goods
transported by wagons, carts, and horses as the main means of transportation.
The road would connect the Western world to the city of Tar Valon, a powerful
city-state known for its strong Aes Sedai presence, and would likely be a
primary route for transportation and commerce in the area. The road is a dirt
and gravel road, with some cobblestone
sections, but well maintained.</Description>
      <Sector>Road</Sector>
      <Flags></Flags>
      <Exits>
        <Exit>
          <Direction>East</Direction>
          <Destination>40903</Destination>
          <Display>the door east</Display>
          <Keywords></Keywords>
          <Description></Description>
          <Flags></Flags>
          <Keys></Keys>
          <ExitSize>Giant</ExitSize>
        </Exit>
        <Exit>
          <Direction>West</Direction>
          <Destination>40901</Destination>
          <Display>the door west</Display>
          <Keywords></Keywords>
          <Description></Description>
          <Flags></Flags>
          <Keys></Keys>
          <ExitSize>Giant</ExitSize>
        </Exit>
      </Exits>
      <ExtraDescriptions />
    </Room>
    <Room>
      <VNum>40903</VNum>
      <Name>The Eastern Shatar Road</Name>
      <Description>The Eastern Shatar Road is a road that connects the western world to Tar Valon.
It is a major thoroughfare that runs through the eastern region of the Shatar.
The road is well-traveled, possibly by a variety of people and goods
transported by wagons, carts, and horses as the main means of transportation.
The road would connect the Western world to the city of Tar Valon, a powerful
city-state known for its strong Aes Sedai presence, and would likely be a
primary route for transportation and commerce in the area. The road is a dirt
and gravel road, with some cobblestone
sections, but well maintained.</Description>
      <Sector>Road</Sector>
      <Flags></Flags>
      <Exits>
        <Exit>
          <Direction>East</Direction>
          <Destination>40904</Destination>
          <Display>the door east</Display>
          <Keywords></Keywords>
          <Description></Description>
          <Flags></Flags>
          <Keys></Keys>
          <ExitSize>Giant</ExitSize>
        </Exit>
        <Exit>
          <Direction>West</Direction>
          <Destination>40902</Destination>
          <Display>the door west</Display>
          <Keywords></Keywords>
          <Description></Description>
          <Flags></Flags>
          <Keys></Keys>
          <ExitSize>Giant</ExitSize>
        </Exit>
      </Exits>
      <ExtraDescriptions />
    </Room>
    <Room>
      <VNum>40904</VNum>
      <Name>The Eastern Shatar Road</Name>
      <Description>The Eastern Shatar Road is a road that connects the western world to Tar Valon.
It is a major thoroughfare that runs through the eastern region of the Shatar.
The road is well-traveled, possibly by a variety of people and goods
transported by wagons, carts, and horses as the main means of transportation.
The road would connect the Western world to the city of Tar Valon, a powerful
city-state known for its strong Aes Sedai presence, and would likely be a
primary route for transportation and commerce in the area. The road is a dirt
and gravel road, with some cobblestone
sections, but well maintained.</Description>
      <Sector>Road</Sector>
      <Flags></Flags>
      <Exits>
        <Exit>
          <Direction>East</Direction>
          <Destination>40905</Destination>
          <Display>the door east</Display>
          <Keywords></Keywords>
          <Description></Description>
          <Flags></Flags>
          <Keys></Keys>
          <ExitSize>Giant</ExitSize>
        </Exit>
        <Exit>
          <Direction>West</Direction>
          <Destination>40903</Destination>
          <Display>the door west</Display>
          <Keywords></Keywords>
          <Description></Description>
          <Flags></Flags>
          <Keys></Keys>
          <ExitSize>Giant</ExitSize>
        </Exit>
      </Exits>
      <ExtraDescriptions />
    </Room>
    <Room>
      <VNum>40905</VNum>
      <Name>The Eastern Shatar Road</Name>
      <Description>The Eastern Shatar Road is a road that connects the western world to Tar Valon.
It is a major thoroughfare that runs through the eastern region of the Shatar.
The road is well-traveled, possibly by a variety of people and goods
transported by wagons, carts, and horses as the main means of transportation.
The road would connect the Western world to the city of Tar Valon, a powerful
city-state known for its strong Aes Sedai presence, and would likely be a
primary route for transportation and commerce in the area. The road is a dirt
and gravel road, with some cobblestone
sections, but well maintained.</Description>
      <Sector>Road</Sector>
      <Flags></Flags>
      <Exits>
        <Exit>
          <Direction>East</Direction>
          <Destination>40906</Destination>
          <Display>the door east</Display>
          <Keywords></Keywords>
          <Description></Description>
          <Flags></Flags>
          <Keys></Keys>
          <ExitSize>Giant</ExitSize>
        </Exit>
        <Exit>
          <Direction>West</Direction>
          <Destination>40904</Destination>
          <Display>the door west</Display>
          <Keywords></Keywords>
          <Description></Description>
          <Flags></Flags>
          <Keys></Keys>
          <ExitSize>Giant</ExitSize>
        </Exit>
      </Exits>
      <ExtraDescriptions />
    </Room>
    <Room>
      <VNum>40906</VNum>
      <Name>The Eastern Shatar Road</Name>
      <Description>The Eastern Shatar Road is a road that connects the western world to Tar Valon.
It is a major thoroughfare that runs through the eastern region of the Shatar.
The road is well-traveled, possibly by a variety of people and goods
transported by wagons, carts, and horses as the main means of transportation.
The road would connect the Western world to the city of Tar Valon, a powerful
city-state known for its strong Aes Sedai presence, and would likely be a
primary route for transportation and commerce in the area. The road is a dirt
and gravel road, with some cobblestone
sections, but well maintained.</Description>
      <Sector>Road</Sector>
      <Flags></Flags>
      <Exits>
        <Exit>
          <Direction>East</Direction>
          <Destination>40907</Destination>
          <Display>the door east</Display>
          <Keywords></Keywords>
          <Description></Description>
          <Flags></Flags>
          <Keys></Keys>
          <ExitSize>Giant</ExitSize>
        </Exit>
        <Exit>
          <Direction>West</Direction>
          <Destination>40905</Destination>
          <Display>the door west</Display>
          <Keywords></Keywords>
          <Description></Description>
          <Flags></Flags>
          <Keys></Keys>
          <ExitSize>Giant</ExitSize>
        </Exit>
      </Exits>
      <ExtraDescriptions />
    </Room>
    <Room>
      <VNum>40907</VNum>
      <Name>The Eastern Shatar Road</Name>
      <Description>The Eastern Shatar Road is a road that connects the western world to Tar Valon.
It is a major thoroughfare that runs through the eastern region of the Shatar.
The road is well-traveled, possibly by a variety of people and goods
transported by wagons, carts, and horses as the main means of transportation.
The road would connect the Western world to the city of Tar Valon, a powerful
city-state known for its strong Aes Sedai presence, and would likely be a
primary route for transportation and commerce in the area. The road is a dirt
and gravel road, with some cobblestone
sections, but well maintained.</Description>
      <Sector>Road</Sector>
      <Flags></Flags>
      <Exits>
        <Exit>
          <Direction>East</Direction>
          <Destination>40908</Destination>
          <Display>the door east</Display>
          <Keywords></Keywords>
          <Description></Description>
          <Flags></Flags>
          <Keys></Keys>
          <ExitSize>Giant</ExitSize>
        </Exit>
        <Exit>
          <Direction>West</Direction>
          <Destination>40906</Destination>
          <Display>the door west</Display>
          <Keywords></Keywords>
          <Description></Description>
          <Flags></Flags>
          <Keys></Keys>
          <ExitSize>Giant</ExitSize>
        </Exit>
      </Exits>
      <ExtraDescriptions />
    </Room>
    <Room>
      <VNum>40908</VNum>
      <Name>The Eastern Shatar Road</Name>
      <Description>The Eastern Shatar Road is a road that connects the western world to Tar Valon.
It is a major thoroughfare that runs through the eastern region of the Shatar.
The road is well-traveled, possibly by a variety of people and goods
transported by wagons, carts, and horses as the main means of transportation.
The road would connect the Western world to the city of Tar Valon, a powerful
city-state known for its strong Aes Sedai presence, and would likely be a
primary route for transportation and commerce in the area. The road is a dirt
and gravel road, with some cobblestone
sections, but well maintained.</Description>
      <Sector>Road</Sector>
      <Flags></Flags>
      <Exits>
        <Exit>
          <Direction>East</Direction>
          <Destination>40909</Destination>
          <Display>the door east</Display>
          <Keywords></Keywords>
          <Description></Description>
          <Flags></Flags>
          <Keys></Keys>
          <ExitSize>Giant</ExitSize>
        </Exit>
        <Exit>
          <Direction>West</Direction>
          <Destination>40907</Destination>
          <Display>the door west</Display>
          <Keywords></Keywords>
          <Description></Description>
          <Flags></Flags>
          <Keys></Keys>
          <ExitSize>Giant</ExitSize>
        </Exit>
      </Exits>
      <ExtraDescriptions />
    </Room>
    <Room>
      <VNum>40909</VNum>
      <Name>The Eastern Shatar Road</Name>
      <Description>The Eastern Shatar Road is a road that connects the western world to Tar Valon.
It is a major thoroughfare that runs through the eastern region of the Shatar.
The road is well-traveled, possibly by a variety of people and goods
transported by wagons, carts, and horses as the main means of transportation.
The road would connect the Western world to the city of Tar Valon, a powerful
city-state known for its strong Aes Sedai presence, and would likely be a
primary route for transportation and commerce in the area. The road is a dirt
and gravel road, with some cobblestone
sections, but well maintained.</Description>
      <Sector>Road</Sector>
      <Flags></Flags>
      <Exits>
        <Exit>
          <Direction>East</Direction>
          <Destination>40910</Destination>
          <Display>the door east</Display>
          <Keywords></Keywords>
          <Description></Description>
          <Flags></Flags>
          <Keys></Keys>
          <ExitSize>Giant</ExitSize>
        </Exit>
        <Exit>
          <Direction>West</Direction>
          <Destination>40908</Destination>
          <Display>the door west</Display>
          <Keywords></Keywords>
          <Description></Description>
          <Flags></Flags>
          <Keys></Keys>
          <ExitSize>Giant</ExitSize>
        </Exit>
      </Exits>
      <ExtraDescriptions />
    </Room>
    <Room>
      <VNum>40910</VNum>
      <Name>The Eastern Shatar Road</Name>
      <Description>The Eastern Shatar Road is a road that connects the western world to Tar Valon.
It is a major thoroughfare that runs through the eastern region of the Shatar.
The road is well-traveled, possibly by a variety of people and goods
transported by wagons, carts, and horses as the main means of transportation.
The road would connect the Western world to the city of Tar Valon, a powerful
city-state known for its strong Aes Sedai presence, and would likely be a
primary route for transportation and commerce in the area. The road is a dirt
and gravel road, with some cobblestone
sections, but well maintained.</Description>
      <Sector>Road</Sector>
      <Flags></Flags>
      <Exits>
        <Exit>
          <Direction>East</Direction>
          <Destination>40911</Destination>
          <Display>the door east</Display>
          <Keywords></Keywords>
          <Description></Description>
          <Flags></Flags>
          <Keys></Keys>
          <ExitSize>Giant</ExitSize>
        </Exit>
        <Exit>
          <Direction>West</Direction>
          <Destination>40909</Destination>
          <Display>the door west</Display>
          <Keywords></Keywords>
          <Description></Description>
          <Flags></Flags>
          <Keys></Keys>
          <ExitSize>Giant</ExitSize>
        </Exit>
      </Exits>
      <ExtraDescriptions />
    </Room>
    <Room>
      <VNum>40911</VNum>
      <Name>The Eastern Shatar Road</Name>
      <Description>The Eastern Shatar Road is a road that connects the western world to Tar Valon.
It is a major thoroughfare that runs through the eastern region of the Shatar.
The road is well-traveled, possibly by a variety of people and goods
transported by wagons, carts, and horses as the main means of transportation.
The road would connect the Western world to the city of Tar Valon, a powerful
city-state known for its strong Aes Sedai presence, and would likely be a
primary route for transportation and commerce in the area. The road is a dirt
and gravel road, with some cobblestone
sections, but well maintained.</Description>
      <Sector>Road</Sector>
      <Flags></Flags>
      <Exits>
        <Exit>
          <Direction>East</Direction>
          <Destination>40912</Destination>
          <Display>the door east</Display>
          <Keywords></Keywords>
          <Description></Description>
          <Flags></Flags>
          <Keys></Keys>
          <ExitSize>Giant</ExitSize>
        </Exit>
        <Exit>
          <Direction>West</Direction>
          <Destination>40910</Destination>
          <Display>the door west</Display>
          <Keywords></Keywords>
          <Description></Description>
          <Flags></Flags>
          <Keys></Keys>
          <ExitSize>Giant</ExitSize>
        </Exit>
      </Exits>
      <ExtraDescriptions />
    </Room>
    <Room>
      <VNum>40912</VNum>
      <Name>The Eastern Shatar Road</Name>
      <Description>The Eastern Shatar Road is a road that connects the western world to Tar Valon.
It is a major thoroughfare that runs through the eastern region of the Shatar.
The road is well-traveled, possibly by a variety of people and goods
transported by wagons, carts, and horses as the main means of transportation.
The road would connect the Western world to the city of Tar Valon, a powerful
city-state known for its strong Aes Sedai presence, and would likely be a
primary route for transportation and commerce in the area. The road is a dirt
and gravel road, with some cobblestone
sections, but well maintained.</Description>
      <Sector>Road</Sector>
      <Flags></Flags>
      <Exits>
        <Exit>
          <Direction>East</Direction>
          <Destination>40913</Destination>
          <Display>the door east</Display>
          <Keywords></Keywords>
          <Description></Description>
          <Flags></Flags>
          <Keys></Keys>
          <ExitSize>Giant</ExitSize>
        </Exit>
        <Exit>
          <Direction>West</Direction>
          <Destination>40911</Destination>
          <Display>the door west</Display>
          <Keywords></Keywords>
          <Description></Description>
          <Flags></Flags>
          <Keys></Keys>
          <ExitSize>Giant</ExitSize>
        </Exit>
      </Exits>
      <ExtraDescriptions />
    </Room>
    <Room>
      <VNum>40913</VNum>
      <Name>The Eastern Shatar Road</Name>
      <Description>The Eastern Shatar Road is a road that connects the western world to Tar Valon.
It is a major thoroughfare that runs through the eastern region of the Shatar.
The road is well-traveled, possibly by a variety of people and goods
transported by wagons, carts, and horses as the main means of transportation.
The road would connect the Western world to the city of Tar Valon, a powerful
city-state known for its strong Aes Sedai presence, and would likely be a
primary route for transportation and commerce in the area. The road is a dirt
and gravel road, with some cobblestone
sections, but well maintained.</Description>
      <Sector>Road</Sector>
      <Flags></Flags>
      <Exits>
        <Exit>
          <Direction>East</Direction>
          <Destination>40914</Destination>
          <Display>the door east</Display>
          <Keywords></Keywords>
          <Description></Description>
          <Flags></Flags>
          <Keys></Keys>
          <ExitSize>Giant</ExitSize>
        </Exit>
        <Exit>
          <Direction>West</Direction>
          <Destination>40912</Destination>
          <Display>the door west</Display>
          <Keywords></Keywords>
          <Description></Description>
          <Flags></Flags>
          <Keys></Keys>
          <ExitSize>Giant</ExitSize>
        </Exit>
      </Exits>
      <ExtraDescriptions />
    </Room>
    <Room>
      <VNum>40914</VNum>
      <Name>The Eastern Shatar Road</Name>
      <Description>The Eastern Shatar Road is a road that connects the western world to Tar Valon.
It is a major thoroughfare that runs through the eastern region of the Shatar.
The road is well-traveled, possibly by a variety of people and goods
transported by wagons, carts, and horses as the main means of transportation.
The road would connect the Western world to the city of Tar Valon, a powerful
city-state known for its strong Aes Sedai presence, and would likely be a
primary route for transportation and commerce in the area. The road is a dirt
and gravel road, with some cobblestone
sections, but well maintained.</Description>
      <Sector>Road</Sector>
      <Flags></Flags>
      <Exits>
        <Exit>
          <Direction>North</Direction>
          <Destination>40946</Destination>
          <Display>the door north</Display>
          <Keywords></Keywords>
          <Description></Description>
          <Flags></Flags>
          <Keys></Keys>
          <ExitSize>Giant</ExitSize>
        </Exit>
        <Exit>
          <Direction>East</Direction>
          <Destination>40915</Destination>
          <Display>the door east</Display>
          <Keywords></Keywords>
          <Description></Description>
          <Flags></Flags>
          <Keys></Keys>
          <ExitSize>Giant</ExitSize>
        </Exit>
        <Exit>
          <Direction>West</Direction>
          <Destination>40913</Destination>
          <Display>the door west</Display>
          <Keywords></Keywords>
          <Description></Description>
          <Flags></Flags>
          <Keys></Keys>
          <ExitSize>Giant</ExitSize>
        </Exit>
      </Exits>
      <ExtraDescriptions />
    </Room>
    <Room>
      <VNum>40915</VNum>
      <Name>The Eastern Shatar Road</Name>
      <Description>The Eastern Shatar Road is a road that connects the western world to Tar Valon.
It is a major thoroughfare that runs through the eastern region of the Shatar.
The road is well-traveled, possibly by a variety of people and goods
transported by wagons, carts, and horses as the main means of transportation.
The road would connect the Western world to the city of Tar Valon, a powerful
city-state known for its strong Aes Sedai presence, and would likely be a
primary route for transportation and commerce in the area. The road is a dirt
and gravel road, with some cobblestone
sections, but well maintained.</Description>
      <Sector>Road</Sector>
      <Flags></Flags>
      <Exits>
        <Exit>
          <Direction>East</Direction>
          <Destination>40916</Destination>
          <Display>the door east</Display>
          <Keywords></Keywords>
          <Description></Description>
          <Flags></Flags>
          <Keys></Keys>
          <ExitSize>Giant</ExitSize>
        </Exit>
        <Exit>
          <Direction>West</Direction>
          <Destination>40914</Destination>
          <Display>the door west</Display>
          <Keywords></Keywords>
          <Description></Description>
          <Flags></Flags>
          <Keys></Keys>
          <ExitSize>Giant</ExitSize>
        </Exit>
      </Exits>
      <ExtraDescriptions />
    </Room>
    <Room>
      <VNum>40916</VNum>
      <Name>The Eastern Shatar Road</Name>
      <Description>The Eastern Shatar Road is a road that connects the western world to Tar Valon.
It is a major thoroughfare that runs through the eastern region of the Shatar.
The road is well-traveled, possibly by a variety of people and goods
transported by wagons, carts, and horses as the main means of transportation.
The road would connect the Western world to the city of Tar Valon, a powerful
city-state known for its strong Aes Sedai presence, and would likely be a
primary route for transportation and commerce in the area. The road is a dirt
and gravel road, with some cobblestone
sections, but well maintained.</Description>
      <Sector>Road</Sector>
      <Flags></Flags>
      <Exits>
        <Exit>
          <Direction>East</Direction>
          <Destination>40917</Destination>
          <Display>the door east</Display>
          <Keywords></Keywords>
          <Description></Description>
          <Flags></Flags>
          <Keys></Keys>
          <ExitSize>Giant</ExitSize>
        </Exit>
        <Exit>
          <Direction>South</Direction>
          <Destination>24200</Destination>
          <Display>the door south</Display>
          <Keywords></Keywords>
          <Description></Description>
          <Flags></Flags>
          <Keys></Keys>
          <ExitSize>Giant</ExitSize>
        </Exit>
        <Exit>
          <Direction>West</Direction>
          <Destination>40915</Destination>
          <Display>the door west</Display>
          <Keywords></Keywords>
          <Description></Description>
          <Flags></Flags>
          <Keys></Keys>
          <ExitSize>Giant</ExitSize>
        </Exit>
      </Exits>
      <ExtraDescriptions />
    </Room>
    <Room>
      <VNum>40917</VNum>
      <Name>The Eastern Shatar Road</Name>
      <Description>The Eastern Shatar Road is a road that connects the western world to Tar Valon.
It is a major thoroughfare that runs through the eastern region of the Shatar.
The road is well-traveled, possibly by a variety of people and goods
transported by wagons, carts, and horses as the main means of transportation.
The road would connect the Western world to the city of Tar Valon, a powerful
city-state known for its strong Aes Sedai presence, and would likely be a
primary route for transportation and commerce in the area. The road is a dirt
and gravel road, with some cobblestone
sections, but well maintained.</Description>
      <Sector>Road</Sector>
      <Flags></Flags>
      <Exits>
        <Exit>
          <Direction>East</Direction>
          <Destination>40918</Destination>
          <Display>the door east</Display>
          <Keywords></Keywords>
          <Description></Description>
          <Flags></Flags>
          <Keys></Keys>
          <ExitSize>Giant</ExitSize>
        </Exit>
        <Exit>
          <Direction>West</Direction>
          <Destination>40916</Destination>
          <Display>the door west</Display>
          <Keywords></Keywords>
          <Description></Description>
          <Flags></Flags>
          <Keys></Keys>
          <ExitSize>Giant</ExitSize>
        </Exit>
      </Exits>
      <ExtraDescriptions />
    </Room>
    <Room>
      <VNum>40918</VNum>
      <Name>The Eastern Shatar Road</Name>
      <Description>The Eastern Shatar Road is a road that connects the western world to Tar Valon.
It is a major thoroughfare that runs through the eastern region of the Shatar.
The road is well-traveled, possibly by a variety of people and goods
transported by wagons, carts, and horses as the main means of transportation.
The road would connect the Western world to the city of Tar Valon, a powerful
city-state known for its strong Aes Sedai presence, and would likely be a
primary route for transportation and commerce in the area. The road is a dirt
and gravel road, with some cobblestone
sections, but well maintained.</Description>
      <Sector>Road</Sector>
      <Flags></Flags>
      <Exits>
        <Exit>
          <Direction>East</Direction>
          <Destination>40919</Destination>
          <Display>the door east</Display>
          <Keywords></Keywords>
          <Description></Description>
          <Flags></Flags>
          <Keys></Keys>
          <ExitSize>Giant</ExitSize>
        </Exit>
        <Exit>
          <Direction>West</Direction>
          <Destination>40917</Destination>
          <Display>the door west</Display>
          <Keywords></Keywords>
          <Description></Description>
          <Flags></Flags>
          <Keys></Keys>
          <ExitSize>Giant</ExitSize>
        </Exit>
      </Exits>
      <ExtraDescriptions />
    </Room>
    <Room>
      <VNum>40919</VNum>
      <Name>The Eastern Shatar Road</Name>
      <Description>The Eastern Shatar Road is a road that connects the western world to Tar Valon.
It is a major thoroughfare that runs through the eastern region of the Shatar.
The road is well-traveled, possibly by a variety of people and goods
transported by wagons, carts, and horses as the main means of transportation.
The road would connect the Western world to the city of Tar Valon, a powerful
city-state known for its strong Aes Sedai presence, and would likely be a
primary route for transportation and commerce in the area. The road is a dirt
and gravel road, with some cobblestone
sections, but well maintained.</Description>
      <Sector>Road</Sector>
      <Flags></Flags>
      <Exits>
        <Exit>
          <Direction>East</Direction>
          <Destination>40920</Destination>
          <Display>the door east</Display>
          <Keywords></Keywords>
          <Description></Description>
          <Flags></Flags>
          <Keys></Keys>
          <ExitSize>Giant</ExitSize>
        </Exit>
        <Exit>
          <Direction>West</Direction>
          <Destination>40918</Destination>
          <Display>the door west</Display>
          <Keywords></Keywords>
          <Description></Description>
          <Flags></Flags>
          <Keys></Keys>
          <ExitSize>Giant</ExitSize>
        </Exit>
      </Exits>
      <ExtraDescriptions />
    </Room>
    <Room>
      <VNum>40920</VNum>
      <Name>The Eastern Shatar Road</Name>
      <Description>The Eastern Shatar Road is a road that connects the western world to Tar Valon.
It is a major thoroughfare that runs through the eastern region of the Shatar.
The road is well-traveled, possibly by a variety of people and goods
transported by wagons, carts, and horses as the main means of transportation.
The road would connect the Western world to the city of Tar Valon, a powerful
city-state known for its strong Aes Sedai presence, and would likely be a
primary route for transportation and commerce in the area. The road is a dirt
and gravel road, with some cobblestone
sections, but well maintained.</Description>
      <Sector>Road</Sector>
      <Flags></Flags>
      <Exits>
        <Exit>
          <Direction>East</Direction>
          <Destination>40921</Destination>
          <Display>the door east</Display>
          <Keywords></Keywords>
          <Description></Description>
          <Flags></Flags>
          <Keys></Keys>
          <ExitSize>Giant</ExitSize>
        </Exit>
        <Exit>
          <Direction>West</Direction>
          <Destination>40919</Destination>
          <Display>the door west</Display>
          <Keywords></Keywords>
          <Description></Description>
          <Flags></Flags>
          <Keys></Keys>
          <ExitSize>Giant</ExitSize>
        </Exit>
      </Exits>
      <ExtraDescriptions />
    </Room>
    <Room>
      <VNum>40921</VNum>
      <Name>The Eastern Shatar Road</Name>
      <Description>The Eastern Shatar Road is a road that connects the western world to Tar Valon.
It is a major thoroughfare that runs through the eastern region of the Shatar.
The road is well-traveled, possibly by a variety of people and goods
transported by wagons, carts, and horses as the main means of transportation.
The road would connect the Western world to the city of Tar Valon, a powerful
city-state known for its strong Aes Sedai presence, and would likely be a
primary route for transportation and commerce in the area. The road is a dirt
and gravel road, with some cobblestone
sections, but well maintained.</Description>
      <Sector>Road</Sector>
      <Flags></Flags>
      <Exits>
        <Exit>
          <Direction>East</Direction>
          <Destination>40922</Destination>
          <Display>the door east</Display>
          <Keywords></Keywords>
          <Description></Description>
          <Flags></Flags>
          <Keys></Keys>
          <ExitSize>Giant</ExitSize>
        </Exit>
        <Exit>
          <Direction>West</Direction>
          <Destination>40920</Destination>
          <Display>the door west</Display>
          <Keywords></Keywords>
          <Description></Description>
          <Flags></Flags>
          <Keys></Keys>
          <ExitSize>Giant</ExitSize>
        </Exit>
      </Exits>
      <ExtraDescriptions />
    </Room>
    <Room>
      <VNum>40922</VNum>
      <Name>The Eastern Shatar Road</Name>
      <Description>The Eastern Shatar Road is a road that connects the western world to Tar Valon.
It is a major thoroughfare that runs through the eastern region of the Shatar.
The road is well-traveled, possibly by a variety of people and goods
transported by wagons, carts, and horses as the main means of transportation.
The road would connect the Western world to the city of Tar Valon, a powerful
city-state known for its strong Aes Sedai presence, and would likely be a
primary route for transportation and commerce in the area. The road is a dirt
and gravel road, with some cobblestone
sections, but well maintained.</Description>
      <Sector>Road</Sector>
      <Flags></Flags>
      <Exits>
        <Exit>
          <Direction>North</Direction>
          <Destination>9061</Destination>
          <Display>the door north</Display>
          <Keywords></Keywords>
          <Description></Description>
          <Flags></Flags>
          <Keys></Keys>
          <ExitSize>Giant</ExitSize>
        </Exit>
        <Exit>
          <Direction>East</Direction>
          <Destination>40923</Destination>
          <Display>the door east</Display>
          <Keywords></Keywords>
          <Description></Description>
          <Flags></Flags>
          <Keys></Keys>
          <ExitSize>Giant</ExitSize>
        </Exit>
        <Exit>
          <Direction>West</Direction>
          <Destination>40921</Destination>
          <Display>the door west</Display>
          <Keywords></Keywords>
          <Description></Description>
          <Flags></Flags>
          <Keys></Keys>
          <ExitSize>Giant</ExitSize>
        </Exit>
      </Exits>
      <ExtraDescriptions />
    </Room>
    <Room>
      <VNum>40923</VNum>
      <Name>The Eastern Shatar Road</Name>
      <Description>The Eastern Shatar Road is a road that connects the western world to Tar Valon.
It is a major thoroughfare that runs through the eastern region of the Shatar.
The road is well-traveled, possibly by a variety of people and goods
transported by wagons, carts, and horses as the main means of transportation.
The road would connect the Western world to the city of Tar Valon, a powerful
city-state known for its strong Aes Sedai presence, and would likely be a
primary route for transportation and commerce in the area. The road is a dirt
and gravel road, with some cobblestone
sections, but well maintained.</Description>
      <Sector>Road</Sector>
      <Flags></Flags>
      <Exits>
        <Exit>
          <Direction>East</Direction>
          <Destination>40924</Destination>
          <Display>the door east</Display>
          <Keywords></Keywords>
          <Description></Description>
          <Flags></Flags>
          <Keys></Keys>
          <ExitSize>Giant</ExitSize>
        </Exit>
        <Exit>
          <Direction>West</Direction>
          <Destination>40922</Destination>
          <Display>the door west</Display>
          <Keywords></Keywords>
          <Description></Description>
          <Flags></Flags>
          <Keys></Keys>
          <ExitSize>Giant</ExitSize>
        </Exit>
      </Exits>
      <ExtraDescriptions />
    </Room>
    <Room>
      <VNum>40924</VNum>
      <Name>The Eastern Shatar Road</Name>
      <Description>The Eastern Shatar Road is a road that connects the western world to Tar Valon.
It is a major thoroughfare that runs through the eastern region of the Shatar.
The road is well-traveled, possibly by a variety of people and goods
transported by wagons, carts, and horses as the main means of transportation.
The road would connect the Western world to the city of Tar Valon, a powerful
city-state known for its strong Aes Sedai presence, and would likely be a
primary route for transportation and commerce in the area. The road is a dirt
and gravel road, with some cobblestone
sections, but well maintained.</Description>
      <Sector>Road</Sector>
      <Flags></Flags>
      <Exits>
        <Exit>
          <Direction>East</Direction>
          <Destination>40925</Destination>
          <Display>the door east</Display>
          <Keywords></Keywords>
          <Description></Description>
          <Flags></Flags>
          <Keys></Keys>
          <ExitSize>Giant</ExitSize>
        </Exit>
        <Exit>
          <Direction>West</Direction>
          <Destination>40923</Destination>
          <Display>the door west</Display>
          <Keywords></Keywords>
          <Description></Description>
          <Flags></Flags>
          <Keys></Keys>
          <ExitSize>Giant</ExitSize>
        </Exit>
      </Exits>
      <ExtraDescriptions />
    </Room>
    <Room>
      <VNum>40925</VNum>
      <Name>The Eastern Shatar Road</Name>
      <Description>The Eastern Shatar Road is a road that connects the western world to Tar Valon.
It is a major thoroughfare that runs through the eastern region of the Shatar.
The road is well-traveled, possibly by a variety of people and goods
transported by wagons, carts, and horses as the main means of transportation.
The road would connect the Western world to the city of Tar Valon, a powerful
city-state known for its strong Aes Sedai presence, and would likely be a
primary route for transportation and commerce in the area. The road is a dirt
and gravel road, with some cobblestone
sections, but well maintained.</Description>
      <Sector>Road</Sector>
      <Flags></Flags>
      <Exits>
        <Exit>
          <Direction>East</Direction>
          <Destination>40926</Destination>
          <Display>the door east</Display>
          <Keywords></Keywords>
          <Description></Description>
          <Flags></Flags>
          <Keys></Keys>
          <ExitSize>Giant</ExitSize>
        </Exit>
        <Exit>
          <Direction>West</Direction>
          <Destination>40924</Destination>
          <Display>the door west</Display>
          <Keywords></Keywords>
          <Description></Description>
          <Flags></Flags>
          <Keys></Keys>
          <ExitSize>Giant</ExitSize>
        </Exit>
      </Exits>
      <ExtraDescriptions />
    </Room>
    <Room>
      <VNum>40926</VNum>
      <Name>The Eastern Shatar Road</Name>
      <Description>The Eastern Shatar Road is a road that connects the western world to Tar Valon.
It is a major thoroughfare that runs through the eastern region of the Shatar.
The road is well-traveled, possibly by a variety of people and goods
transported by wagons, carts, and horses as the main means of transportation.
The road would connect the Western world to the city of Tar Valon, a powerful
city-state known for its strong Aes Sedai presence, and would likely be a
primary route for transportation and commerce in the area. The road is a dirt
and gravel road, with some cobblestone
sections, but well maintained.</Description>
      <Sector>Road</Sector>
      <Flags></Flags>
      <Exits>
        <Exit>
          <Direction>East</Direction>
          <Destination>40927</Destination>
          <Display>the door east</Display>
          <Keywords></Keywords>
          <Description></Description>
          <Flags></Flags>
          <Keys></Keys>
          <ExitSize>Giant</ExitSize>
        </Exit>
        <Exit>
          <Direction>South</Direction>
          <Destination>24278</Destination>
          <Display>the door south</Display>
          <Keywords></Keywords>
          <Description></Description>
          <Flags></Flags>
          <Keys></Keys>
          <ExitSize>Giant</ExitSize>
        </Exit>
        <Exit>
          <Direction>West</Direction>
          <Destination>40925</Destination>
          <Display>the door west</Display>
          <Keywords></Keywords>
          <Description></Description>
          <Flags></Flags>
          <Keys></Keys>
          <ExitSize>Giant</ExitSize>
        </Exit>
      </Exits>
      <ExtraDescriptions />
    </Room>
    <Room>
      <VNum>40927</VNum>
      <Name>The Eastern Shatar Road</Name>
      <Description>The Eastern Shatar Road is a road that connects the western world to Tar Valon.
It is a major thoroughfare that runs through the eastern region of the Shatar.
The road is well-traveled, possibly by a variety of people and goods
transported by wagons, carts, and horses as the main means of transportation.
The road would connect the Western world to the city of Tar Valon, a powerful
city-state known for its strong Aes Sedai presence, and would likely be a
primary route for transportation and commerce in the area. The road is a dirt
and gravel road, with some cobblestone
sections, but well maintained.</Description>
      <Sector>Road</Sector>
      <Flags></Flags>
      <Exits>
        <Exit>
          <Direction>East</Direction>
          <Destination>40928</Destination>
          <Display>the door east</Display>
          <Keywords></Keywords>
          <Description></Description>
          <Flags></Flags>
          <Keys></Keys>
          <ExitSize>Giant</ExitSize>
        </Exit>
        <Exit>
          <Direction>West</Direction>
          <Destination>40926</Destination>
          <Display>the door west</Display>
          <Keywords></Keywords>
          <Description></Description>
          <Flags></Flags>
          <Keys></Keys>
          <ExitSize>Giant</ExitSize>
        </Exit>
      </Exits>
      <ExtraDescriptions />
    </Room>
    <Room>
      <VNum>40928</VNum>
      <Name>The Eastern Shatar Road</Name>
      <Description>The Eastern Shatar Road is a road that connects the western world to Tar Valon.
It is a major thoroughfare that runs through the eastern region of the Shatar.
The road is well-traveled, possibly by a variety of people and goods
transported by wagons, carts, and horses as the main means of transportation.
The road would connect the Western world to the city of Tar Valon, a powerful
city-state known for its strong Aes Sedai presence, and would likely be a
primary route for transportation and commerce in the area. The road is a dirt
and gravel road, with some cobblestone
sections, but well maintained.</Description>
      <Sector>Road</Sector>
      <Flags></Flags>
      <Exits>
        <Exit>
          <Direction>East</Direction>
          <Destination>40929</Destination>
          <Display>the door east</Display>
          <Keywords></Keywords>
          <Description></Description>
          <Flags></Flags>
          <Keys></Keys>
          <ExitSize>Giant</ExitSize>
        </Exit>
        <Exit>
          <Direction>West</Direction>
          <Destination>40927</Destination>
          <Display>the door west</Display>
          <Keywords></Keywords>
          <Description></Description>
          <Flags></Flags>
          <Keys></Keys>
          <ExitSize>Giant</ExitSize>
        </Exit>
      </Exits>
      <ExtraDescriptions />
    </Room>
    <Room>
      <VNum>40929</VNum>
      <Name>The Eastern Shatar Road</Name>
      <Description>The Eastern Shatar Road is a road that connects the western world to Tar Valon.
It is a major thoroughfare that runs through the eastern region of the Shatar.
The road is well-traveled, possibly by a variety of people and goods
transported by wagons, carts, and horses as the main means of transportation.
The road would connect the Western world to the city of Tar Valon, a powerful
city-state known for its strong Aes Sedai presence, and would likely be a
primary route for transportation and commerce in the area. The road is a dirt
and gravel road, with some cobblestone
sections, but well maintained.</Description>
      <Sector>Road</Sector>
      <Flags></Flags>
      <Exits>
        <Exit>
          <Direction>North</Direction>
          <Destination>60630</Destination>
          <Display>the door north</Display>
          <Keywords></Keywords>
          <Description></Description>
          <Flags></Flags>
          <Keys></Keys>
          <ExitSize>Giant</ExitSize>
        </Exit>
        <Exit>
          <Direction>East</Direction>
          <Destination>40937</Destination>
          <Display>the door east</Display>
          <Keywords></Keywords>
          <Description></Description>
          <Flags></Flags>
          <Keys></Keys>
          <ExitSize>Giant</ExitSize>
        </Exit>
        <Exit>
          <Direction>West</Direction>
          <Destination>40928</Destination>
          <Display>the door west</Display>
          <Keywords></Keywords>
          <Description></Description>
          <Flags></Flags>
          <Keys></Keys>
          <ExitSize>Giant</ExitSize>
        </Exit>
      </Exits>
      <ExtraDescriptions />
    </Room>
    <Room>
      <VNum>40930</VNum>
      <Name>The Eastern Shatar Road</Name>
      <Description>The Eastern Shatar Road is a road that connects the western world to Tar Valon.
It is a major thoroughfare that runs through the eastern region of the Shatar.
The road is well-traveled, possibly by a variety of people and goods
transported by wagons, carts, and horses as the main means of transportation.
The road would connect the Western world to the city of Tar Valon, a powerful
city-state known for its strong Aes Sedai presence, and would likely be a
primary route for transportation and commerce in the area. The road is a dirt
and gravel road, with some cobblestone
sections, but well maintained.</Description>
      <Sector>Inside</Sector>
      <Flags></Flags>
      <Exits>
        <Exit>
          <Direction>East</Direction>
          <Destination>40931</Destination>
          <Display>the door east</Display>
          <Keywords></Keywords>
          <Description></Description>
          <Flags></Flags>
          <Keys></Keys>
          <ExitSize>Giant</ExitSize>
        </Exit>
        <Exit>
          <Direction>West</Direction>
          <Destination>40929</Destination>
          <Display>the door west</Display>
          <Keywords></Keywords>
          <Description></Description>
          <Flags></Flags>
          <Keys></Keys>
          <ExitSize>Giant</ExitSize>
        </Exit>
      </Exits>
      <ExtraDescriptions />
    </Room>
    <Room>
      <VNum>40931</VNum>
      <Name>The Eastern Shatar Road</Name>
      <Description>The Eastern Shatar Road is a road that connects the western world to Tar Valon.
It is a major thoroughfare that runs through the eastern region of the Shatar.
The road is well-traveled, possibly by a variety of people and goods
transported by wagons, carts, and horses as the main means of transportation.
The road would connect the Western world to the city of Tar Valon, a powerful
city-state known for its strong Aes Sedai presence, and would likely be a
primary route for transportation and commerce in the area. The road is a dirt
and gravel road, with some cobblestone
sections, but well maintained.</Description>
      <Sector>Inside</Sector>
      <Flags></Flags>
      <Exits>
        <Exit>
          <Direction>East</Direction>
          <Destination>40932</Destination>
          <Display>the door east</Display>
          <Keywords></Keywords>
          <Description></Description>
          <Flags></Flags>
          <Keys></Keys>
          <ExitSize>Giant</ExitSize>
        </Exit>
        <Exit>
          <Direction>West</Direction>
          <Destination>40930</Destination>
          <Display>the door west</Display>
          <Keywords></Keywords>
          <Description></Description>
          <Flags></Flags>
          <Keys></Keys>
          <ExitSize>Giant</ExitSize>
        </Exit>
      </Exits>
      <ExtraDescriptions />
    </Room>
    <Room>
      <VNum>40932</VNum>
      <Name>The Eastern Shatar Road</Name>
      <Description>The Eastern Shatar Road is a road that connects the western world to Tar Valon.
It is a major thoroughfare that runs through the eastern region of the Shatar.
The road is well-traveled, possibly by a variety of people and goods
transported by wagons, carts, and horses as the main means of transportation.
The road would connect the Western world to the city of Tar Valon, a powerful
city-state known for its strong Aes Sedai presence, and would likely be a
primary route for transportation and commerce in the area. The road is a dirt
and gravel road, with some cobblestone
sections, but well maintained.</Description>
      <Sector>Inside</Sector>
      <Flags></Flags>
      <Exits>
        <Exit>
          <Direction>East</Direction>
          <Destination>40933</Destination>
          <Display>the door east</Display>
          <Keywords></Keywords>
          <Description></Description>
          <Flags></Flags>
          <Keys></Keys>
          <ExitSize>Giant</ExitSize>
        </Exit>
        <Exit>
          <Direction>West</Direction>
          <Destination>40931</Destination>
          <Display>the door west</Display>
          <Keywords></Keywords>
          <Description></Description>
          <Flags></Flags>
          <Keys></Keys>
          <ExitSize>Giant</ExitSize>
        </Exit>
      </Exits>
      <ExtraDescriptions />
    </Room>
    <Room>
      <VNum>40933</VNum>
      <Name>The Eastern Shatar Road</Name>
      <Description>The Eastern Shatar Road is a road that connects the western world to Tar Valon.
It is a major thoroughfare that runs through the eastern region of the Shatar.
The road is well-traveled, possibly by a variety of people and goods
transported by wagons, carts, and horses as the main means of transportation.
The road would connect the Western world to the city of Tar Valon, a powerful
city-state known for its strong Aes Sedai presence, and would likely be a
primary route for transportation and commerce in the area. The road is a dirt
and gravel road, with some cobblestone
sections, but well maintained.</Description>
      <Sector>Inside</Sector>
      <Flags></Flags>
      <Exits>
        <Exit>
          <Direction>East</Direction>
          <Destination>40934</Destination>
          <Display>the door east</Display>
          <Keywords></Keywords>
          <Description></Description>
          <Flags></Flags>
          <Keys></Keys>
          <ExitSize>Giant</ExitSize>
        </Exit>
        <Exit>
          <Direction>West</Direction>
          <Destination>40932</Destination>
          <Display>the door west</Display>
          <Keywords></Keywords>
          <Description></Description>
          <Flags></Flags>
          <Keys></Keys>
          <ExitSize>Giant</ExitSize>
        </Exit>
      </Exits>
      <ExtraDescriptions />
    </Room>
    <Room>
      <VNum>40934</VNum>
      <Name>The Eastern Shatar Road</Name>
      <Description>The Eastern Shatar Road is a road that connects the western world to Tar Valon.
It is a major thoroughfare that runs through the eastern region of the Shatar.
The road is well-traveled, possibly by a variety of people and goods
transported by wagons, carts, and horses as the main means of transportation.
The road would connect the Western world to the city of Tar Valon, a powerful
city-state known for its strong Aes Sedai presence, and would likely be a
primary route for transportation and commerce in the area. The road is a dirt
and gravel road, with some cobblestone
sections, but well maintained.</Description>
      <Sector>Inside</Sector>
      <Flags></Flags>
      <Exits>
        <Exit>
          <Direction>East</Direction>
          <Destination>40935</Destination>
          <Display>the door east</Display>
          <Keywords></Keywords>
          <Description></Description>
          <Flags></Flags>
          <Keys></Keys>
          <ExitSize>Giant</ExitSize>
        </Exit>
        <Exit>
          <Direction>West</Direction>
          <Destination>40933</Destination>
          <Display>the door west</Display>
          <Keywords></Keywords>
          <Description></Description>
          <Flags></Flags>
          <Keys></Keys>
          <ExitSize>Giant</ExitSize>
        </Exit>
      </Exits>
      <ExtraDescriptions />
    </Room>
    <Room>
      <VNum>40935</VNum>
      <Name>The Eastern Shatar Road</Name>
      <Description>The Eastern Shatar Road is a road that connects the western world to Tar Valon.
It is a major thoroughfare that runs through the eastern region of the Shatar.
The road is well-traveled, possibly by a variety of people and goods
transported by wagons, carts, and horses as the main means of transportation.
The road would connect the Western world to the city of Tar Valon, a powerful
city-state known for its strong Aes Sedai presence, and would likely be a
primary route for transportation and commerce in the area. The road is a dirt
and gravel road, with some cobblestone
sections, but well maintained.</Description>
      <Sector>Inside</Sector>
      <Flags></Flags>
      <Exits>
        <Exit>
          <Direction>East</Direction>
          <Destination>40936</Destination>
          <Display>the door east</Display>
          <Keywords></Keywords>
          <Description></Description>
          <Flags></Flags>
          <Keys></Keys>
          <ExitSize>Giant</ExitSize>
        </Exit>
        <Exit>
          <Direction>West</Direction>
          <Destination>40934</Destination>
          <Display>the door west</Display>
          <Keywords></Keywords>
          <Description></Description>
          <Flags></Flags>
          <Keys></Keys>
          <ExitSize>Giant</ExitSize>
        </Exit>
      </Exits>
      <ExtraDescriptions />
    </Room>
    <Room>
      <VNum>40936</VNum>
      <Name>The Eastern Shatar Road</Name>
      <Description>The Eastern Shatar Road is a road that connects the western world to Tar Valon.
It is a major thoroughfare that runs through the eastern region of the Shatar.
The road is well-traveled, possibly by a variety of people and goods
transported by wagons, carts, and horses as the main means of transportation.
The road would connect the Western world to the city of Tar Valon, a powerful
city-state known for its strong Aes Sedai presence, and would likely be a
primary route for transportation and commerce in the area. The road is a dirt
and gravel road, with some cobblestone
sections, but well maintained.</Description>
      <Sector>Inside</Sector>
      <Flags></Flags>
      <Exits>
        <Exit>
          <Direction>East</Direction>
          <Destination>40937</Destination>
          <Display>the door east</Display>
          <Keywords></Keywords>
          <Description></Description>
          <Flags></Flags>
          <Keys></Keys>
          <ExitSize>Giant</ExitSize>
        </Exit>
        <Exit>
          <Direction>West</Direction>
          <Destination>40935</Destination>
          <Display>the door west</Display>
          <Keywords></Keywords>
          <Description></Description>
          <Flags></Flags>
          <Keys></Keys>
          <ExitSize>Giant</ExitSize>
        </Exit>
      </Exits>
      <ExtraDescriptions />
    </Room>
    <Room>
      <VNum>40937</VNum>
      <Name>The Eastern Shatar Road</Name>
      <Description>The Eastern Shatar Road is a road that connects the western world to Tar Valon.
It is a major thoroughfare that runs through the eastern region of the Shatar.
The road is well-traveled, possibly by a variety of people and goods
transported by wagons, carts, and horses as the main means of transportation.
The road would connect the Western world to the city of Tar Valon, a powerful
city-state known for its strong Aes Sedai presence, and would likely be a
primary route for transportation and commerce in the area. The road is a dirt
and gravel road, with some cobblestone
sections, but well maintained.</Description>
      <Sector>Road</Sector>
      <Flags></Flags>
      <Exits>
        <Exit>
          <Direction>East</Direction>
          <Destination>40938</Destination>
          <Display>the door east</Display>
          <Keywords></Keywords>
          <Description></Description>
          <Flags></Flags>
          <Keys></Keys>
          <ExitSize>Giant</ExitSize>
        </Exit>
        <Exit>
          <Direction>West</Direction>
          <Destination>40929</Destination>
          <Display>the door west</Display>
          <Keywords></Keywords>
          <Description></Description>
          <Flags></Flags>
          <Keys></Keys>
          <ExitSize>Giant</ExitSize>
        </Exit>
      </Exits>
      <ExtraDescriptions />
    </Room>
    <Room>
      <VNum>40938</VNum>
      <Name>The Eastern Shatar Road</Name>
      <Description>The Eastern Shatar Road is a road that connects the western world to Tar Valon.
It is a major thoroughfare that runs through the eastern region of the Shatar.
The road is well-traveled, possibly by a variety of people and goods
transported by wagons, carts, and horses as the main means of transportation.
The road would connect the Western world to the city of Tar Valon, a powerful
city-state known for its strong Aes Sedai presence, and would likely be a
primary route for transportation and commerce in the area. The road is a dirt
and gravel road, with some cobblestone
sections, but well maintained.</Description>
      <Sector>Road</Sector>
      <Flags></Flags>
      <Exits>
        <Exit>
          <Direction>East</Direction>
          <Destination>40939</Destination>
          <Display>the door east</Display>
          <Keywords></Keywords>
          <Description></Description>
          <Flags></Flags>
          <Keys></Keys>
          <ExitSize>Giant</ExitSize>
        </Exit>
        <Exit>
          <Direction>West</Direction>
          <Destination>40937</Destination>
          <Display>the door west</Display>
          <Keywords></Keywords>
          <Description></Description>
          <Flags></Flags>
          <Keys></Keys>
          <ExitSize>Giant</ExitSize>
        </Exit>
      </Exits>
      <ExtraDescriptions />
    </Room>
    <Room>
      <VNum>40939</VNum>
      <Name>The Eastern Shatar Road</Name>
      <Description>The Eastern Shatar Road is a road that connects the western world to Tar Valon.
It is a major thoroughfare that runs through the eastern region of the Shatar.
The road is well-traveled, possibly by a variety of people and goods
transported by wagons, carts, and horses as the main means of transportation.
The road would connect the Western world to the city of Tar Valon, a powerful
city-state known for its strong Aes Sedai presence, and would likely be a
primary route for transportation and commerce in the area. The road is a dirt
and gravel road, with some cobblestone
sections, but well maintained.</Description>
      <Sector>Road</Sector>
      <Flags></Flags>
      <Exits>
        <Exit>
          <Direction>East</Direction>
          <Destination>40940</Destination>
          <Display>the door east</Display>
          <Keywords></Keywords>
          <Description></Description>
          <Flags></Flags>
          <Keys></Keys>
          <ExitSize>Giant</ExitSize>
        </Exit>
        <Exit>
          <Direction>West</Direction>
          <Destination>40938</Destination>
          <Display>the door west</Display>
          <Keywords></Keywords>
          <Description></Description>
          <Flags></Flags>
          <Keys></Keys>
          <ExitSize>Giant</ExitSize>
        </Exit>
      </Exits>
      <ExtraDescriptions />
    </Room>
    <Room>
      <VNum>40940</VNum>
      <Name>The Eastern Shatar Road</Name>
      <Description>The Eastern Shatar Road is a road that connects the western world to Tar Valon.
It is a major thoroughfare that runs through the eastern region of the Shatar.
The road is well-traveled, possibly by a variety of people and goods
transported by wagons, carts, and horses as the main means of transportation.
The road would connect the Western world to the city of Tar Valon, a powerful
city-state known for its strong Aes Sedai presence, and would likely be a
primary route for transportation and commerce in the area. The road is a dirt
and gravel road, with some cobblestone
sections, but well maintained.</Description>
      <Sector>Road</Sector>
      <Flags></Flags>
      <Exits>
        <Exit>
          <Direction>East</Direction>
          <Destination>1922</Destination>
          <Display>the door east</Display>
          <Keywords></Keywords>
          <Description></Description>
          <Flags></Flags>
          <Keys></Keys>
          <ExitSize>Giant</ExitSize>
        </Exit>
        <Exit>
          <Direction>West</Direction>
          <Destination>40939</Destination>
          <Display>the door west</Display>
          <Keywords></Keywords>
          <Description></Description>
          <Flags></Flags>
          <Keys></Keys>
          <ExitSize>Giant</ExitSize>
        </Exit>
      </Exits>
      <ExtraDescriptions />
    </Room>
    <Room>
      <VNum>40941</VNum>
      <Name>A Small Dirt Path</Name>
      <Description>A narrow path winds its way through an open plain dotted with tall, golden grass. The landscape is gently rolling, with sloping hills that offer sweeping views of the surrounding countryside. The path is bordered on either side by the tall grass, creating a feeling of seclusion and peacefulness. In the distance, a small town can be seen nestled in the foothills of the mountains. The town is surrounded by fields of crops and dotted with houses and barns. Beyond the town, the majestic peaks of the mountains rise up, their rugged peaks disappearing into the clouds. The path leads towards the town, offering a sense of adventure and the promise of new discoveries.</Description>
      <Sector>Trail</Sector>
      <Flags></Flags>
      <Exits>
        <Exit>
          <Direction>North</Direction>
          <Destination>40942</Destination>
          <Display>the door north</Display>
          <Keywords></Keywords>
          <Description></Description>
          <Flags></Flags>
          <Keys></Keys>
          <ExitSize>Giant</ExitSize>
        </Exit>
        <Exit>
          <Direction>South</Direction>
          <Destination>40954</Destination>
          <Display>the door south</Display>
          <Keywords></Keywords>
          <Description></Description>
          <Flags></Flags>
          <Keys></Keys>
          <ExitSize>Giant</ExitSize>
        </Exit>
      </Exits>
      <ExtraDescriptions />
    </Room>
    <Room>
      <VNum>40942</VNum>
      <Name>A Small Dirt Path</Name>
      <Description>A narrow path winds its way through an open plain dotted with tall, golden grass. The landscape is gently rolling, with sloping hills that offer sweeping views of the surrounding countryside. The path is bordered on either side by the tall grass, creating a feeling of seclusion and peacefulness. In the distance, a small town can be seen nestled in the foothills of the mountains. The town is surrounded by fields of crops and dotted with houses and barns. Beyond the town, the majestic peaks of the mountains rise up, their rugged peaks disappearing into the clouds. The path leads towards the town, offering a sense of adventure and the promise of new discoveries.</Description>
      <Sector>Trail</Sector>
      <Flags></Flags>
      <Exits>
        <Exit>
          <Direction>North</Direction>
          <Destination>40943</Destination>
          <Display>the door north</Display>
          <Keywords></Keywords>
          <Description></Description>
          <Flags></Flags>
          <Keys></Keys>
          <ExitSize>Giant</ExitSize>
        </Exit>
        <Exit>
          <Direction>South</Direction>
          <Destination>40941</Destination>
          <Display>the door south</Display>
          <Keywords></Keywords>
          <Description></Description>
          <Flags></Flags>
          <Keys></Keys>
          <ExitSize>Giant</ExitSize>
        </Exit>
      </Exits>
      <ExtraDescriptions />
    </Room>
    <Room>
      <VNum>40943</VNum>
      <Name>A Small Dirt Path</Name>
      <Description>A narrow path winds its way through an open plain dotted with tall, golden grass. The landscape is gently rolling, with sloping hills that offer sweeping views of the surrounding countryside. The path is bordered on either side by the tall grass, creating a feeling of seclusion and peacefulness. In the distance, a small town can be seen nestled in the foothills of the mountains. The town is surrounded by fields of crops and dotted with houses and barns. Beyond the town, the majestic peaks of the mountains rise up, their rugged peaks disappearing into the clouds. The path leads towards the town, offering a sense of adventure and the promise of new discoveries.</Description>
      <Sector>Trail</Sector>
      <Flags></Flags>
      <Exits>
        <Exit>
          <Direction>South</Direction>
          <Destination>40942</Destination>
          <Display>the door south</Display>
          <Keywords></Keywords>
          <Description></Description>
          <Flags></Flags>
          <Keys></Keys>
          <ExitSize>Giant</ExitSize>
        </Exit>
        <Exit>
          <Direction>West</Direction>
          <Destination>40944</Destination>
          <Display>the door west</Display>
          <Keywords></Keywords>
          <Description></Description>
          <Flags></Flags>
          <Keys></Keys>
          <ExitSize>Giant</ExitSize>
        </Exit>
      </Exits>
      <ExtraDescriptions />
    </Room>
    <Room>
      <VNum>40944</VNum>
      <Name>A Small Dirt Path</Name>
      <Description>A narrow path winds its way through an open plain dotted with tall, golden grass. The landscape is gently rolling, with sloping hills that offer sweeping views of the surrounding countryside. The path is bordered on either side by the tall grass, creating a feeling of seclusion and peacefulness. In the distance, a small town can be seen nestled in the foothills of the mountains. The town is surrounded by fields of crops and dotted with houses and barns. Beyond the town, the majestic peaks of the mountains rise up, their rugged peaks disappearing into the clouds. The path leads towards the town, offering a sense of adventure and the promise of new discoveries.</Description>
      <Sector>Trail</Sector>
      <Flags></Flags>
      <Exits>
        <Exit>
          <Direction>North</Direction>
          <Destination>40945</Destination>
          <Display>the door north</Display>
          <Keywords></Keywords>
          <Description></Description>
          <Flags></Flags>
          <Keys></Keys>
          <ExitSize>Giant</ExitSize>
        </Exit>
        <Exit>
          <Direction>East</Direction>
          <Destination>40943</Destination>
          <Display>the door east</Display>
          <Keywords></Keywords>
          <Description></Description>
          <Flags></Flags>
          <Keys></Keys>
          <ExitSize>Giant</ExitSize>
        </Exit>
      </Exits>
      <ExtraDescriptions />
    </Room>
    <Room>
      <VNum>40945</VNum>
      <Name>A Small Dirt Path</Name>
      <Description>A narrow path winds its way through an open plain dotted with tall, golden grass. The landscape is gently rolling, with sloping hills that offer sweeping views of the surrounding countryside. The path is bordered on either side by the tall grass, creating a feeling of seclusion and peacefulness. In the distance, a small town can be seen nestled in the foothills of the mountains. The town is surrounded by fields of crops and dotted with houses and barns. Beyond the town, the majestic peaks of the mountains rise up, their rugged peaks disappearing into the clouds. The path leads towards the town, offering a sense of adventure and the promise of new discoveries.</Description>
      <Sector>Trail</Sector>
      <Flags></Flags>
      <Exits>
        <Exit>
          <Direction>North</Direction>
          <Destination>40745</Destination>
          <Display>the door north</Display>
          <Keywords></Keywords>
          <Description></Description>
          <Flags></Flags>
          <Keys></Keys>
          <ExitSize>Giant</ExitSize>
        </Exit>
        <Exit>
          <Direction>South</Direction>
          <Destination>40944</Destination>
          <Display>the door south</Display>
          <Keywords></Keywords>
          <Description></Description>
          <Flags></Flags>
          <Keys></Keys>
          <ExitSize>Giant</ExitSize>
        </Exit>
      </Exits>
      <ExtraDescriptions />
    </Room>
    <Room>
      <VNum>40946</VNum>
      <Name>A Small Dirt Path</Name>
      <Description>A narrow path winds its way through an open plain dotted with tall, golden grass. The landscape is gently rolling, with sloping hills that offer sweeping views of the surrounding countryside. The path is bordered on either side by the tall grass, creating a feeling of seclusion and peacefulness. In the distance, a small town can be seen nestled in the foothills of the mountains. The town is surrounded by fields of crops and dotted with houses and barns. Beyond the town, the majestic peaks of the mountains rise up, their rugged peaks disappearing into the clouds. The path leads towards the town.</Description>
      <Sector>Trail</Sector>
      <Flags></Flags>
      <Exits>
        <Exit>
          <Direction>North</Direction>
          <Destination>40947</Destination>
          <Display>the door north</Display>
          <Keywords></Keywords>
          <Description></Description>
          <Flags></Flags>
          <Keys></Keys>
          <ExitSize>Giant</ExitSize>
        </Exit>
        <Exit>
          <Direction>South</Direction>
          <Destination>40914</Destination>
          <Display>the door south</Display>
          <Keywords></Keywords>
          <Description></Description>
          <Flags></Flags>
          <Keys></Keys>
          <ExitSize>Giant</ExitSize>
        </Exit>
      </Exits>
      <ExtraDescriptions />
    </Room>
    <Room>
      <VNum>40947</VNum>
      <Name>A Small Dirt Path</Name>
      <Description>A narrow path winds its way through an open plain dotted with tall, golden grass. The landscape is gently rolling, with sloping hills that offer sweeping views of the surrounding countryside. The path is bordered on either side by the tall grass, creating a feeling of seclusion and peacefulness. In the distance, a small town can be seen nestled in the foothills of the mountains. The town is surrounded by fields of crops and dotted with houses and barns. Beyond the town, the majestic peaks of the mountains rise up, their rugged peaks disappearing into the clouds. The path leads towards the town.</Description>
      <Sector>Trail</Sector>
      <Flags></Flags>
      <Exits>
        <Exit>
          <Direction>North</Direction>
          <Destination>40948</Destination>
          <Display>the door north</Display>
          <Keywords></Keywords>
          <Description></Description>
          <Flags></Flags>
          <Keys></Keys>
          <ExitSize>Giant</ExitSize>
        </Exit>
        <Exit>
          <Direction>South</Direction>
          <Destination>40946</Destination>
          <Display>the door south</Display>
          <Keywords></Keywords>
          <Description></Description>
          <Flags></Flags>
          <Keys></Keys>
          <ExitSize>Giant</ExitSize>
        </Exit>
      </Exits>
      <ExtraDescriptions />
    </Room>
    <Room>
      <VNum>40948</VNum>
      <Name>A Small Dirt Path</Name>
      <Description>A narrow path winds its way through an open plain dotted with tall, golden grass. The landscape is gently rolling, with sloping hills that offer sweeping views of the surrounding countryside. The path is bordered on either side by the tall grass, creating a feeling of seclusion and peacefulness. In the distance, a small town can be seen nestled in the foothills of the mountains. The town is surrounded by fields of crops and dotted with houses and barns. Beyond the town, the majestic peaks of the mountains rise up, their rugged peaks disappearing into the clouds. The path leads towards the town.</Description>
      <Sector>Trail</Sector>
      <Flags></Flags>
      <Exits>
        <Exit>
          <Direction>North</Direction>
          <Destination>40949</Destination>
          <Display>the door north</Display>
          <Keywords></Keywords>
          <Description></Description>
          <Flags></Flags>
          <Keys></Keys>
          <ExitSize>Giant</ExitSize>
        </Exit>
        <Exit>
          <Direction>South</Direction>
          <Destination>40947</Destination>
          <Display>the door south</Display>
          <Keywords></Keywords>
          <Description></Description>
          <Flags></Flags>
          <Keys></Keys>
          <ExitSize>Giant</ExitSize>
        </Exit>
      </Exits>
      <ExtraDescriptions />
    </Room>
    <Room>
      <VNum>40949</VNum>
      <Name>A Small Dirt Path</Name>
      <Description>A narrow path winds its way through an open plain dotted with tall, golden grass. The landscape is gently rolling, with sloping hills that offer sweeping views of the surrounding countryside. The path is bordered on either side by the tall grass, creating a feeling of seclusion and peacefulness. In the distance, a small town can be seen nestled in the foothills of the mountains. The town is surrounded by fields of crops and dotted with houses and barns. Beyond the town, the majestic peaks of the mountains rise up, their rugged peaks disappearing into the clouds. The path leads towards the town.</Description>
      <Sector>Trail</Sector>
      <Flags></Flags>
      <Exits>
        <Exit>
          <Direction>North</Direction>
          <Destination>40950</Destination>
          <Display>the door north</Display>
          <Keywords></Keywords>
          <Description></Description>
          <Flags></Flags>
          <Keys></Keys>
          <ExitSize>Giant</ExitSize>
        </Exit>
        <Exit>
          <Direction>South</Direction>
          <Destination>40948</Destination>
          <Display>the door south</Display>
          <Keywords></Keywords>
          <Description></Description>
          <Flags></Flags>
          <Keys></Keys>
          <ExitSize>Giant</ExitSize>
        </Exit>
      </Exits>
      <ExtraDescriptions />
    </Room>
    <Room>
      <VNum>40950</VNum>
      <Name>A Small Dirt Path</Name>
      <Description>A narrow path winds its way through an open plain dotted with tall, golden grass. The landscape is gently rolling, with sloping hills that offer sweeping views of the surrounding countryside. The path is bordered on either side by the tall grass, creating a feeling of seclusion and peacefulness. In the distance, a small town can be seen nestled in the foothills of the mountains. The town is surrounded by fields of crops and dotted with houses and barns. Beyond the town, the majestic peaks of the mountains rise up, their rugged peaks disappearing into the clouds. The path leads towards the town.</Description>
      <Sector>Trail</Sector>
      <Flags></Flags>
      <Exits>
        <Exit>
          <Direction>South</Direction>
          <Destination>40949</Destination>
          <Display>the door south</Display>
          <Keywords></Keywords>
          <Description></Description>
          <Flags></Flags>
          <Keys></Keys>
          <ExitSize>Giant</ExitSize>
        </Exit>
        <Exit>
          <Direction>West</Direction>
          <Destination>40951</Destination>
          <Display>the door west</Display>
          <Keywords></Keywords>
          <Description></Description>
          <Flags></Flags>
          <Keys></Keys>
          <ExitSize>Giant</ExitSize>
        </Exit>
      </Exits>
      <ExtraDescriptions />
    </Room>
    <Room>
      <VNum>40951</VNum>
      <Name>A Small Dirt Path</Name>
      <Description>A narrow path winds its way through an open plain dotted with tall, golden grass. The landscape is gently rolling, with sloping hills that offer sweeping views of the surrounding countryside. The path is bordered on either side by the tall grass, creating a feeling of seclusion and peacefulness. In the distance, a small town can be seen nestled in the foothills of the mountains. The town is surrounded by fields of crops and dotted with houses and barns. Beyond the town, the majestic peaks of the mountains rise up, their rugged peaks disappearing into the clouds. The path leads towards the town.</Description>
      <Sector>Trail</Sector>
      <Flags></Flags>
      <Exits>
        <Exit>
          <Direction>North</Direction>
          <Destination>40952</Destination>
          <Display>the door north</Display>
          <Keywords></Keywords>
          <Description></Description>
          <Flags></Flags>
          <Keys></Keys>
          <ExitSize>Giant</ExitSize>
        </Exit>
        <Exit>
          <Direction>East</Direction>
          <Destination>40950</Destination>
          <Display>the door east</Display>
          <Keywords></Keywords>
          <Description></Description>
          <Flags></Flags>
          <Keys></Keys>
          <ExitSize>Giant</ExitSize>
        </Exit>
      </Exits>
      <ExtraDescriptions />
    </Room>
    <Room>
      <VNum>40952</VNum>
      <Name>A Small Dirt Path</Name>
      <Description>A narrow path winds its way through an open plain dotted with tall, golden grass. The landscape is gently rolling, with sloping hills that offer sweeping views of the surrounding countryside. The path is bordered on either side by the tall grass, creating a feeling of seclusion and peacefulness. In the distance, a small town can be seen nestled in the foothills of the mountains. The town is surrounded by fields of crops and dotted with houses and barns. Beyond the town, the majestic peaks of the mountains rise up, their rugged peaks disappearing into the clouds. The path leads towards the town.</Description>
      <Sector>Trail</Sector>
      <Flags></Flags>
      <Exits>
        <Exit>
          <Direction>South</Direction>
          <Destination>40951</Destination>
          <Display>the door south</Display>
          <Keywords></Keywords>
          <Description></Description>
          <Flags></Flags>
          <Keys></Keys>
          <ExitSize>Giant</ExitSize>
        </Exit>
        <Exit>
          <Direction>West</Direction>
          <Destination>40953</Destination>
          <Display>the door west</Display>
          <Keywords></Keywords>
          <Description></Description>
          <Flags></Flags>
          <Keys></Keys>
          <ExitSize>Giant</ExitSize>
        </Exit>
      </Exits>
      <ExtraDescriptions />
    </Room>
    <Room>
      <VNum>40953</VNum>
      <Name>A Small Dirt Path</Name>
      <Description>A narrow path winds its way through an open plain dotted with tall, golden grass. The landscape is gently rolling, with sloping hills that offer sweeping views of the surrounding countryside. The path is bordered on either side by the tall grass, creating a feeling of seclusion and peacefulness. In the distance, a small town can be seen nestled in the foothills of the mountains. The town is surrounded by fields of crops and dotted with houses and barns. Beyond the town, the majestic peaks of the mountains rise up, their rugged peaks disappearing into the clouds. The path leads towards the town.</Description>
      <Sector>Trail</Sector>
      <Flags></Flags>
      <Exits>
        <Exit>
          <Direction>North</Direction>
          <Destination>40954</Destination>
          <Display>the door north</Display>
          <Keywords></Keywords>
          <Description></Description>
          <Flags></Flags>
          <Keys></Keys>
          <ExitSize>Giant</ExitSize>
        </Exit>
        <Exit>
          <Direction>East</Direction>
          <Destination>40952</Destination>
          <Display>the door east</Display>
          <Keywords></Keywords>
          <Description></Description>
          <Flags></Flags>
          <Keys></Keys>
          <ExitSize>Giant</ExitSize>
        </Exit>
      </Exits>
      <ExtraDescriptions />
    </Room>
    <Room>
      <VNum>40954</VNum>
      <Name>A Small Dirt Path</Name>
      <Description>A narrow path winds its way through an open plain dotted with tall, golden grass. The landscape is gently rolling, with sloping hills that offer sweeping views of the surrounding countryside. The path is bordered on either side by the tall grass, creating a feeling of seclusion and peacefulness. In the distance, a small town can be seen nestled in the foothills of the mountains. The town is surrounded by fields of crops and dotted with houses and barns. Beyond the town, the majestic peaks of the mountains rise up, their rugged peaks disappearing into the clouds. The path leads towards the town.</Description>
      <Sector>Trail</Sector>
      <Flags></Flags>
      <Exits>
        <Exit>
          <Direction>North</Direction>
          <Destination>40941</Destination>
          <Display>the door north</Display>
          <Keywords></Keywords>
          <Description></Description>
          <Flags></Flags>
          <Keys></Keys>
          <ExitSize>Giant</ExitSize>
        </Exit>
        <Exit>
          <Direction>South</Direction>
          <Destination>40953</Destination>
          <Display>the door south</Display>
          <Keywords></Keywords>
          <Description></Description>
          <Flags></Flags>
          <Keys></Keys>
          <ExitSize>Giant</ExitSize>
        </Exit>
      </Exits>
      <ExtraDescriptions />
    </Room>
  </Rooms>
  <NPCs />
  <Items />
  <Resets />
</Area>