﻿<?xml version="1.0" encoding="utf-8"?>
<Area>
  <AreaData>
    <Name>Empire Cabal</Name>
    <Info></Info>
    <VnumStart>8100</VnumStart>
    <VnumEnd>8199</VnumEnd>
    <MinimumLevel>1</MinimumLevel>
    <MaximumLevel>51</MaximumLevel>
    <Builders></Builders>
    <Security>0</Security>
    <Credits>Dioxide Empire Cabal</Credits>
    <Continent>Mainland</Continent>
    <OverRoomVnum>101026</OverRoomVnum>
  </AreaData>
  <Rooms>
    <Room>
      <VNum>8100</VNum>
      <Name>Entrance to the Palace</Name>
      <Description>You are standing at the gates to the Imperial Palace. The huge iron 
gates are slammed shut, the iron bars gleaming in the sunlight. Two 
huge knights stand on either side of the gate, asking citizens their 
business and giving them clearance to enter the palace courtyard.</Description>
      <Sector>Inside</Sector>
      <Flags>NoMob</Flags>
      <Exits>
        <Exit>
          <Direction>North</Direction>
          <Destination>8101</Destination>
          <Display>the door north</Display>
          <Keywords></Keywords>
          <Description></Description>
          <Flags></Flags>
          <Keys>-1</Keys>
          <ExitSize>Giant</ExitSize>
        </Exit>
        <Exit>
          <Direction>South</Direction>
          <Destination>8109</Destination>
          <Display>the door south</Display>
          <Keywords></Keywords>
          <Description></Description>
          <Flags></Flags>
          <Keys>-1</Keys>
          <ExitSize>Giant</ExitSize>
        </Exit>
      </Exits>
      <ExtraDescriptions />
    </Room>
    <Room>
      <VNum>8101</VNum>
      <Name>Standing in the Courtyard</Name>
      <Description>You find yourself in an open courtyard. Peasants have come to sell 
their goods, under the watchful eye of the Empire. The palace of 
dominance lays northward, its tall Imperial flag floating in all 
its glory on a flag pole situated at the top of the castle.</Description>
      <Sector>Inside</Sector>
      <Flags>NoMob</Flags>
      <Exits>
        <Exit>
          <Direction>North</Direction>
          <Destination>8102</Destination>
          <Display>the door north</Display>
          <Keywords></Keywords>
          <Description></Description>
          <Flags></Flags>
          <Keys>-1</Keys>
          <ExitSize>Giant</ExitSize>
        </Exit>
        <Exit>
          <Direction>South</Direction>
          <Destination>8100</Destination>
          <Display>the door south</Display>
          <Keywords></Keywords>
          <Description></Description>
          <Flags></Flags>
          <Keys>-1</Keys>
          <ExitSize>Giant</ExitSize>
        </Exit>
      </Exits>
      <ExtraDescriptions />
    </Room>
    <Room>
      <VNum>8102</VNum>
      <Name>The Inner Gates</Name>
      <Description>You are standing at the inner gates of the palace. The stone floor 
here is covered with many a mans blood. A huge ugly looking man 
stands here, with his giant blade in hand wiping the blood smears 
from it, preparing for the next infidel that wishes to lay an 
assault on the Empire.</Description>
      <Sector>Inside</Sector>
      <Flags>NoMob</Flags>
      <Exits>
        <Exit>
          <Direction>North</Direction>
          <Destination>8103</Destination>
          <Display>the door north</Display>
          <Keywords></Keywords>
          <Description></Description>
          <Flags></Flags>
          <Keys>-1</Keys>
          <ExitSize>Giant</ExitSize>
        </Exit>
        <Exit>
          <Direction>South</Direction>
          <Destination>8101</Destination>
          <Display>the door south</Display>
          <Keywords></Keywords>
          <Description></Description>
          <Flags></Flags>
          <Keys>-1</Keys>
          <ExitSize>Giant</ExitSize>
        </Exit>
      </Exits>
      <ExtraDescriptions />
    </Room>
    <Room>
      <VNum>8103</VNum>
      <Name>Within the Palace of Dominace</Name>
      <Description>You find yourself within the palace of dominance. There is a large 
fountain in the center of the room. Its stones carved into an iron 
fist, the water spurting out of the top of the fist. There are 
knights of the Empire marching around, following procedures and 
gathering their training.</Description>
      <Sector>Inside</Sector>
      <Flags>NoMob</Flags>
      <Exits>
        <Exit>
          <Direction>North</Direction>
          <Destination>8104</Destination>
          <Display>the door north</Display>
          <Keywords></Keywords>
          <Description></Description>
          <Flags></Flags>
          <Keys>-1</Keys>
          <ExitSize>Giant</ExitSize>
        </Exit>
        <Exit>
          <Direction>South</Direction>
          <Destination>8102</Destination>
          <Display>the door south</Display>
          <Keywords></Keywords>
          <Description></Description>
          <Flags></Flags>
          <Keys>-1</Keys>
          <ExitSize>Giant</ExitSize>
        </Exit>
      </Exits>
      <ExtraDescriptions />
    </Room>
    <Room>
      <VNum>8104</VNum>
      <Name>The Stairwell</Name>
      <Description>Your are standing at the base of an ornate stairwell. Its spiral 
stairs leading upward into the heart of the castle. All around 
you there are Imperial knights rushing by you, trying to perform 
their tasks to the Emperor's satisfaction.</Description>
      <Sector>Inside</Sector>
      <Flags>NoMob</Flags>
      <Exits>
        <Exit>
          <Direction>South</Direction>
          <Destination>8103</Destination>
          <Display>the door south</Display>
          <Keywords></Keywords>
          <Description></Description>
          <Flags></Flags>
          <Keys>-1</Keys>
          <ExitSize>Giant</ExitSize>
        </Exit>
        <Exit>
          <Direction>Up</Direction>
          <Destination>8105</Destination>
          <Display>the door up</Display>
          <Keywords></Keywords>
          <Description></Description>
          <Flags></Flags>
          <Keys>-1</Keys>
          <ExitSize>Giant</ExitSize>
        </Exit>
      </Exits>
      <ExtraDescriptions />
    </Room>
    <Room>
      <VNum>8105</VNum>
      <Name>A Hallway</Name>
      <Description>Your walking in the hallway of the Palace. The stone floors have 
a red carpet lining the center of the floor. There are portraits 
of the great figures of Orthos along the side of the wall. Hung 
in the bigest frame is the picture of the Emperor, his giant 
staff in hand.</Description>
      <Sector>Inside</Sector>
      <Flags>NoMob</Flags>
      <Exits>
        <Exit>
          <Direction>East</Direction>
          <Destination>8106</Destination>
          <Display>the door east</Display>
          <Keywords></Keywords>
          <Description></Description>
          <Flags></Flags>
          <Keys>-1</Keys>
          <ExitSize>Giant</ExitSize>
        </Exit>
        <Exit>
          <Direction>West</Direction>
          <Destination>8107</Destination>
          <Display>the door west</Display>
          <Keywords></Keywords>
          <Description></Description>
          <Flags></Flags>
          <Keys>-1</Keys>
          <ExitSize>Giant</ExitSize>
        </Exit>
        <Exit>
          <Direction>Down</Direction>
          <Destination>8104</Destination>
          <Display>the door down</Display>
          <Keywords></Keywords>
          <Description></Description>
          <Flags></Flags>
          <Keys>-1</Keys>
          <ExitSize>Giant</ExitSize>
        </Exit>
      </Exits>
      <ExtraDescriptions />
    </Room>
    <Room>
      <VNum>8106</VNum>
      <Name>The Altar Room</Name>
      <Description>You find yourself in the altar room. A pit for donations to the 
Empire and its Citizens stands in the center of the room.</Description>
      <Sector>Inside</Sector>
      <Flags>NoMob</Flags>
      <Exits>
        <Exit>
          <Direction>West</Direction>
          <Destination>8105</Destination>
          <Display>the door west</Display>
          <Keywords></Keywords>
          <Description></Description>
          <Flags></Flags>
          <Keys>-1</Keys>
          <ExitSize>Giant</ExitSize>
        </Exit>
      </Exits>
      <ExtraDescriptions />
    </Room>
    <Room>
      <VNum>8107</VNum>
      <Name>A Hallway</Name>
      <Description>You're walking in the hallway of the Palace. The stone floors have a 
red carpet lining the center of the floor. There are portraits of 
the great figures of Orthos along the side of the wall. Hung in the 
biggest frame is the picture of the Emperor, his giant staff in hand.</Description>
      <Sector>Inside</Sector>
      <Flags>NoMob</Flags>
      <Exits>
        <Exit>
          <Direction>North</Direction>
          <Destination>8108</Destination>
          <Display>the door north</Display>
          <Keywords></Keywords>
          <Description></Description>
          <Flags></Flags>
          <Keys>-1</Keys>
          <ExitSize>Giant</ExitSize>
        </Exit>
        <Exit>
          <Direction>East</Direction>
          <Destination>8105</Destination>
          <Display>the door east</Display>
          <Keywords></Keywords>
          <Description></Description>
          <Flags></Flags>
          <Keys>-1</Keys>
          <ExitSize>Giant</ExitSize>
        </Exit>
      </Exits>
      <ExtraDescriptions />
    </Room>
    <Room>
      <VNum>8108</VNum>
      <Name>The Throne Room</Name>
      <Description>You have stumbled into the Emperors throne room. A massive obsidian 
throne lies in the back of the room, on an ornate platform. There
are royal servants all around, holding platters of food and 
fans for the Emperor's pleasure. A darkened old shaman sits in 
the corner of the room chanting incantations and healing the 
soldiers.</Description>
      <Sector>Inside</Sector>
      <Flags>NoMob</Flags>
      <Exits>
        <Exit>
          <Direction>South</Direction>
          <Destination>8107</Destination>
          <Display>the door south</Display>
          <Keywords></Keywords>
          <Description></Description>
          <Flags></Flags>
          <Keys>-1</Keys>
          <ExitSize>Giant</ExitSize>
        </Exit>
      </Exits>
      <ExtraDescriptions />
    </Room>
    <Room>
      <VNum>8109</VNum>
      <Name>The Imperial Road</Name>
      <Description>You are walking along a well-used, beaten trail by the boots and carts
of Imperials and non-Imperials alike. A huge palace can been seen in the
distance.</Description>
      <Sector>Inside</Sector>
      <Flags>NoMob</Flags>
      <Exits>
        <Exit>
          <Direction>North</Direction>
          <Destination>8100</Destination>
          <Display>the door north</Display>
          <Keywords></Keywords>
          <Description></Description>
          <Flags></Flags>
          <Keys>-1</Keys>
          <ExitSize>Giant</ExitSize>
        </Exit>
        <Exit>
          <Direction>South</Direction>
          <Destination>8110</Destination>
          <Display>the door south</Display>
          <Keywords></Keywords>
          <Description></Description>
          <Flags></Flags>
          <Keys>-1</Keys>
          <ExitSize>Giant</ExitSize>
        </Exit>
      </Exits>
      <ExtraDescriptions />
    </Room>
    <Room>
      <VNum>8110</VNum>
      <Name>The Imperial Road</Name>
      <Description>You are walking along a well-used, beaten trail by the boots and carts
of Imperials and non-Imperials alike. A huge palace can been seen in the
distance.</Description>
      <Sector>Inside</Sector>
      <Flags>NoMob</Flags>
      <Exits>
        <Exit>
          <Direction>North</Direction>
          <Destination>8109</Destination>
          <Display>the door north</Display>
          <Keywords></Keywords>
          <Description></Description>
          <Flags></Flags>
          <Keys>-1</Keys>
          <ExitSize>Giant</ExitSize>
        </Exit>
        <Exit>
          <Direction>South</Direction>
          <Destination>8111</Destination>
          <Display>the door south</Display>
          <Keywords></Keywords>
          <Description></Description>
          <Flags></Flags>
          <Keys>-1</Keys>
          <ExitSize>Giant</ExitSize>
        </Exit>
      </Exits>
      <ExtraDescriptions />
    </Room>
    <Room>
      <VNum>8111</VNum>
      <Name>Before the Imperial Road</Name>
      <Description>You are walking along a well-used, beaten trail by the boots and carts
of Imperials and non-Imperials alike. A huge palace can been seen in the
distance.</Description>
      <Sector>Inside</Sector>
      <Flags>NoMob</Flags>
      <Exits>
        <Exit>
          <Direction>North</Direction>
          <Destination>8110</Destination>
          <Display>the door north</Display>
          <Keywords></Keywords>
          <Description></Description>
          <Flags></Flags>
          <Keys>-1</Keys>
          <ExitSize>Giant</ExitSize>
        </Exit>
        <Exit>
          <Direction>South</Direction>
          <Destination>8112</Destination>
          <Display>the door south</Display>
          <Keywords></Keywords>
          <Description></Description>
          <Flags></Flags>
          <Keys>-1</Keys>
          <ExitSize>Giant</ExitSize>
        </Exit>
      </Exits>
      <ExtraDescriptions />
    </Room>
    <Room>
      <VNum>8112</VNum>
      <Name>Bridge before the Imperial Palace</Name>
      <Description>You are standing on a masterfully crafted wooden bridge over a strong,
gushing river. A large palace can be seen far in the distance. Tar
Valon is southward.</Description>
      <Sector>Inside</Sector>
      <Flags>NoMob</Flags>
      <Exits>
        <Exit>
          <Direction>North</Direction>
          <Destination>8111</Destination>
          <Display>the door north</Display>
          <Keywords></Keywords>
          <Description></Description>
          <Flags></Flags>
          <Keys>-1</Keys>
          <ExitSize>Giant</ExitSize>
        </Exit>
        <Exit>
          <Direction>South</Direction>
          <Destination>8113</Destination>
          <Display>the door south</Display>
          <Keywords></Keywords>
          <Description></Description>
          <Flags></Flags>
          <Keys>-1</Keys>
          <ExitSize>Giant</ExitSize>
        </Exit>
      </Exits>
      <ExtraDescriptions />
    </Room>
    <Room>
      <VNum>8113</VNum>
      <Name>Before a grand bridge</Name>
      <Description>A huge bridge over a rushing river is north of you. A large palace can
be seen far in the distance. Tar Valon is south.</Description>
      <Sector>Inside</Sector>
      <Flags>NoMob</Flags>
      <Exits>
        <Exit>
          <Direction>North</Direction>
          <Destination>8112</Destination>
          <Display>the door north</Display>
          <Keywords></Keywords>
          <Description></Description>
          <Flags></Flags>
          <Keys>-1</Keys>
          <ExitSize>Giant</ExitSize>
        </Exit>
        <Exit>
          <Direction>South</Direction>
          <Destination>1869</Destination>
          <Display>the door south</Display>
          <Keywords></Keywords>
          <Description></Description>
          <Flags></Flags>
          <Keys>-1</Keys>
          <ExitSize>Giant</ExitSize>
        </Exit>
      </Exits>
      <ExtraDescriptions />
    </Room>
  </Rooms>
  <NPCs>
    <NPC>
      <Vnum>8100</Vnum>
      <name>healer shaman</name>
      <description>You peer at this withered old man. His eyes are sunk back into his
sockets. His old pale skin showing out from under his many robes.
His hair greesy and held back with a leather strap, but you can
sense a magic about him. Perhaps it's nothing, but  he doesn't seem
like he's aged a day in his life.</description>
      <longDescription>An old shaman stands here healing the troops.</longDescription>
      <shortDescription>the old shaman</shortDescription>
      <Sex>Male</Sex>
      <level>60</level>
      <HitPointDiceSides>80</HitPointDiceSides>
      <HitPointDiceCount>125</HitPointDiceCount>
      <HitPointDiceBonus>1234</HitPointDiceBonus>
      <ManaPointDiceSides>300</ManaPointDiceSides>
      <ManaPointDiceCount>200</ManaPointDiceCount>
      <ManaPointDiceBonus>1000</ManaPointDiceBonus>
      <trust>60</trust>
      <hitpoints>1200</hitpoints>
      <maxhitpoints>1200</maxhitpoints>
      <manapoints>0</manapoints>
      <maxmanapoints>0</maxmanapoints>
      <movementpoints>0</movementpoints>
      <maxmovementpoints>0</maxmovementpoints>
      <ArmorBash>0</ArmorBash>
      <ArmorSlash>0</ArmorSlash>
      <ArmorPierce>0</ArmorPierce>
      <ArmorExotic>0</ArmorExotic>
      <size>Medium</size>
      <race>unique</race>
      <alignment>Evil</alignment>
      <ethos>0</ethos>
      <hitroll>56</hitroll>
      <damRoll>60</damRoll>
      <armorclass>0</armorclass>
      <silver>0</silver>
      <gold>0</gold>
      <SavingThrow>0</SavingThrow>
      <Guild>healer</Guild>
      <flags>NPC Sentinel StayArea Healer</flags>
      <immune></immune>
      <resist></resist>
      <vulnerable></vulnerable>
      <affectedBy>DetectInvis DetectHidden Sanctuary ProtectEvil ProtectGood DetectIllusion</affectedBy>
      <WiznetFlags></WiznetFlags>
      <WeaponDamageMessage>punch</WeaponDamageMessage>
      <DamageDiceSides>5</DamageDiceSides>
      <DamageDiceCount>10</DamageDiceCount>
      <DamageDiceBonus>5</DamageDiceBonus>
      <PermanentStats>
        <Strength>16</Strength>
        <Wisdom>16</Wisdom>
        <Intelligence>16</Intelligence>
        <Dexterity>16</Dexterity>
        <Constitution>16</Constitution>
        <Charisma>16</Charisma>
      </PermanentStats>
    </NPC>
    <NPC>
      <Vnum>8101</Vnum>
      <name>centurion omegus</name>
      <description>The Emperor's hand picked minion. This giant beast was sworn to
protect the Emperor at all costs, even with his own life. His body
is dressed in the finest armor the empire has to offer, and his
blade infused with the magical energies of the elves.</description>
      <longDescription>The Centurion Omegus stands here guarding the inner gates from invasion.</longDescription>
      <shortDescription>the Centurion Omegus</shortDescription>
      <Sex>Male</Sex>
      <level>60</level>
      <HitPointDiceSides>2</HitPointDiceSides>
      <HitPointDiceCount>500</HitPointDiceCount>
      <HitPointDiceBonus>8000</HitPointDiceBonus>
      <ManaPointDiceSides>1</ManaPointDiceSides>
      <ManaPointDiceCount>1</ManaPointDiceCount>
      <ManaPointDiceBonus>4999</ManaPointDiceBonus>
      <trust>60</trust>
      <hitpoints>1200</hitpoints>
      <maxhitpoints>1200</maxhitpoints>
      <manapoints>0</manapoints>
      <maxmanapoints>0</maxmanapoints>
      <movementpoints>0</movementpoints>
      <maxmovementpoints>0</maxmovementpoints>
      <ArmorBash>-700</ArmorBash>
      <ArmorSlash>-700</ArmorSlash>
      <ArmorPierce>-700</ArmorPierce>
      <ArmorExotic>-700</ArmorExotic>
      <size>Giant</size>
      <race>troll</race>
      <alignment>Evil</alignment>
      <ethos>0</ethos>
      <hitroll>80</hitroll>
      <damRoll>60</damRoll>
      <armorclass>0</armorclass>
      <silver>0</silver>
      <gold>0</gold>
      <SavingThrow>0</SavingThrow>
      <Guild>warrior</Guild>
      <flags>NPC Sentinel Warrior NoPurge AreaAttack</flags>
      <immune></immune>
      <resist></resist>
      <vulnerable></vulnerable>
      <affectedBy>DetectInvis DetectHidden Sanctuary Swim DetectIllusion</affectedBy>
      <WiznetFlags></WiznetFlags>
      <WeaponDamageMessage>punch</WeaponDamageMessage>
      <DamageDiceSides>10</DamageDiceSides>
      <DamageDiceCount>10</DamageDiceCount>
      <DamageDiceBonus>20</DamageDiceBonus>
      <PermanentStats>
        <Strength>16</Strength>
        <Wisdom>16</Wisdom>
        <Intelligence>16</Intelligence>
        <Dexterity>16</Dexterity>
        <Constitution>16</Constitution>
        <Charisma>16</Charisma>
      </PermanentStats>
    </NPC>
    <NPC>
      <Vnum>8102</Vnum>
      <name>imperial centurion</name>
      <description>This Centurion of the Empire stands, blocking the road. He demands
payment to pass as he collects tithe for the Empire.</description>
      <longDescription>A Centurion stands here, collecting tithe for the Empire.</longDescription>
      <shortDescription>an Imperial Centurion</shortDescription>
      <Sex>Male</Sex>
      <level>1</level>
      <HitPointDiceSides>1</HitPointDiceSides>
      <HitPointDiceCount>1</HitPointDiceCount>
      <HitPointDiceBonus>0</HitPointDiceBonus>
      <ManaPointDiceSides>1</ManaPointDiceSides>
      <ManaPointDiceCount>1</ManaPointDiceCount>
      <ManaPointDiceBonus>0</ManaPointDiceBonus>
      <trust>1</trust>
      <hitpoints>20</hitpoints>
      <maxhitpoints>20</maxhitpoints>
      <manapoints>0</manapoints>
      <maxmanapoints>0</maxmanapoints>
      <movementpoints>0</movementpoints>
      <maxmovementpoints>0</maxmovementpoints>
      <ArmorBash>0</ArmorBash>
      <ArmorSlash>0</ArmorSlash>
      <ArmorPierce>0</ArmorPierce>
      <ArmorExotic>0</ArmorExotic>
      <size>Medium</size>
      <race>human</race>
      <alignment>Evil</alignment>
      <ethos>0</ethos>
      <hitroll>3</hitroll>
      <damRoll>1</damRoll>
      <armorclass>0</armorclass>
      <silver>0</silver>
      <gold>0</gold>
      <SavingThrow>0</SavingThrow>
      <Guild></Guild>
      <flags>NPC UpdateAlways AssistVnum</flags>
      <immune></immune>
      <resist></resist>
      <vulnerable></vulnerable>
      <affectedBy>DetectInvis DetectHidden Infrared DetectIllusion</affectedBy>
      <WiznetFlags></WiznetFlags>
      <WeaponDamageMessage>punch</WeaponDamageMessage>
      <DamageDiceSides>1</DamageDiceSides>
      <DamageDiceCount>1</DamageDiceCount>
      <DamageDiceBonus>0</DamageDiceBonus>
      <PermanentStats>
        <Strength>16</Strength>
        <Wisdom>16</Wisdom>
        <Intelligence>16</Intelligence>
        <Dexterity>16</Dexterity>
        <Constitution>16</Constitution>
        <Charisma>16</Charisma>
      </PermanentStats>
    </NPC>
  </NPCs>
  <Items>
    <Item>
      <VNum>8100</VNum>
      <Name>fountain</Name>
      <ShortDescription>a fountain</ShortDescription>
      <LongDescription>A large fountain flows crystal clear water from a closed fist.</LongDescription>
      <Description></Description>
      <Level>0</Level>
      <WeaponDamageType>none</WeaponDamageType>
      <WeaponType>None</WeaponType>
      <DiceSides>1</DiceSides>
      <DiceCount>1</DiceCount>
      <DiceBonus>1</DiceBonus>
      <Weight>0.5</Weight>
      <WearFlags>Wield</WearFlags>
      <ExtraFlags></ExtraFlags>
      <ItemTypes>Fountain</ItemTypes>
      <Affects />
      <Silver>0</Silver>
      <Gold>0</Gold>
      <Cost>0</Cost>
      <Nutrition>48</Nutrition>
      <Liquid>water</Liquid>
      <MaxWeight>0</MaxWeight>
      <Material>adamantite</Material>
      <Charges>41666</Charges>
      <MaxCharges>41666</MaxCharges>
      <MaxDurability>100</MaxDurability>
      <ArmorBash>0</ArmorBash>
      <ArmorSlash>0</ArmorSlash>
      <ArmorPierce>0</ArmorPierce>
      <ArmorExotic>0</ArmorExotic>
      <ExtraDescriptions />
    </Item>
    <Item>
      <VNum>8101</VNum>
      <Name>imperial codex</Name>
      <ShortDescription>the Imperial Codex</ShortDescription>
      <LongDescription>The Imperial Codex is here.</LongDescription>
      <Description></Description>
      <Level>60</Level>
      <WeaponDamageType>none</WeaponDamageType>
      <WeaponType>None</WeaponType>
      <DiceSides>1</DiceSides>
      <DiceCount>1</DiceCount>
      <DiceBonus>1</DiceBonus>
      <Weight>0.1</Weight>
      <WearFlags>Take</WearFlags>
      <ExtraFlags>NoPurge</ExtraFlags>
      <ItemTypes>Treasure</ItemTypes>
      <Affects />
      <Silver>0</Silver>
      <Gold>0</Gold>
      <Cost>100000</Cost>
      <Nutrition>0</Nutrition>
      <Liquid></Liquid>
      <MaxWeight>0</MaxWeight>
      <Material>paper</Material>
      <Charges>0</Charges>
      <MaxCharges>0</MaxCharges>
      <MaxDurability>100</MaxDurability>
      <ArmorBash>0</ArmorBash>
      <ArmorSlash>0</ArmorSlash>
      <ArmorPierce>0</ArmorPierce>
      <ArmorExotic>0</ArmorExotic>
      <ExtraDescriptions />
    </Item>
    <Item>
      <VNum>8102</VNum>
      <Name>throne obsidian emperor</Name>
      <ShortDescription>the Emperor's Throne</ShortDescription>
      <LongDescription>The Emperor's obsidian throne is here.</LongDescription>
      <Description></Description>
      <Level>60</Level>
      <WeaponDamageType>none</WeaponDamageType>
      <WeaponType>None</WeaponType>
      <DiceSides>1</DiceSides>
      <DiceCount>1</DiceCount>
      <DiceBonus>1</DiceBonus>
      <Weight>0.1</Weight>
      <WearFlags>NoSac</WearFlags>
      <ExtraFlags>NoPurge BurnProof</ExtraFlags>
      <ItemTypes>Furniture</ItemTypes>
      <Affects />
      <Silver>0</Silver>
      <Gold>0</Gold>
      <Cost>20</Cost>
      <Nutrition>0</Nutrition>
      <Liquid></Liquid>
      <MaxWeight>0</MaxWeight>
      <Material>bone</Material>
      <Charges>0</Charges>
      <MaxCharges>0</MaxCharges>
      <MaxDurability>100</MaxDurability>
      <ArmorBash>0</ArmorBash>
      <ArmorSlash>0</ArmorSlash>
      <ArmorPierce>0</ArmorPierce>
      <ArmorExotic>0</ArmorExotic>
      <ExtraDescriptions />
    </Item>
    <Item>
      <VNum>8103</VNum>
      <Name>pit</Name>
      <ShortDescription>the pit for donations</ShortDescription>
      <LongDescription>A pit for sacrifices is in front of the altar.</LongDescription>
      <Description></Description>
      <Level>0</Level>
      <WeaponDamageType>none</WeaponDamageType>
      <WeaponType>None</WeaponType>
      <DiceSides>1</DiceSides>
      <DiceCount>1</DiceCount>
      <DiceBonus>1</DiceBonus>
      <Weight>0</Weight>
      <WearFlags></WearFlags>
      <ExtraFlags>NoPurge</ExtraFlags>
      <ItemTypes>Container</ItemTypes>
      <Affects />
      <Silver>0</Silver>
      <Gold>0</Gold>
      <Cost>0</Cost>
      <Nutrition>0</Nutrition>
      <Liquid></Liquid>
      <MaxWeight>0</MaxWeight>
      <Material>unknown</Material>
      <Charges>0</Charges>
      <MaxCharges>0</MaxCharges>
      <MaxDurability>100</MaxDurability>
      <ArmorBash>0</ArmorBash>
      <ArmorSlash>0</ArmorSlash>
      <ArmorPierce>0</ArmorPierce>
      <ArmorExotic>0</ArmorExotic>
      <ExtraDescriptions />
    </Item>
    <Item>
      <VNum>8104</VNum>
      <Name>tablet philosophy empire imperial</Name>
      <ShortDescription>the obsidian tablet of Imperial philosophy</ShortDescription>
      <LongDescription>A huge obsidian tablet has been erected here.</LongDescription>
      <Description></Description>
      <Level>60</Level>
      <WeaponDamageType>none</WeaponDamageType>
      <WeaponType>None</WeaponType>
      <DiceSides>1</DiceSides>
      <DiceCount>1</DiceCount>
      <DiceBonus>1</DiceBonus>
      <Weight>0</Weight>
      <WearFlags></WearFlags>
      <ExtraFlags></ExtraFlags>
      <ItemTypes>Trash</ItemTypes>
      <Affects />
      <Silver>0</Silver>
      <Gold>0</Gold>
      <Cost>0</Cost>
      <Nutrition>0</Nutrition>
      <Liquid></Liquid>
      <MaxWeight>0</MaxWeight>
      <Material>obsidian</Material>
      <Charges>0</Charges>
      <MaxCharges>0</MaxCharges>
      <MaxDurability>100</MaxDurability>
      <ArmorBash>0</ArmorBash>
      <ArmorSlash>0</ArmorSlash>
      <ArmorPierce>0</ArmorPierce>
      <ArmorExotic>0</ArmorExotic>
      <ExtraDescriptions>
        <ExtraDescription>
          <Keyword>tablet philosophy empire imperial</Keyword>
          <Description>The principal concept of the Empire is to draw Orthos under the
Emperor's authority, which will, in effect, rid Orthos of its plague
of disorder.  Under the Emperor's reign, the chaotic influences will
be dispersed, creating order, peace, and prosperity.
The Bloodoathed, regardless of former path, are the foundation of
the Empire.  The Bloodoathing process unites them in the pursuit of
the Empire's goal.  Thus, even the Empire's greatest foes will
become part of the Empire's inevitable glorious victory.</Description>
        </ExtraDescription>
      </ExtraDescriptions>
    </Item>
  </Items>
  <Resets>
    <Reset Type="Item" Destination="8101" Count="0" Max="1" Vnum="8104">
      <!--Spawn the obsidian tablet of Imperial philosophy to Standing in the Courtyard-->
    </Reset>
    <Reset Type="NPC" Destination="8102" Count="1" Max="1" Vnum="8101">
      <!--Spawn the Centurion Omegus to The Inner Gates-->
    </Reset>
    <Reset Type="Give" Destination="0" Count="0" Max="0" Vnum="8101">
      <!--Spawn the Imperial Codex to the Centurion Omegus-->
    </Reset>
    <Reset Type="Item" Destination="8103" Count="0" Max="1" Vnum="8100">
      <!--Spawn a fountain to Within the Palace of Dominace-->
    </Reset>
    <Reset Type="Item" Destination="8106" Count="0" Max="1" Vnum="8103">
      <!--Spawn the pit for donations to The Altar Room-->
    </Reset>
    <Reset Type="NPC" Destination="8108" Count="1" Max="1" Vnum="8100">
      <!--Spawn the old shaman to The Throne Room-->
    </Reset>
    <Reset Type="Item" Destination="8108" Count="0" Max="1" Vnum="8102">
      <!--Spawn the Emperor's Throne to The Throne Room-->
    </Reset>
  </Resets>
</Area>