﻿<?xml version="1.0" encoding="utf-8"?>
<Area>
  <AreaData>
    <Name>Encampment of the Trium</Name>
    <Info></Info>
    <VnumStart>30200</VnumStart>
    <VnumEnd>30399</VnumEnd>
    <MinimumLevel>1</MinimumLevel>
    <MaximumLevel>51</MaximumLevel>
    <Builders></Builders>
    <Security>0</Security>
    <Credits>Okiju          The Encampment</Credits>
    <Continent>Mainland</Continent>
    <OverRoomVnum>0</OverRoomVnum>
  </AreaData>
  <Rooms>
    <Room>
      <VNum>30200</VNum>
      <Name></Name>
      <Description></Description>
      <Sector>Inside</Sector>
      <Flags>NoMob</Flags>
      <Exits />
      <ExtraDescriptions />
    </Room>
  </Rooms>
  <NPCs />
  <Items />
  <Resets />
</Area>