﻿<?xml version="1.0" encoding="utf-8"?>
<Area>
  <AreaData>
    <Name>Goblin Village</Name>
    <Info></Info>
    <VnumStart>50400</VnumStart>
    <VnumEnd>50599</VnumEnd>
    <MinimumLevel>0</MinimumLevel>
    <MaximumLevel>1</MaximumLevel>
    <Builders></Builders>
    <Security>0</Security>
    <Credits></Credits>
    <Continent>Mainland</Continent>
    <OverRoomVnum>20700</OverRoomVnum>
  </AreaData>
  <Rooms>
    <Room>
      <VNum>50400</VNum>
      <Name>Outside the Gate of the Goblin Village</Name>
      <Description>You are in a dimly lit clearing in a dense forest, surrounded by tall trees
and thick undergrowth. In the center of the clearing is a large iron gate,
guarded by two fierce-looking goblins with scowling expressions. The air is
thick with the smell of damp earth and rotting leaves, and the only sounds
are the rustling of leaves and the occasional hoot of an owl</Description>
      <Sector>Forest</Sector>
      <Flags></Flags>
      <Exits>
        <Exit>
          <Direction>South</Direction>
          <Destination>50401</Destination>
          <Display>the door south</Display>
          <Keywords></Keywords>
          <Description></Description>
          <Flags></Flags>
          <Keys></Keys>
          <ExitSize>Giant</ExitSize>
        </Exit>
        <Exit>
          <Direction>West</Direction>
          <Destination>40624</Destination>
          <Display>the door west</Display>
          <Keywords></Keywords>
          <Description></Description>
          <Flags></Flags>
          <Keys></Keys>
          <ExitSize>Giant</ExitSize>
        </Exit>
      </Exits>
      <ExtraDescriptions />
    </Room>
    <Room>
      <VNum>50401</VNum>
      <Name>Inside the Goblin Village</Name>
      <Description>This is a chaotic and eerie place, filled with strange noises and foul
smells. The village is a maze of ramshackle huts made from scraps of wood
and metal, with twisted pathways snaking between them. Goblins of all
shapes and sizes scurry around, shouting at each other in their guttural
language and causing a general commotion. The ground is slick with slime
and mud, and strange creatures lurk in the shadows, their glowing eyes
watching from the darkness. In the center of the village is a tall totem
pole decorated with crude symbols and bones, signifying the goblins'
devotion to their dark gods.</Description>
      <Sector>Forest</Sector>
      <Flags></Flags>
      <Exits>
        <Exit>
          <Direction>North</Direction>
          <Destination>50400</Destination>
          <Display>the door north</Display>
          <Keywords></Keywords>
          <Description></Description>
          <Flags></Flags>
          <Keys></Keys>
          <ExitSize>Giant</ExitSize>
        </Exit>
        <Exit>
          <Direction>East</Direction>
          <Destination>50402</Destination>
          <Display>the door east</Display>
          <Keywords></Keywords>
          <Description></Description>
          <Flags></Flags>
          <Keys></Keys>
          <ExitSize>Giant</ExitSize>
        </Exit>
      </Exits>
      <ExtraDescriptions />
    </Room>
    <Room>
      <VNum>50402</VNum>
      <Name>Inside the Goblin Village</Name>
      <Description>This is a chaotic and eerie place, filled with strange noises and foul
smells. The village is a maze of ramshackle huts made from scraps of wood
and metal, with twisted pathways snaking between them. Goblins of all
shapes and sizes scurry around, shouting at each other in their guttural
language and causing a general commotion. The ground is slick with slime
and mud, and strange creatures lurk in the shadows, their glowing eyes
watching from the darkness. In the center of the village is a tall totem
pole decorated with crude symbols and bones, signifying the goblins'
devotion to their dark gods.</Description>
      <Sector>Forest</Sector>
      <Flags></Flags>
      <Exits>
        <Exit>
          <Direction>East</Direction>
          <Destination>50403</Destination>
          <Display>the door east</Display>
          <Keywords></Keywords>
          <Description></Description>
          <Flags></Flags>
          <Keys></Keys>
          <ExitSize>Giant</ExitSize>
        </Exit>
        <Exit>
          <Direction>West</Direction>
          <Destination>50401</Destination>
          <Display>the door west</Display>
          <Keywords></Keywords>
          <Description></Description>
          <Flags></Flags>
          <Keys></Keys>
          <ExitSize>Giant</ExitSize>
        </Exit>
      </Exits>
      <ExtraDescriptions />
    </Room>
    <Room>
      <VNum>50403</VNum>
      <Name>Inside the Goblin Village</Name>
      <Description>This is a chaotic and eerie place, filled with strange noises and foul
smells. The village is a maze of ramshackle huts made from scraps of wood
and metal, with twisted pathways snaking between them. Goblins of all
shapes and sizes scurry around, shouting at each other in their guttural
language and causing a general commotion. The ground is slick with slime
and mud, and strange creatures lurk in the shadows, their glowing eyes
watching from the darkness. In the center of the village is a tall totem
pole decorated with crude symbols and bones, signifying the goblins'
devotion to their dark gods.</Description>
      <Sector>Forest</Sector>
      <Flags></Flags>
      <Exits>
        <Exit>
          <Direction>North</Direction>
          <Destination>50404</Destination>
          <Display>the door north</Display>
          <Keywords></Keywords>
          <Description></Description>
          <Flags></Flags>
          <Keys></Keys>
          <ExitSize>Giant</ExitSize>
        </Exit>
        <Exit>
          <Direction>East</Direction>
          <Destination>50408</Destination>
          <Display>the door east</Display>
          <Keywords></Keywords>
          <Description></Description>
          <Flags></Flags>
          <Keys></Keys>
          <ExitSize>Giant</ExitSize>
        </Exit>
        <Exit>
          <Direction>South</Direction>
          <Destination>50406</Destination>
          <Display>the door south</Display>
          <Keywords></Keywords>
          <Description></Description>
          <Flags></Flags>
          <Keys></Keys>
          <ExitSize>Giant</ExitSize>
        </Exit>
        <Exit>
          <Direction>West</Direction>
          <Destination>50402</Destination>
          <Display>the door west</Display>
          <Keywords></Keywords>
          <Description></Description>
          <Flags></Flags>
          <Keys></Keys>
          <ExitSize>Giant</ExitSize>
        </Exit>
      </Exits>
      <ExtraDescriptions />
    </Room>
    <Room>
      <VNum>50404</VNum>
      <Name>Outside a goblin hut</Name>
      <Description>Outside this goblin hut, the air is thick with the smell of rotting meat
and dirty fur. The hut itself is small and made of rough-hewn wood and
scraps of metal, barely standing upright. A single door, crudely carved
from a slab of bark, creaks in the wind, inviting those brave enough to
enter. The ground around the hut is littered with bones and scraps of food,
evidence of the goblins' voracious appetite. From inside the hut, strange
noises can be heard, like the hiss of a snake and the muffled screeches of
small creatures.</Description>
      <Sector>Forest</Sector>
      <Flags></Flags>
      <Exits>
        <Exit>
          <Direction>North</Direction>
          <Destination>50405</Destination>
          <Display>the door north</Display>
          <Keywords></Keywords>
          <Description></Description>
          <Flags></Flags>
          <Keys></Keys>
          <ExitSize>Giant</ExitSize>
        </Exit>
        <Exit>
          <Direction>South</Direction>
          <Destination>50403</Destination>
          <Display>the door south</Display>
          <Keywords></Keywords>
          <Description></Description>
          <Flags></Flags>
          <Keys></Keys>
          <ExitSize>Giant</ExitSize>
        </Exit>
      </Exits>
      <ExtraDescriptions />
    </Room>
    <Room>
      <VNum>50405</VNum>
      <Name>Inside a goblin hut</Name>
      <Description>A goblin hut is a small, crudely-built dwelling. It is made of dirt, stone,
and scavenged wood, metal and other stuff. The hut itself is small and cramped,
with a low ceiling, and just one room that serves as both living and sleeping quarters.
The interior of the hut is dimly lit, with little to no natural light coming through,
and the air is musty and damp. The goblin's possessions are cluttered and strewn about,
including weapons, tools, and undoubtedly, stolen goods. The furniture is makeshift and
uncomfortable.</Description>
      <Sector>Inside</Sector>
      <Flags></Flags>
      <Exits>
        <Exit>
          <Direction>South</Direction>
          <Destination>50404</Destination>
          <Display>the door south</Display>
          <Keywords></Keywords>
          <Description></Description>
          <Flags></Flags>
          <Keys></Keys>
          <ExitSize>Giant</ExitSize>
        </Exit>
      </Exits>
      <ExtraDescriptions />
    </Room>
    <Room>
      <VNum>50406</VNum>
      <Name>Outside a goblin hut</Name>
      <Description>Outside this goblin hut, the air is thick with the smell of rotting meat
and dirty fur. The hut itself is small and made of rough-hewn wood and
scraps of metal, barely standing upright. A single door, crudely carved
from a slab of bark, creaks in the wind, inviting those brave enough to
enter. The ground around the hut is littered with bones and scraps of food,
evidence of the goblins' voracious appetite. From inside the hut, strange
noises can be heard, like the hiss of a snake and the muffled screeches of
small creatures.</Description>
      <Sector>Forest</Sector>
      <Flags></Flags>
      <Exits>
        <Exit>
          <Direction>North</Direction>
          <Destination>50403</Destination>
          <Display>the door north</Display>
          <Keywords></Keywords>
          <Description></Description>
          <Flags></Flags>
          <Keys></Keys>
          <ExitSize>Giant</ExitSize>
        </Exit>
        <Exit>
          <Direction>South</Direction>
          <Destination>50407</Destination>
          <Display>the door south</Display>
          <Keywords></Keywords>
          <Description></Description>
          <Flags></Flags>
          <Keys></Keys>
          <ExitSize>Giant</ExitSize>
        </Exit>
      </Exits>
      <ExtraDescriptions />
    </Room>
    <Room>
      <VNum>50407</VNum>
      <Name>Inside a goblin hut</Name>
      <Description>A goblin hut is a small, crudely-built dwelling. It is made of dirt, stone,
and scavenged wood, metal and other stuff. The hut itself is small and cramped,
with a low ceiling, and just one room that serves as both living and sleeping quarters.
The interior of the hut is dimly lit, with little to no natural light coming through,
and the air is musty and damp. The goblin's possessions are cluttered and strewn about,
including weapons, tools, and undoubtedly, stolen goods. The furniture is makeshift and
uncomfortable.</Description>
      <Sector>Inside</Sector>
      <Flags></Flags>
      <Exits>
        <Exit>
          <Direction>North</Direction>
          <Destination>50406</Destination>
          <Display>the door north</Display>
          <Keywords></Keywords>
          <Description></Description>
          <Flags></Flags>
          <Keys></Keys>
          <ExitSize>Giant</ExitSize>
        </Exit>
      </Exits>
      <ExtraDescriptions />
    </Room>
    <Room>
      <VNum>50408</VNum>
      <Name>Inside the Goblin Village</Name>
      <Description>This is a chaotic and eerie place, filled with strange noises and foul
smells. The village is a maze of ramshackle huts made from scraps of wood
and metal, with twisted pathways snaking between them. Goblins of all
shapes and sizes scurry around, shouting at each other in their guttural
language and causing a general commotion. The ground is slick with slime
and mud, and strange creatures lurk in the shadows, their glowing eyes
watching from the darkness. In the center of the village is a tall totem
pole decorated with crude symbols and bones, signifying the goblins'
devotion to their dark gods.</Description>
      <Sector>Forest</Sector>
      <Flags></Flags>
      <Exits>
        <Exit>
          <Direction>East</Direction>
          <Destination>50409</Destination>
          <Display>the door east</Display>
          <Keywords></Keywords>
          <Description></Description>
          <Flags></Flags>
          <Keys></Keys>
          <ExitSize>Giant</ExitSize>
        </Exit>
        <Exit>
          <Direction>West</Direction>
          <Destination>50403</Destination>
          <Display>the door west</Display>
          <Keywords></Keywords>
          <Description></Description>
          <Flags></Flags>
          <Keys></Keys>
          <ExitSize>Giant</ExitSize>
        </Exit>
      </Exits>
      <ExtraDescriptions />
    </Room>
    <Room>
      <VNum>50409</VNum>
      <Name>Inside the Goblin Village</Name>
      <Description>This is a chaotic and eerie place, filled with strange noises and foul
smells. The village is a maze of ramshackle huts made from scraps of wood
and metal, with twisted pathways snaking between them. Goblins of all
shapes and sizes scurry around, shouting at each other in their guttural
language and causing a general commotion. The ground is slick with slime
and mud, and strange creatures lurk in the shadows, their glowing eyes
watching from the darkness. In the center of the village is a tall totem
pole decorated with crude symbols and bones, signifying the goblins'
devotion to their dark gods.</Description>
      <Sector>Forest</Sector>
      <Flags></Flags>
      <Exits>
        <Exit>
          <Direction>North</Direction>
          <Destination>50410</Destination>
          <Display>the door north</Display>
          <Keywords></Keywords>
          <Description></Description>
          <Flags></Flags>
          <Keys></Keys>
          <ExitSize>Giant</ExitSize>
        </Exit>
        <Exit>
          <Direction>East</Direction>
          <Destination>50414</Destination>
          <Display>the door east</Display>
          <Keywords></Keywords>
          <Description></Description>
          <Flags></Flags>
          <Keys></Keys>
          <ExitSize>Giant</ExitSize>
        </Exit>
        <Exit>
          <Direction>South</Direction>
          <Destination>50412</Destination>
          <Display>the door south</Display>
          <Keywords></Keywords>
          <Description></Description>
          <Flags></Flags>
          <Keys></Keys>
          <ExitSize>Giant</ExitSize>
        </Exit>
        <Exit>
          <Direction>West</Direction>
          <Destination>50408</Destination>
          <Display>the door west</Display>
          <Keywords></Keywords>
          <Description></Description>
          <Flags></Flags>
          <Keys></Keys>
          <ExitSize>Giant</ExitSize>
        </Exit>
      </Exits>
      <ExtraDescriptions />
    </Room>
    <Room>
      <VNum>50410</VNum>
      <Name>Outside a goblin hut</Name>
      <Description>Outside this goblin hut, the air is thick with the smell of rotting meat
and dirty fur. The hut itself is small and made of rough-hewn wood and
scraps of metal, barely standing upright. A single door, crudely carved
from a slab of bark, creaks in the wind, inviting those brave enough to
enter. The ground around the hut is littered with bones and scraps of food,
evidence of the goblins' voracious appetite. From inside the hut, strange
noises can be heard, like the hiss of a snake and the muffled screeches of
small creatures.</Description>
      <Sector>Forest</Sector>
      <Flags></Flags>
      <Exits>
        <Exit>
          <Direction>North</Direction>
          <Destination>50411</Destination>
          <Display>the door north</Display>
          <Keywords></Keywords>
          <Description></Description>
          <Flags></Flags>
          <Keys></Keys>
          <ExitSize>Giant</ExitSize>
        </Exit>
        <Exit>
          <Direction>South</Direction>
          <Destination>50409</Destination>
          <Display>the door south</Display>
          <Keywords></Keywords>
          <Description></Description>
          <Flags></Flags>
          <Keys></Keys>
          <ExitSize>Giant</ExitSize>
        </Exit>
      </Exits>
      <ExtraDescriptions />
    </Room>
    <Room>
      <VNum>50411</VNum>
      <Name>Inside a goblin hut</Name>
      <Description>A goblin hut is a small, crudely-built dwelling. It is made of dirt, stone,
and scavenged wood, metal and other stuff. The hut itself is small and cramped,
with a low ceiling, and just one room that serves as both living and sleeping quarters.
The interior of the hut is dimly lit, with little to no natural light coming through,
and the air is musty and damp. The goblin's possessions are cluttered and strewn about,
including weapons, tools, and undoubtedly, stolen goods. The furniture is makeshift and
uncomfortable.</Description>
      <Sector>Inside</Sector>
      <Flags></Flags>
      <Exits>
        <Exit>
          <Direction>South</Direction>
          <Destination>50410</Destination>
          <Display>the door south</Display>
          <Keywords></Keywords>
          <Description></Description>
          <Flags></Flags>
          <Keys></Keys>
          <ExitSize>Giant</ExitSize>
        </Exit>
      </Exits>
      <ExtraDescriptions />
    </Room>
    <Room>
      <VNum>50412</VNum>
      <Name>Outside a goblin hut</Name>
      <Description>Outside this goblin hut, the air is thick with the smell of rotting meat
and dirty fur. The hut itself is small and made of rough-hewn wood and
scraps of metal, barely standing upright. A single door, crudely carved
from a slab of bark, creaks in the wind, inviting those brave enough to
enter. The ground around the hut is littered with bones and scraps of food,
evidence of the goblins' voracious appetite. From inside the hut, strange
noises can be heard, like the hiss of a snake and the muffled screeches of
small creatures.</Description>
      <Sector>Forest</Sector>
      <Flags></Flags>
      <Exits>
        <Exit>
          <Direction>North</Direction>
          <Destination>50409</Destination>
          <Display>the door north</Display>
          <Keywords></Keywords>
          <Description></Description>
          <Flags></Flags>
          <Keys></Keys>
          <ExitSize>Giant</ExitSize>
        </Exit>
        <Exit>
          <Direction>South</Direction>
          <Destination>50413</Destination>
          <Display>the door south</Display>
          <Keywords></Keywords>
          <Description></Description>
          <Flags></Flags>
          <Keys></Keys>
          <ExitSize>Giant</ExitSize>
        </Exit>
      </Exits>
      <ExtraDescriptions />
    </Room>
    <Room>
      <VNum>50413</VNum>
      <Name>Inside a goblin hut</Name>
      <Description>A goblin hut is a small, crudely-built dwelling. It is made of dirt, stone,
and scavenged wood, metal and other stuff. The hut itself is small and cramped,
with a low ceiling, and just one room that serves as both living and sleeping quarters.
The interior of the hut is dimly lit, with little to no natural light coming through,
and the air is musty and damp. The goblin's possessions are cluttered and strewn about,
including weapons, tools, and undoubtedly, stolen goods. The furniture is makeshift and
uncomfortable.</Description>
      <Sector>Inside</Sector>
      <Flags></Flags>
      <Exits>
        <Exit>
          <Direction>North</Direction>
          <Destination>50412</Destination>
          <Display>the door north</Display>
          <Keywords></Keywords>
          <Description></Description>
          <Flags></Flags>
          <Keys></Keys>
          <ExitSize>Giant</ExitSize>
        </Exit>
      </Exits>
      <ExtraDescriptions />
    </Room>
    <Room>
      <VNum>50414</VNum>
      <Name>Inside the Goblin Village</Name>
      <Description>This is a chaotic and eerie place, filled with strange noises and foul
smells. The village is a maze of ramshackle huts made from scraps of wood
and metal, with twisted pathways snaking between them. Goblins of all
shapes and sizes scurry around, shouting at each other in their guttural
language and causing a general commotion. The ground is slick with slime
and mud, and strange creatures lurk in the shadows, their glowing eyes
watching from the darkness. In the center of the village is a tall totem
pole decorated with crude symbols and bones, signifying the goblins'
devotion to their dark gods.</Description>
      <Sector>Forest</Sector>
      <Flags></Flags>
      <Exits>
        <Exit>
          <Direction>East</Direction>
          <Destination>50415</Destination>
          <Display>the door east</Display>
          <Keywords></Keywords>
          <Description></Description>
          <Flags></Flags>
          <Keys></Keys>
          <ExitSize>Giant</ExitSize>
        </Exit>
        <Exit>
          <Direction>West</Direction>
          <Destination>50409</Destination>
          <Display>the door west</Display>
          <Keywords></Keywords>
          <Description></Description>
          <Flags></Flags>
          <Keys></Keys>
          <ExitSize>Giant</ExitSize>
        </Exit>
      </Exits>
      <ExtraDescriptions />
    </Room>
    <Room>
      <VNum>50415</VNum>
      <Name>Inside the Goblin Village</Name>
      <Description>This is a chaotic and eerie place, filled with strange noises and foul
smells. The village is a maze of ramshackle huts made from scraps of wood
and metal, with twisted pathways snaking between them. Goblins of all
shapes and sizes scurry around, shouting at each other in their guttural
language and causing a general commotion. The ground is slick with slime
and mud, and strange creatures lurk in the shadows, their glowing eyes
watching from the darkness. In the center of the village is a tall totem
pole decorated with crude symbols and bones, signifying the goblins'
devotion to their dark gods.</Description>
      <Sector>Forest</Sector>
      <Flags></Flags>
      <Exits>
        <Exit>
          <Direction>North</Direction>
          <Destination>50416</Destination>
          <Display>the door north</Display>
          <Keywords></Keywords>
          <Description></Description>
          <Flags></Flags>
          <Keys></Keys>
          <ExitSize>Giant</ExitSize>
        </Exit>
        <Exit>
          <Direction>East</Direction>
          <Destination>50420</Destination>
          <Display>the door east</Display>
          <Keywords></Keywords>
          <Description></Description>
          <Flags></Flags>
          <Keys></Keys>
          <ExitSize>Giant</ExitSize>
        </Exit>
        <Exit>
          <Direction>South</Direction>
          <Destination>50418</Destination>
          <Display>the door south</Display>
          <Keywords></Keywords>
          <Description></Description>
          <Flags></Flags>
          <Keys></Keys>
          <ExitSize>Giant</ExitSize>
        </Exit>
        <Exit>
          <Direction>West</Direction>
          <Destination>50414</Destination>
          <Display>the door west</Display>
          <Keywords></Keywords>
          <Description></Description>
          <Flags></Flags>
          <Keys></Keys>
          <ExitSize>Giant</ExitSize>
        </Exit>
      </Exits>
      <ExtraDescriptions />
    </Room>
    <Room>
      <VNum>50416</VNum>
      <Name>Outside a goblin hut</Name>
      <Description>Outside this goblin hut, the air is thick with the smell of rotting meat
and dirty fur. The hut itself is small and made of rough-hewn wood and
scraps of metal, barely standing upright. A single door, crudely carved
from a slab of bark, creaks in the wind, inviting those brave enough to
enter. The ground around the hut is littered with bones and scraps of food,
evidence of the goblins' voracious appetite. From inside the hut, strange
noises can be heard, like the hiss of a snake and the muffled screeches of
small creatures.</Description>
      <Sector>Forest</Sector>
      <Flags></Flags>
      <Exits>
        <Exit>
          <Direction>North</Direction>
          <Destination>50417</Destination>
          <Display>the door north</Display>
          <Keywords></Keywords>
          <Description></Description>
          <Flags></Flags>
          <Keys></Keys>
          <ExitSize>Giant</ExitSize>
        </Exit>
        <Exit>
          <Direction>South</Direction>
          <Destination>50415</Destination>
          <Display>the door south</Display>
          <Keywords></Keywords>
          <Description></Description>
          <Flags></Flags>
          <Keys></Keys>
          <ExitSize>Giant</ExitSize>
        </Exit>
      </Exits>
      <ExtraDescriptions />
    </Room>
    <Room>
      <VNum>50417</VNum>
      <Name>Inside a goblin hut</Name>
      <Description>A goblin hut is a small, crudely-built dwelling. It is made of dirt, stone,
and scavenged wood, metal and other stuff. The hut itself is small and cramped,
with a low ceiling, and just one room that serves as both living and sleeping quarters.
The interior of the hut is dimly lit, with little to no natural light coming through,
and the air is musty and damp. The goblin's possessions are cluttered and strewn about,
including weapons, tools, and undoubtedly, stolen goods. The furniture is makeshift and
uncomfortable.</Description>
      <Sector>Inside</Sector>
      <Flags></Flags>
      <Exits>
        <Exit>
          <Direction>South</Direction>
          <Destination>50416</Destination>
          <Display>the door south</Display>
          <Keywords></Keywords>
          <Description></Description>
          <Flags></Flags>
          <Keys></Keys>
          <ExitSize>Giant</ExitSize>
        </Exit>
      </Exits>
      <ExtraDescriptions />
    </Room>
    <Room>
      <VNum>50418</VNum>
      <Name>Outside a goblin hut</Name>
      <Description>Outside this goblin hut, the air is thick with the smell of rotting meat
and dirty fur. The hut itself is small and made of rough-hewn wood and
scraps of metal, barely standing upright. A single door, crudely carved
from a slab of bark, creaks in the wind, inviting those brave enough to
enter. The ground around the hut is littered with bones and scraps of food,
evidence of the goblins' voracious appetite. From inside the hut, strange
noises can be heard, like the hiss of a snake and the muffled screeches of
small creatures.</Description>
      <Sector>Forest</Sector>
      <Flags></Flags>
      <Exits>
        <Exit>
          <Direction>North</Direction>
          <Destination>50415</Destination>
          <Display>the door north</Display>
          <Keywords></Keywords>
          <Description></Description>
          <Flags></Flags>
          <Keys></Keys>
          <ExitSize>Giant</ExitSize>
        </Exit>
        <Exit>
          <Direction>South</Direction>
          <Destination>50419</Destination>
          <Display>the door south</Display>
          <Keywords></Keywords>
          <Description></Description>
          <Flags></Flags>
          <Keys></Keys>
          <ExitSize>Giant</ExitSize>
        </Exit>
      </Exits>
      <ExtraDescriptions />
    </Room>
    <Room>
      <VNum>50419</VNum>
      <Name>Inside a goblin hut</Name>
      <Description>A goblin hut is a small, crudely-built dwelling. It is made of dirt, stone,
and scavenged wood, metal and other stuff. The hut itself is small and cramped,
with a low ceiling, and just one room that serves as both living and sleeping quarters.
The interior of the hut is dimly lit, with little to no natural light coming through,
and the air is musty and damp. The goblin's possessions are cluttered and strewn about,
including weapons, tools, and undoubtedly, stolen goods. The furniture is makeshift and
uncomfortable.</Description>
      <Sector>Inside</Sector>
      <Flags></Flags>
      <Exits>
        <Exit>
          <Direction>North</Direction>
          <Destination>50418</Destination>
          <Display>the door north</Display>
          <Keywords></Keywords>
          <Description></Description>
          <Flags></Flags>
          <Keys></Keys>
          <ExitSize>Giant</ExitSize>
        </Exit>
      </Exits>
      <ExtraDescriptions />
    </Room>
    <Room>
      <VNum>50420</VNum>
      <Name>Inside the Goblin Village</Name>
      <Description>This is a chaotic and eerie place, filled with strange noises and foul
smells. The village is a maze of ramshackle huts made from scraps of wood
and metal, with twisted pathways snaking between them. Goblins of all
shapes and sizes scurry around, shouting at each other in their guttural
language and causing a general commotion. The ground is slick with slime
and mud, and strange creatures lurk in the shadows, their glowing eyes
watching from the darkness. In the center of the village is a tall totem
pole decorated with crude symbols and bones, signifying the goblins'
devotion to their dark gods.</Description>
      <Sector>Forest</Sector>
      <Flags></Flags>
      <Exits>
        <Exit>
          <Direction>East</Direction>
          <Destination>50421</Destination>
          <Display>the door east</Display>
          <Keywords></Keywords>
          <Description></Description>
          <Flags></Flags>
          <Keys></Keys>
          <ExitSize>Giant</ExitSize>
        </Exit>
        <Exit>
          <Direction>West</Direction>
          <Destination>50415</Destination>
          <Display>the door west</Display>
          <Keywords></Keywords>
          <Description></Description>
          <Flags></Flags>
          <Keys></Keys>
          <ExitSize>Giant</ExitSize>
        </Exit>
      </Exits>
      <ExtraDescriptions />
    </Room>
    <Room>
      <VNum>50421</VNum>
      <Name>Inside the Goblin Village</Name>
      <Description>This is a chaotic and eerie place, filled with strange noises and foul
smells. The village is a maze of ramshackle huts made from scraps of wood
and metal, with twisted pathways snaking between them. Goblins of all
shapes and sizes scurry around, shouting at each other in their guttural
language and causing a general commotion. The ground is slick with slime
and mud, and strange creatures lurk in the shadows, their glowing eyes
watching from the darkness. In the center of the village is a tall totem
pole decorated with crude symbols and bones, signifying the goblins'
devotion to their dark gods.</Description>
      <Sector>Forest</Sector>
      <Flags></Flags>
      <Exits>
        <Exit>
          <Direction>East</Direction>
          <Destination>50422</Destination>
          <Display>the door east</Display>
          <Keywords></Keywords>
          <Description></Description>
          <Flags></Flags>
          <Keys></Keys>
          <ExitSize>Giant</ExitSize>
        </Exit>
        <Exit>
          <Direction>West</Direction>
          <Destination>50420</Destination>
          <Display>the door west</Display>
          <Keywords></Keywords>
          <Description></Description>
          <Flags></Flags>
          <Keys></Keys>
          <ExitSize>Giant</ExitSize>
        </Exit>
      </Exits>
      <ExtraDescriptions />
    </Room>
    <Room>
      <VNum>50422</VNum>
      <Name>A cave entrance in the Goblin Village</Name>
      <Description>The entrance to this cave in the Goblin Village is a foreboding sight. The
opening is narrow, and the jagged rocks that surround it seem to reach out
like grasping claws. The air is damp and musty, and the sound of dripping
water echoes from deep within. The walls of the cave are covered in strange
markings and symbols, drawn in what looks like dried blood. As you step
closer, you can hear the faint whispering of goblin voices, and the
occasional clanging of metal. The darkness inside is impenetrable, and it's
impossible to know what dangers await those who dare to venture inside.</Description>
      <Sector>Forest</Sector>
      <Flags></Flags>
      <Exits>
        <Exit>
          <Direction>South</Direction>
          <Destination>50423</Destination>
          <Display>the door south</Display>
          <Keywords></Keywords>
          <Description></Description>
          <Flags></Flags>
          <Keys></Keys>
          <ExitSize>Giant</ExitSize>
        </Exit>
        <Exit>
          <Direction>West</Direction>
          <Destination>50421</Destination>
          <Display>the door west</Display>
          <Keywords></Keywords>
          <Description></Description>
          <Flags></Flags>
          <Keys></Keys>
          <ExitSize>Giant</ExitSize>
        </Exit>
      </Exits>
      <ExtraDescriptions />
    </Room>
    <Room>
      <VNum>50423</VNum>
      <Name>Inside of a cave in the Goblin Village</Name>
      <Description>The air is thick with the smell of damp earth and decay. The walls are
slick with moisture, and small puddles of water dot the uneven ground. The
darkness is almost absolute, broken only by the flicker of small torches
held by the goblin guards. The sounds of dripping water are constant,
echoing through the cavern like an ominous heartbeat. The cave is filled
with strange shadows and twisted shapes, making it difficult to tell what
lies ahead. The only certainty is that danger lurks in the darkness,
waiting to pounce on unsuspecting adventurers who dare to venture too far.</Description>
      <Sector>Forest</Sector>
      <Flags></Flags>
      <Exits>
        <Exit>
          <Direction>North</Direction>
          <Destination>50422</Destination>
          <Display>the door north</Display>
          <Keywords></Keywords>
          <Description></Description>
          <Flags></Flags>
          <Keys></Keys>
          <ExitSize>Giant</ExitSize>
        </Exit>
        <Exit>
          <Direction>East</Direction>
          <Destination>50424</Destination>
          <Display>the door east</Display>
          <Keywords></Keywords>
          <Description></Description>
          <Flags></Flags>
          <Keys></Keys>
          <ExitSize>Giant</ExitSize>
        </Exit>
      </Exits>
      <ExtraDescriptions />
    </Room>
    <Room>
      <VNum>50424</VNum>
      <Name>Inside of a cave in the Goblin Village</Name>
      <Description>The air is thick with the smell of damp earth and decay. The walls are
slick with moisture, and small puddles of water dot the uneven ground. The
darkness is almost absolute, broken only by the flicker of small torches
held by the goblin guards. The sounds of dripping water are constant,
echoing through the cavern like an ominous heartbeat. The cave is filled
with strange shadows and twisted shapes, making it difficult to tell what
lies ahead. The only certainty is that danger lurks in the darkness,
waiting to pounce on unsuspecting adventurers who dare to venture too far.</Description>
      <Sector>Forest</Sector>
      <Flags></Flags>
      <Exits>
        <Exit>
          <Direction>East</Direction>
          <Destination>50425</Destination>
          <Display>the door east</Display>
          <Keywords></Keywords>
          <Description></Description>
          <Flags></Flags>
          <Keys></Keys>
          <ExitSize>Giant</ExitSize>
        </Exit>
        <Exit>
          <Direction>West</Direction>
          <Destination>50423</Destination>
          <Display>the door west</Display>
          <Keywords></Keywords>
          <Description></Description>
          <Flags></Flags>
          <Keys></Keys>
          <ExitSize>Giant</ExitSize>
        </Exit>
      </Exits>
      <ExtraDescriptions />
    </Room>
    <Room>
      <VNum>50425</VNum>
      <Name>Inside of a cave in the Goblin Village</Name>
      <Description>The air is thick with the smell of damp earth and decay. The walls are
slick with moisture, and small puddles of water dot the uneven ground. The
darkness is almost absolute, broken only by the flicker of small torches
held by the goblin guards. The sounds of dripping water are constant,
echoing through the cavern like an ominous heartbeat. The cave is filled
with strange shadows and twisted shapes, making it difficult to tell what
lies ahead. The only certainty is that danger lurks in the darkness,
waiting to pounce on unsuspecting adventurers who dare to venture too far.</Description>
      <Sector>Cave</Sector>
      <Flags></Flags>
      <Exits>
        <Exit>
          <Direction>North</Direction>
          <Destination>50427</Destination>
          <Display>the door north</Display>
          <Keywords></Keywords>
          <Description></Description>
          <Flags></Flags>
          <Keys></Keys>
          <ExitSize>Giant</ExitSize>
        </Exit>
        <Exit>
          <Direction>East</Direction>
          <Destination>50426</Destination>
          <Display>the door east</Display>
          <Keywords></Keywords>
          <Description></Description>
          <Flags></Flags>
          <Keys></Keys>
          <ExitSize>Giant</ExitSize>
        </Exit>
        <Exit>
          <Direction>South</Direction>
          <Destination>50429</Destination>
          <Display>the door south</Display>
          <Keywords></Keywords>
          <Description></Description>
          <Flags></Flags>
          <Keys></Keys>
          <ExitSize>Giant</ExitSize>
        </Exit>
        <Exit>
          <Direction>West</Direction>
          <Destination>50424</Destination>
          <Display>the door west</Display>
          <Keywords></Keywords>
          <Description></Description>
          <Flags></Flags>
          <Keys></Keys>
          <ExitSize>Giant</ExitSize>
        </Exit>
      </Exits>
      <ExtraDescriptions />
    </Room>
    <Room>
      <VNum>50426</VNum>
      <Name>The commander's room</Name>
      <Description>The walls are adorned with trophies of battle, including weapons and armor
from defeated foes. The air is thick with the smell of smoke and brimstone,
and the only light comes from a large brazier in the center of the room,
casting eerie shadows on the walls. The room is sparsely furnished, with
only a few simple wooden chairs and a crude desk carved from stone. At the
back of the room sits a large throne, made from the bones of fallen enemies
and draped with tattered banners.</Description>
      <Sector>Cave</Sector>
      <Flags></Flags>
      <Exits>
        <Exit>
          <Direction>West</Direction>
          <Destination>50425</Destination>
          <Display>the door west</Display>
          <Keywords></Keywords>
          <Description></Description>
          <Flags></Flags>
          <Keys></Keys>
          <ExitSize>Giant</ExitSize>
        </Exit>
      </Exits>
      <ExtraDescriptions />
    </Room>
    <Room>
      <VNum>50427</VNum>
      <Name>Outside a prison cell</Name>
      <Description>The walls are rough and uneven, made of natural rock formations, and the
ground is covered with a thin layer of dirt and debris. The cell itself is
made of rusted iron bars, separating the prisoner from the outside world.
The sounds from inside the cell are muffled, but the occasional groan or
whimper can be heard. The air inside the cell is musty and stale, and the
only light comes from a flickering torch mounted on the wall. The
atmosphere outside the prison cell is oppressive.</Description>
      <Sector>Cave</Sector>
      <Flags></Flags>
      <Exits>
        <Exit>
          <Direction>North</Direction>
          <Destination>50428</Destination>
          <Display>the door north</Display>
          <Keywords></Keywords>
          <Description></Description>
          <Flags></Flags>
          <Keys></Keys>
          <ExitSize>Giant</ExitSize>
        </Exit>
        <Exit>
          <Direction>South</Direction>
          <Destination>50425</Destination>
          <Display>the door south</Display>
          <Keywords></Keywords>
          <Description></Description>
          <Flags></Flags>
          <Keys></Keys>
          <ExitSize>Giant</ExitSize>
        </Exit>
      </Exits>
      <ExtraDescriptions />
    </Room>
    <Room>
      <VNum>50428</VNum>
      <Name>Inside a prison cell</Name>
      <Description>Inside the prison cell, the air is thick with the smell of dampness and
decay. The walls are rough and uneven, made of cold, hard stone, and the
floor is littered with straw and dirt. The cell is small and cramped, with
rusted iron bars separating the prisoner from the outside world. The only
light comes from a small torch mounted on the wall, casting eerie shadows
on the rough stone walls. The air is cold and musty, and the sounds from
outside the cell are muffled and distant. The atmosphere inside the prison
cell is oppressive, with a feeling of hopelessness and despair that seems
to seep into every crevice.</Description>
      <Sector>Cave</Sector>
      <Flags></Flags>
      <Exits>
        <Exit>
          <Direction>South</Direction>
          <Destination>50427</Destination>
          <Display>the door south</Display>
          <Keywords></Keywords>
          <Description></Description>
          <Flags></Flags>
          <Keys></Keys>
          <ExitSize>Giant</ExitSize>
        </Exit>
      </Exits>
      <ExtraDescriptions />
    </Room>
    <Room>
      <VNum>50429</VNum>
      <Name>Entrance to the Underdark</Name>
      <Description>You stand at the entrance to a rough-hewn, dark tunnel. The walls are painted with dried blood and grime. There is only the darkness of the deep.</Description>
      <Sector>Cave</Sector>
      <Flags></Flags>
      <Exits>
        <Exit>
          <Direction>North</Direction>
          <Destination>50425</Destination>
          <Display>the door north</Display>
          <Keywords></Keywords>
          <Description></Description>
          <Flags></Flags>
          <Keys></Keys>
          <ExitSize>Giant</ExitSize>
        </Exit>
        <Exit>
          <Direction>South</Direction>
          <Destination>50430</Destination>
          <Display>the door south</Display>
          <Keywords></Keywords>
          <Description></Description>
          <Flags></Flags>
          <Keys></Keys>
          <ExitSize>Giant</ExitSize>
        </Exit>
      </Exits>
      <ExtraDescriptions />
    </Room>
    <Room>
      <VNum>50430</VNum>
      <Name>The Underdark</Name>
      <Description>You stand in a rough-hewn, dark tunnel. The walls are painted with dried blood and grime. There is only the darkness of the deep.</Description>
      <Sector>Cave</Sector>
      <Flags></Flags>
      <Exits>
        <Exit>
          <Direction>North</Direction>
          <Destination>50429</Destination>
          <Display>the door north</Display>
          <Keywords></Keywords>
          <Description></Description>
          <Flags></Flags>
          <Keys></Keys>
          <ExitSize>Giant</ExitSize>
        </Exit>
        <Exit>
          <Direction>Down</Direction>
          <Destination>50431</Destination>
          <Display>the door down</Display>
          <Keywords></Keywords>
          <Description></Description>
          <Flags></Flags>
          <Keys></Keys>
          <ExitSize>Giant</ExitSize>
        </Exit>
      </Exits>
      <ExtraDescriptions />
    </Room>
    <Room>
      <VNum>50431</VNum>
      <Name>The Underdark</Name>
      <Description>You stand in a rough-hewn, dark tunnel. The walls are painted with dried blood and grime. There is only the darkness of the deep.</Description>
      <Sector>Cave</Sector>
      <Flags></Flags>
      <Exits>
        <Exit>
          <Direction>Up</Direction>
          <Destination>50430</Destination>
          <Display>the door up</Display>
          <Keywords></Keywords>
          <Description></Description>
          <Flags></Flags>
          <Keys></Keys>
          <ExitSize>Giant</ExitSize>
        </Exit>
        <Exit>
          <Direction>Down</Direction>
          <Destination>50432</Destination>
          <Display>the door down</Display>
          <Keywords></Keywords>
          <Description></Description>
          <Flags></Flags>
          <Keys></Keys>
          <ExitSize>Giant</ExitSize>
        </Exit>
      </Exits>
      <ExtraDescriptions />
    </Room>
    <Room>
      <VNum>50432</VNum>
      <Name>The Underdark </Name>
      <Description>You stand in a rough-hewn, dark tunnel. The walls are painted with dried blood and grime. There is only the darkness of the deep.</Description>
      <Sector>Cave</Sector>
      <Flags></Flags>
      <Exits>
        <Exit>
          <Direction>Up</Direction>
          <Destination>50431</Destination>
          <Display>the door up</Display>
          <Keywords></Keywords>
          <Description></Description>
          <Flags></Flags>
          <Keys></Keys>
          <ExitSize>Giant</ExitSize>
        </Exit>
        <Exit>
          <Direction>Down</Direction>
          <Destination>50433</Destination>
          <Display>the door down</Display>
          <Keywords></Keywords>
          <Description></Description>
          <Flags></Flags>
          <Keys></Keys>
          <ExitSize>Giant</ExitSize>
        </Exit>
      </Exits>
      <ExtraDescriptions />
    </Room>
    <Room>
      <VNum>50433</VNum>
      <Name>The Underdark </Name>
      <Description>You stand in a rough-hewn, dark tunnel. The walls are painted with dried blood and grime. There is only the darkness of the deep.</Description>
      <Sector>Cave</Sector>
      <Flags></Flags>
      <Exits>
        <Exit>
          <Direction>East</Direction>
          <Destination>50434</Destination>
          <Display>the door east</Display>
          <Keywords></Keywords>
          <Description></Description>
          <Flags></Flags>
          <Keys></Keys>
          <ExitSize>Giant</ExitSize>
        </Exit>
        <Exit>
          <Direction>Up</Direction>
          <Destination>50432</Destination>
          <Display>the door up</Display>
          <Keywords></Keywords>
          <Description></Description>
          <Flags></Flags>
          <Keys></Keys>
          <ExitSize>Giant</ExitSize>
        </Exit>
      </Exits>
      <ExtraDescriptions />
    </Room>
    <Room>
      <VNum>50434</VNum>
      <Name>The Underdark </Name>
      <Description>You stand in a rough-hewn, dark tunnel. The walls are painted with dried blood and grime. There is only the darkness of the deep.</Description>
      <Sector>Cave</Sector>
      <Flags></Flags>
      <Exits>
        <Exit>
          <Direction>East</Direction>
          <Destination>50435</Destination>
          <Display>the door east</Display>
          <Keywords></Keywords>
          <Description></Description>
          <Flags></Flags>
          <Keys></Keys>
          <ExitSize>Giant</ExitSize>
        </Exit>
        <Exit>
          <Direction>West</Direction>
          <Destination>50433</Destination>
          <Display>the door west</Display>
          <Keywords></Keywords>
          <Description></Description>
          <Flags></Flags>
          <Keys></Keys>
          <ExitSize>Giant</ExitSize>
        </Exit>
      </Exits>
      <ExtraDescriptions />
    </Room>
    <Room>
      <VNum>50435</VNum>
      <Name>The Underdark </Name>
      <Description>You stand in a rough-hewn, dark tunnel. The walls are painted with dried blood and grime. There is only the darkness of the deep.</Description>
      <Sector>Cave</Sector>
      <Flags></Flags>
      <Exits>
        <Exit>
          <Direction>South</Direction>
          <Destination>50436</Destination>
          <Display>the door south</Display>
          <Keywords></Keywords>
          <Description></Description>
          <Flags></Flags>
          <Keys></Keys>
          <ExitSize>Giant</ExitSize>
        </Exit>
        <Exit>
          <Direction>West</Direction>
          <Destination>50434</Destination>
          <Display>the door west</Display>
          <Keywords></Keywords>
          <Description></Description>
          <Flags></Flags>
          <Keys></Keys>
          <ExitSize>Giant</ExitSize>
        </Exit>
      </Exits>
      <ExtraDescriptions />
    </Room>
    <Room>
      <VNum>50436</VNum>
      <Name>The Underdark </Name>
      <Description>You stand in a rough-hewn, dark tunnel. The walls are painted with dried blood and grime. There is only the darkness of the deep.</Description>
      <Sector>Cave</Sector>
      <Flags></Flags>
      <Exits>
        <Exit>
          <Direction>North</Direction>
          <Destination>50435</Destination>
          <Display>the door north</Display>
          <Keywords></Keywords>
          <Description></Description>
          <Flags></Flags>
          <Keys></Keys>
          <ExitSize>Giant</ExitSize>
        </Exit>
        <Exit>
          <Direction>South</Direction>
          <Destination>50437</Destination>
          <Display>the door south</Display>
          <Keywords></Keywords>
          <Description></Description>
          <Flags></Flags>
          <Keys></Keys>
          <ExitSize>Giant</ExitSize>
        </Exit>
      </Exits>
      <ExtraDescriptions />
    </Room>
    <Room>
      <VNum>50437</VNum>
      <Name>The Underdark </Name>
      <Description>You stand in a rough-hewn, dark tunnel. The walls are painted with dried blood and grime. There is only the darkness of the deep.</Description>
      <Sector>Cave</Sector>
      <Flags></Flags>
      <Exits>
        <Exit>
          <Direction>North</Direction>
          <Destination>50436</Destination>
          <Display>the door north</Display>
          <Keywords></Keywords>
          <Description></Description>
          <Flags></Flags>
          <Keys></Keys>
          <ExitSize>Giant</ExitSize>
        </Exit>
        <Exit>
          <Direction>Down</Direction>
          <Destination>50438</Destination>
          <Display>the door down</Display>
          <Keywords></Keywords>
          <Description></Description>
          <Flags></Flags>
          <Keys></Keys>
          <ExitSize>Giant</ExitSize>
        </Exit>
      </Exits>
      <ExtraDescriptions />
    </Room>
    <Room>
      <VNum>50438</VNum>
      <Name>The Underdark </Name>
      <Description>You stand in a rough-hewn, dark tunnel. The walls are painted with dried blood and grime. There is only the darkness of the deep.</Description>
      <Sector>Cave</Sector>
      <Flags></Flags>
      <Exits>
        <Exit>
          <Direction>East</Direction>
          <Destination>50439</Destination>
          <Display>the door east</Display>
          <Keywords></Keywords>
          <Description></Description>
          <Flags></Flags>
          <Keys></Keys>
          <ExitSize>Giant</ExitSize>
        </Exit>
        <Exit>
          <Direction>Up</Direction>
          <Destination>50437</Destination>
          <Display>the door up</Display>
          <Keywords></Keywords>
          <Description></Description>
          <Flags></Flags>
          <Keys></Keys>
          <ExitSize>Giant</ExitSize>
        </Exit>
      </Exits>
      <ExtraDescriptions />
    </Room>
    <Room>
      <VNum>50439</VNum>
      <Name>The Underdark </Name>
      <Description>You stand in a rough-hewn, dark tunnel. The walls are painted with dried blood and grime. There is only the darkness of the deep.</Description>
      <Sector>Cave</Sector>
      <Flags></Flags>
      <Exits>
        <Exit>
          <Direction>East</Direction>
          <Destination>17219</Destination>
          <Display>the door east</Display>
          <Keywords></Keywords>
          <Description></Description>
          <Flags></Flags>
          <Keys></Keys>
          <ExitSize>Giant</ExitSize>
        </Exit>
        <Exit>
          <Direction>West</Direction>
          <Destination>50438</Destination>
          <Display>the door west</Display>
          <Keywords></Keywords>
          <Description></Description>
          <Flags></Flags>
          <Keys></Keys>
          <ExitSize>Giant</ExitSize>
        </Exit>
      </Exits>
      <ExtraDescriptions />
    </Room>
  </Rooms>
  <NPCs>
    <NPC>
      <Vnum>50400</Vnum>
      <name>goblin guard</name>
      <description>A goblin guard is a small, green-skinned humanoid with pointed ears,
sharp teeth, and a long nose. He may be mischievous or malicious. He
is part of the goblin clan here.</description>
      <longDescription>A goblin guard stands here, spear at the ready.</longDescription>
      <shortDescription>a goblin guard</shortDescription>
      <Sex>Male</Sex>
      <level>13</level>
      <HitPointDiceSides>4</HitPointDiceSides>
      <HitPointDiceCount>5</HitPointDiceCount>
      <HitPointDiceBonus>30</HitPointDiceBonus>
      <ManaPointDiceSides>0</ManaPointDiceSides>
      <ManaPointDiceCount>0</ManaPointDiceCount>
      <ManaPointDiceBonus>0</ManaPointDiceBonus>
      <trust>13</trust>
      <hitpoints>20</hitpoints>
      <maxhitpoints>20</maxhitpoints>
      <manapoints>0</manapoints>
      <maxmanapoints>0</maxmanapoints>
      <movementpoints>0</movementpoints>
      <maxmovementpoints>0</maxmovementpoints>
      <ArmorBash>0</ArmorBash>
      <ArmorSlash>0</ArmorSlash>
      <ArmorPierce>0</ArmorPierce>
      <ArmorExotic>0</ArmorExotic>
      <size>Medium</size>
      <race>goblin</race>
      <alignment>Evil</alignment>
      <ethos>0</ethos>
      <hitroll>3</hitroll>
      <damRoll>1</damRoll>
      <armorclass>0</armorclass>
      <silver>0</silver>
      <gold>0</gold>
      <SavingThrow>0</SavingThrow>
      <Guild></Guild>
      <flags>Sentinel</flags>
      <immune></immune>
      <resist></resist>
      <vulnerable></vulnerable>
      <affectedBy>Infrared</affectedBy>
      <WiznetFlags></WiznetFlags>
      <WeaponDamageMessage>punch</WeaponDamageMessage>
      <DamageDiceSides>1</DamageDiceSides>
      <DamageDiceCount>6</DamageDiceCount>
      <DamageDiceBonus>2</DamageDiceBonus>
      <PermanentStats>
        <Strength>16</Strength>
        <Wisdom>16</Wisdom>
        <Intelligence>16</Intelligence>
        <Dexterity>16</Dexterity>
        <Constitution>16</Constitution>
        <Charisma>16</Charisma>
      </PermanentStats>
    </NPC>
    <NPC>
      <Vnum>50401</Vnum>
      <name>goblin citizen female</name>
      <description>A female goblin is a small, green-skinned humanoid with pointed ears,
sharp teeth, and a long nose. She may be mischievous or malicious. She
is part of the goblin clan here.</description>
      <longDescription>A female goblin citizen is here.</longDescription>
      <shortDescription>a female goblin citizen</shortDescription>
      <Sex>Female</Sex>
      <level>10</level>
      <HitPointDiceSides>2</HitPointDiceSides>
      <HitPointDiceCount>5</HitPointDiceCount>
      <HitPointDiceBonus>30</HitPointDiceBonus>
      <ManaPointDiceSides>0</ManaPointDiceSides>
      <ManaPointDiceCount>0</ManaPointDiceCount>
      <ManaPointDiceBonus>0</ManaPointDiceBonus>
      <trust>10</trust>
      <hitpoints>20</hitpoints>
      <maxhitpoints>20</maxhitpoints>
      <manapoints>0</manapoints>
      <maxmanapoints>0</maxmanapoints>
      <movementpoints>0</movementpoints>
      <maxmovementpoints>0</maxmovementpoints>
      <ArmorBash>0</ArmorBash>
      <ArmorSlash>0</ArmorSlash>
      <ArmorPierce>0</ArmorPierce>
      <ArmorExotic>0</ArmorExotic>
      <size>Medium</size>
      <race>goblin</race>
      <alignment>Evil</alignment>
      <ethos>0</ethos>
      <hitroll>3</hitroll>
      <damRoll>1</damRoll>
      <armorclass>0</armorclass>
      <silver>0</silver>
      <gold>0</gold>
      <SavingThrow>0</SavingThrow>
      <Guild></Guild>
      <flags></flags>
      <immune></immune>
      <resist></resist>
      <vulnerable></vulnerable>
      <affectedBy>DetectIllusion Infrared</affectedBy>
      <WiznetFlags></WiznetFlags>
      <WeaponDamageMessage>punch</WeaponDamageMessage>
      <DamageDiceSides>1</DamageDiceSides>
      <DamageDiceCount>6</DamageDiceCount>
      <DamageDiceBonus>1</DamageDiceBonus>
      <PermanentStats>
        <Strength>16</Strength>
        <Wisdom>16</Wisdom>
        <Intelligence>16</Intelligence>
        <Dexterity>16</Dexterity>
        <Constitution>16</Constitution>
        <Charisma>16</Charisma>
      </PermanentStats>
    </NPC>
    <NPC>
      <Vnum>50402</Vnum>
      <name>goblin citizen male</name>
      <description>A male goblin is a small, green-skinned humanoid with pointed ears,
sharp teeth, and a long nose. He may be mischievous or malicious. He
is part of the goblin clan here.</description>
      <longDescription>A male goblin citizen is here.</longDescription>
      <shortDescription>a male goblin citizen</shortDescription>
      <Sex>Male</Sex>
      <level>10</level>
      <HitPointDiceSides>2</HitPointDiceSides>
      <HitPointDiceCount>5</HitPointDiceCount>
      <HitPointDiceBonus>30</HitPointDiceBonus>
      <ManaPointDiceSides>0</ManaPointDiceSides>
      <ManaPointDiceCount>0</ManaPointDiceCount>
      <ManaPointDiceBonus>0</ManaPointDiceBonus>
      <trust>10</trust>
      <hitpoints>20</hitpoints>
      <maxhitpoints>20</maxhitpoints>
      <manapoints>0</manapoints>
      <maxmanapoints>0</maxmanapoints>
      <movementpoints>0</movementpoints>
      <maxmovementpoints>0</maxmovementpoints>
      <ArmorBash>0</ArmorBash>
      <ArmorSlash>0</ArmorSlash>
      <ArmorPierce>0</ArmorPierce>
      <ArmorExotic>0</ArmorExotic>
      <size>Medium</size>
      <race>goblin</race>
      <alignment>Evil</alignment>
      <ethos>0</ethos>
      <hitroll>3</hitroll>
      <damRoll>1</damRoll>
      <armorclass>0</armorclass>
      <silver>0</silver>
      <gold>0</gold>
      <SavingThrow>0</SavingThrow>
      <Guild></Guild>
      <flags></flags>
      <immune></immune>
      <resist></resist>
      <vulnerable></vulnerable>
      <affectedBy>Infrared</affectedBy>
      <WiznetFlags></WiznetFlags>
      <WeaponDamageMessage>punch</WeaponDamageMessage>
      <DamageDiceSides>1</DamageDiceSides>
      <DamageDiceCount>6</DamageDiceCount>
      <DamageDiceBonus>1</DamageDiceBonus>
      <PermanentStats>
        <Strength>16</Strength>
        <Wisdom>16</Wisdom>
        <Intelligence>16</Intelligence>
        <Dexterity>16</Dexterity>
        <Constitution>16</Constitution>
        <Charisma>16</Charisma>
      </PermanentStats>
    </NPC>
    <NPC>
      <Vnum>50404</Vnum>
      <name>troll commander</name>
      <description></description>
      <longDescription>The troll commander stands here, making plans for his goblins and orcs.</longDescription>
      <shortDescription>a troll commander</shortDescription>
      <Sex>None</Sex>
      <level>15</level>
      <HitPointDiceSides>10</HitPointDiceSides>
      <HitPointDiceCount>3</HitPointDiceCount>
      <HitPointDiceBonus>60</HitPointDiceBonus>
      <ManaPointDiceSides>0</ManaPointDiceSides>
      <ManaPointDiceCount>0</ManaPointDiceCount>
      <ManaPointDiceBonus>0</ManaPointDiceBonus>
      <trust>15</trust>
      <hitpoints>20</hitpoints>
      <maxhitpoints>20</maxhitpoints>
      <manapoints>0</manapoints>
      <maxmanapoints>0</maxmanapoints>
      <movementpoints>0</movementpoints>
      <maxmovementpoints>0</maxmovementpoints>
      <ArmorBash>0</ArmorBash>
      <ArmorSlash>0</ArmorSlash>
      <ArmorPierce>0</ArmorPierce>
      <ArmorExotic>0</ArmorExotic>
      <size>Medium</size>
      <race>human</race>
      <alignment>Neutral</alignment>
      <ethos>0</ethos>
      <hitroll>3</hitroll>
      <damRoll>1</damRoll>
      <armorclass>0</armorclass>
      <silver>0</silver>
      <gold>0</gold>
      <SavingThrow>0</SavingThrow>
      <Guild></Guild>
      <flags>Sentinel</flags>
      <immune></immune>
      <resist></resist>
      <vulnerable></vulnerable>
      <affectedBy></affectedBy>
      <WiznetFlags></WiznetFlags>
      <WeaponDamageMessage>punch</WeaponDamageMessage>
      <DamageDiceSides>1</DamageDiceSides>
      <DamageDiceCount>8</DamageDiceCount>
      <DamageDiceBonus>1</DamageDiceBonus>
      <PermanentStats>
        <Strength>16</Strength>
        <Wisdom>16</Wisdom>
        <Intelligence>16</Intelligence>
        <Dexterity>16</Dexterity>
        <Constitution>16</Constitution>
        <Charisma>16</Charisma>
      </PermanentStats>
    </NPC>
    <NPC>
      <Vnum>50403</Vnum>
      <name>orcish guard</name>
      <description></description>
      <longDescription>An orcish guard stands at watch here.</longDescription>
      <shortDescription>an orcish guard</shortDescription>
      <Sex>None</Sex>
      <level>12</level>
      <HitPointDiceSides>10</HitPointDiceSides>
      <HitPointDiceCount>3</HitPointDiceCount>
      <HitPointDiceBonus>50</HitPointDiceBonus>
      <ManaPointDiceSides>0</ManaPointDiceSides>
      <ManaPointDiceCount>0</ManaPointDiceCount>
      <ManaPointDiceBonus>0</ManaPointDiceBonus>
      <trust>12</trust>
      <hitpoints>20</hitpoints>
      <maxhitpoints>20</maxhitpoints>
      <manapoints>0</manapoints>
      <maxmanapoints>0</maxmanapoints>
      <movementpoints>0</movementpoints>
      <maxmovementpoints>0</maxmovementpoints>
      <ArmorBash>0</ArmorBash>
      <ArmorSlash>0</ArmorSlash>
      <ArmorPierce>0</ArmorPierce>
      <ArmorExotic>0</ArmorExotic>
      <size>Medium</size>
      <race>human</race>
      <alignment>Neutral</alignment>
      <ethos>0</ethos>
      <hitroll>3</hitroll>
      <damRoll>3</damRoll>
      <armorclass>0</armorclass>
      <silver>0</silver>
      <gold>0</gold>
      <SavingThrow>0</SavingThrow>
      <Guild></Guild>
      <flags>Sentinel</flags>
      <immune></immune>
      <resist></resist>
      <vulnerable></vulnerable>
      <affectedBy></affectedBy>
      <WiznetFlags></WiznetFlags>
      <WeaponDamageMessage>punch</WeaponDamageMessage>
      <DamageDiceSides>1</DamageDiceSides>
      <DamageDiceCount>8</DamageDiceCount>
      <DamageDiceBonus>0</DamageDiceBonus>
      <PermanentStats>
        <Strength>16</Strength>
        <Wisdom>16</Wisdom>
        <Intelligence>16</Intelligence>
        <Dexterity>16</Dexterity>
        <Constitution>16</Constitution>
        <Charisma>16</Charisma>
      </PermanentStats>
    </NPC>
  </NPCs>
  <Items>
    <Item>
      <VNum>50400</VNum>
      <Name>crude spear</Name>
      <ShortDescription>a crude spear</ShortDescription>
      <LongDescription>A crude spear lays here, abandoned.</LongDescription>
      <Description></Description>
      <Level>0</Level>
      <WeaponDamageType>stab</WeaponDamageType>
      <WeaponType>Spear</WeaponType>
      <DiceSides>5</DiceSides>
      <DiceCount>3</DiceCount>
      <DiceBonus>1</DiceBonus>
      <Weight>2</Weight>
      <WearFlags>Take Wield</WearFlags>
      <ExtraFlags>TwoHands</ExtraFlags>
      <ItemTypes>Weapon</ItemTypes>
      <Affects />
      <Silver>0</Silver>
      <Gold>0</Gold>
      <Cost>250</Cost>
      <Nutrition>0</Nutrition>
      <Liquid></Liquid>
      <MaxWeight>0</MaxWeight>
      <Material>iron</Material>
      <Charges>0</Charges>
      <MaxCharges>0</MaxCharges>
      <MaxDurability>100</MaxDurability>
      <ArmorBash>0</ArmorBash>
      <ArmorSlash>0</ArmorSlash>
      <ArmorPierce>0</ArmorPierce>
      <ArmorExotic>0</ArmorExotic>
      <ExtraDescriptions />
    </Item>
    <Item>
      <VNum>50401</VNum>
      <Name>cruel battleaxe axe</Name>
      <ShortDescription>a cruel battleaxe</ShortDescription>
      <LongDescription>A cruel looking battleaxe lies here.</LongDescription>
      <Description></Description>
      <Level>10</Level>
      <WeaponDamageType>slash</WeaponDamageType>
      <WeaponType>Axe</WeaponType>
      <DiceSides>5</DiceSides>
      <DiceCount>4</DiceCount>
      <DiceBonus>5</DiceBonus>
      <Weight>10</Weight>
      <WearFlags>Take Wield</WearFlags>
      <ExtraFlags>Hum</ExtraFlags>
      <ItemTypes>Weapon</ItemTypes>
      <Affects />
      <Silver>0</Silver>
      <Gold>0</Gold>
      <Cost>1500</Cost>
      <Nutrition>0</Nutrition>
      <Liquid></Liquid>
      <MaxWeight>0</MaxWeight>
      <Material>steel</Material>
      <Charges>0</Charges>
      <MaxCharges>0</MaxCharges>
      <MaxDurability>100</MaxDurability>
      <ArmorBash>0</ArmorBash>
      <ArmorSlash>0</ArmorSlash>
      <ArmorPierce>0</ArmorPierce>
      <ArmorExotic>0</ArmorExotic>
      <ExtraDescriptions />
    </Item>
    <Item>
      <VNum>50402</VNum>
      <Name>wide bronze belt</Name>
      <ShortDescription>a wide bronze belt</ShortDescription>
      <LongDescription>A wide bronze belt is lying here.</LongDescription>
      <Description></Description>
      <Level>10</Level>
      <WeaponDamageType>none</WeaponDamageType>
      <WeaponType>None</WeaponType>
      <DiceSides>1</DiceSides>
      <DiceCount>1</DiceCount>
      <DiceBonus>1</DiceBonus>
      <Weight>8</Weight>
      <WearFlags>Take Waist</WearFlags>
      <ExtraFlags></ExtraFlags>
      <ItemTypes>Armor</ItemTypes>
      <Affects>
        <Affect where="ToObject" level="0" duration="-1" location="Hitpoints" modifier="10" hidden="False" affectType="Spell">
          <ExtraState />
        </Affect>
        <Affect where="ToObject" level="0" duration="-1" location="Str" modifier="1" hidden="False" affectType="Spell">
          <ExtraState />
        </Affect>
        <Affect where="ToObject" level="0" duration="-1" location="Constitution" modifier="2" hidden="False" affectType="Spell">
          <ExtraState />
        </Affect>
      </Affects>
      <Silver>0</Silver>
      <Gold>0</Gold>
      <Cost>1250</Cost>
      <Nutrition>0</Nutrition>
      <Liquid></Liquid>
      <MaxWeight>0</MaxWeight>
      <Material>bronze</Material>
      <Charges>0</Charges>
      <MaxCharges>0</MaxCharges>
      <MaxDurability>100</MaxDurability>
      <ArmorBash>0</ArmorBash>
      <ArmorSlash>0</ArmorSlash>
      <ArmorPierce>0</ArmorPierce>
      <ArmorExotic>0</ArmorExotic>
      <ExtraDescriptions />
    </Item>
  </Items>
  <Resets>
    <Reset Type="NPC" Destination="50400" Count="2" Max="2" Vnum="50400">
      <!--Spawn a goblin guard to Outside the Gate of the Goblin Village-->
    </Reset>
    <Reset Type="Equip" Destination="0" Count="0" Max="0" Vnum="50400">
      <!--Spawn a crude spear to a goblin guard-->
    </Reset>
    <Reset Type="NPC" Destination="50400" Count="2" Max="2" Vnum="50400">
      <!--Spawn a goblin guard to Outside the Gate of the Goblin Village-->
    </Reset>
    <Reset Type="Equip" Destination="0" Count="0" Max="0" Vnum="50400">
      <!--Spawn a crude spear to a goblin guard-->
    </Reset>
    <Reset Type="NPC" Destination="50401" Count="1" Max="1" Vnum="50401">
      <!--Spawn a female goblin citizen to Inside the Goblin Village-->
    </Reset>
    <Reset Type="NPC" Destination="50404" Count="1" Max="1" Vnum="50401">
      <!--Spawn a female goblin citizen to Outside a goblin hut-->
    </Reset>
    <Reset Type="NPC" Destination="50406" Count="1" Max="1" Vnum="50401">
      <!--Spawn a female goblin citizen to Outside a goblin hut-->
    </Reset>
    <Reset Type="NPC" Destination="50410" Count="1" Max="1" Vnum="50401">
      <!--Spawn a female goblin citizen to Outside a goblin hut-->
    </Reset>
    <Reset Type="NPC" Destination="50412" Count="1" Max="1" Vnum="50401">
      <!--Spawn a female goblin citizen to Outside a goblin hut-->
    </Reset>
    <Reset Type="NPC" Destination="50416" Count="1" Max="1" Vnum="50401">
      <!--Spawn a female goblin citizen to Outside a goblin hut-->
    </Reset>
    <Reset Type="NPC" Destination="50418" Count="1" Max="1" Vnum="50401">
      <!--Spawn a female goblin citizen to Outside a goblin hut-->
    </Reset>
    <Reset Type="NPC" Destination="50417" Count="1" Max="1" Vnum="50402">
      <!--Spawn a male goblin citizen to Inside a goblin hut-->
    </Reset>
    <Reset Type="NPC" Destination="50419" Count="1" Max="1" Vnum="50402">
      <!--Spawn a male goblin citizen to Inside a goblin hut-->
    </Reset>
    <Reset Type="NPC" Destination="50413" Count="1" Max="1" Vnum="50402">
      <!--Spawn a male goblin citizen to Inside a goblin hut-->
    </Reset>
    <Reset Type="NPC" Destination="50411" Count="1" Max="1" Vnum="50402">
      <!--Spawn a male goblin citizen to Inside a goblin hut-->
    </Reset>
    <Reset Type="NPC" Destination="50405" Count="1" Max="1" Vnum="50402">
      <!--Spawn a male goblin citizen to Inside a goblin hut-->
    </Reset>
    <Reset Type="NPC" Destination="50407" Count="1" Max="1" Vnum="50402">
      <!--Spawn a male goblin citizen to Inside a goblin hut-->
    </Reset>
    <Reset Type="NPC" Destination="50423" Count="2" Max="10" Vnum="50403">
      <!--Spawn an orcish guard to Inside of a cave in the Goblin Village-->
    </Reset>
    <Reset Type="NPC" Destination="50423" Count="2" Max="10" Vnum="50403">
      <!--Spawn an orcish guard to Inside of a cave in the Goblin Village-->
    </Reset>
    <Reset Type="NPC" Destination="50424" Count="2" Max="10" Vnum="50403">
      <!--Spawn an orcish guard to Inside of a cave in the Goblin Village-->
    </Reset>
    <Reset Type="NPC" Destination="50425" Count="1" Max="10" Vnum="50403">
      <!--Spawn an orcish guard to Inside of a cave in the Goblin Village-->
    </Reset>
    <Reset Type="NPC" Destination="50427" Count="1" Max="10" Vnum="50403">
      <!--Spawn an orcish guard to Outside a prison cell-->
    </Reset>
    <Reset Type="NPC" Destination="50426" Count="1" Max="1" Vnum="50404">
      <!--Spawn a troll commander to The commander's room-->
    </Reset>
    <Reset Type="Equip" Destination="0" Count="0" Max="0" Vnum="50401">
      <!--Spawn a cruel battleaxe to a troll commander-->
    </Reset>
    <Reset Type="Equip" Destination="0" Count="0" Max="0" Vnum="50402">
      <!--Spawn a wide bronze belt to a troll commander-->
    </Reset>
  </Resets>
</Area>