﻿<?xml version="1.0" encoding="utf-8"?>
<Area>
  <AreaData>
    <Name>Machine Dreams</Name>
    <Info></Info>
    <VnumStart>8600</VnumStart>
    <VnumEnd>8699</VnumEnd>
    <MinimumLevel>1</MinimumLevel>
    <MaximumLevel>5</MaximumLevel>
    <Builders></Builders>
    <Security>0</Security>
    <Credits>Furey   Machine Dreams</Credits>
    <Continent>Mainland</Continent>
    <OverRoomVnum>0</OverRoomVnum>
  </AreaData>
  <Rooms>
    <Room>
      <VNum>8600</VNum>
      <Name>The Void</Name>
      <Description>You are suspended in cool electric space above a translucent plain.  You feel
synesthesia invading your nerves and reshuffling your senses.  The sky is the
same obsidian color as the ground and you can't find a horizon.</Description>
      <Sector>Field</Sector>
      <Flags></Flags>
      <Exits>
        <Exit>
          <Direction>North</Direction>
          <Destination>8606</Destination>
          <Display>the door north</Display>
          <Keywords></Keywords>
          <Description>You see machine dreams and taste violet phosphor.</Description>
          <Flags></Flags>
          <Keys>0</Keys>
          <ExitSize>Giant</ExitSize>
        </Exit>
        <Exit>
          <Direction>East</Direction>
          <Destination>8601</Destination>
          <Display>the door east</Display>
          <Keywords></Keywords>
          <Description>You see machine dreams and taste violet phosphor.</Description>
          <Flags></Flags>
          <Keys>0</Keys>
          <ExitSize>Giant</ExitSize>
        </Exit>
        <Exit>
          <Direction>South</Direction>
          <Destination>8603</Destination>
          <Display>the door south</Display>
          <Keywords></Keywords>
          <Description>You see machine dreams and taste violet phosphor.</Description>
          <Flags></Flags>
          <Keys>0</Keys>
          <ExitSize>Giant</ExitSize>
        </Exit>
        <Exit>
          <Direction>West</Direction>
          <Destination>8602</Destination>
          <Display>the door west</Display>
          <Keywords></Keywords>
          <Description>You see machine dreams and taste violet phosphor.</Description>
          <Flags></Flags>
          <Keys>0</Keys>
          <ExitSize>Giant</ExitSize>
        </Exit>
        <Exit>
          <Direction>Up</Direction>
          <Destination>8610</Destination>
          <Display>the door up</Display>
          <Keywords></Keywords>
          <Description>You see machine dreams and taste violet phosphor.</Description>
          <Flags></Flags>
          <Keys>0</Keys>
          <ExitSize>Giant</ExitSize>
        </Exit>
        <Exit>
          <Direction>Down</Direction>
          <Destination>8620</Destination>
          <Display>the door down</Display>
          <Keywords></Keywords>
          <Description>You see machine dreams and taste violet phosphor.</Description>
          <Flags></Flags>
          <Keys>0</Keys>
          <ExitSize>Giant</ExitSize>
        </Exit>
      </Exits>
      <ExtraDescriptions />
    </Room>
    <Room>
      <VNum>8601</VNum>
      <Name>The Void</Name>
      <Description>You are suspended in cool electric space above a translucent plain.  You feel
synesthesia invading your nerves and reshuffling your senses.  The sky is the
same obsidian color as the ground and you can't find a horizon.</Description>
      <Sector>Field</Sector>
      <Flags></Flags>
      <Exits>
        <Exit>
          <Direction>North</Direction>
          <Destination>8607</Destination>
          <Display>the door north</Display>
          <Keywords></Keywords>
          <Description>You see machine dreams and taste violet phosphor.</Description>
          <Flags></Flags>
          <Keys>0</Keys>
          <ExitSize>Giant</ExitSize>
        </Exit>
        <Exit>
          <Direction>East</Direction>
          <Destination>8602</Destination>
          <Display>the door east</Display>
          <Keywords></Keywords>
          <Description>You see machine dreams and taste violet phosphor.</Description>
          <Flags></Flags>
          <Keys>0</Keys>
          <ExitSize>Giant</ExitSize>
        </Exit>
        <Exit>
          <Direction>South</Direction>
          <Destination>8604</Destination>
          <Display>the door south</Display>
          <Keywords></Keywords>
          <Description>You see machine dreams and taste violet phosphor.</Description>
          <Flags></Flags>
          <Keys>0</Keys>
          <ExitSize>Giant</ExitSize>
        </Exit>
        <Exit>
          <Direction>West</Direction>
          <Destination>8600</Destination>
          <Display>the door west</Display>
          <Keywords></Keywords>
          <Description>You see machine dreams and taste violet phosphor.</Description>
          <Flags></Flags>
          <Keys>0</Keys>
          <ExitSize>Giant</ExitSize>
        </Exit>
        <Exit>
          <Direction>Up</Direction>
          <Destination>8611</Destination>
          <Display>the door up</Display>
          <Keywords></Keywords>
          <Description>You see machine dreams and taste violet phosphor.</Description>
          <Flags></Flags>
          <Keys>0</Keys>
          <ExitSize>Giant</ExitSize>
        </Exit>
        <Exit>
          <Direction>Down</Direction>
          <Destination>8621</Destination>
          <Display>the door down</Display>
          <Keywords></Keywords>
          <Description>You see machine dreams and taste violet phosphor.</Description>
          <Flags></Flags>
          <Keys>0</Keys>
          <ExitSize>Giant</ExitSize>
        </Exit>
      </Exits>
      <ExtraDescriptions />
    </Room>
    <Room>
      <VNum>8602</VNum>
      <Name>The Void</Name>
      <Description>You are suspended in cool electric space above a translucent plain.  You feel
synesthesia invading your nerves and reshuffling your senses.  The sky is the
same obsidian color as the ground and you can't find a horizon.</Description>
      <Sector>Field</Sector>
      <Flags></Flags>
      <Exits>
        <Exit>
          <Direction>North</Direction>
          <Destination>8608</Destination>
          <Display>the door north</Display>
          <Keywords></Keywords>
          <Description>You see machine dreams and taste violet phosphor.</Description>
          <Flags></Flags>
          <Keys>0</Keys>
          <ExitSize>Giant</ExitSize>
        </Exit>
        <Exit>
          <Direction>East</Direction>
          <Destination>8600</Destination>
          <Display>the door east</Display>
          <Keywords></Keywords>
          <Description>You see machine dreams and taste violet phosphor.</Description>
          <Flags></Flags>
          <Keys>0</Keys>
          <ExitSize>Giant</ExitSize>
        </Exit>
        <Exit>
          <Direction>South</Direction>
          <Destination>8605</Destination>
          <Display>the door south</Display>
          <Keywords></Keywords>
          <Description>You see machine dreams and taste violet phosphor.</Description>
          <Flags></Flags>
          <Keys>0</Keys>
          <ExitSize>Giant</ExitSize>
        </Exit>
        <Exit>
          <Direction>West</Direction>
          <Destination>8601</Destination>
          <Display>the door west</Display>
          <Keywords></Keywords>
          <Description>You see machine dreams and taste violet phosphor.</Description>
          <Flags></Flags>
          <Keys>0</Keys>
          <ExitSize>Giant</ExitSize>
        </Exit>
        <Exit>
          <Direction>Up</Direction>
          <Destination>8612</Destination>
          <Display>the door up</Display>
          <Keywords></Keywords>
          <Description>You see machine dreams and taste violet phosphor.</Description>
          <Flags></Flags>
          <Keys>0</Keys>
          <ExitSize>Giant</ExitSize>
        </Exit>
        <Exit>
          <Direction>Down</Direction>
          <Destination>8622</Destination>
          <Display>the door down</Display>
          <Keywords></Keywords>
          <Description>You see machine dreams and taste violet phosphor.</Description>
          <Flags></Flags>
          <Keys>0</Keys>
          <ExitSize>Giant</ExitSize>
        </Exit>
      </Exits>
      <ExtraDescriptions />
    </Room>
    <Room>
      <VNum>8603</VNum>
      <Name>The Void</Name>
      <Description>You are suspended in cool electric space above a translucent plain.  You feel
synesthesia invading your nerves and reshuffling your senses.  The sky is the
same obsidian color as the ground and you can't find a horizon.</Description>
      <Sector>Field</Sector>
      <Flags></Flags>
      <Exits>
        <Exit>
          <Direction>North</Direction>
          <Destination>8600</Destination>
          <Display>the door north</Display>
          <Keywords></Keywords>
          <Description>You see machine dreams and taste violet phosphor.</Description>
          <Flags></Flags>
          <Keys>0</Keys>
          <ExitSize>Giant</ExitSize>
        </Exit>
        <Exit>
          <Direction>East</Direction>
          <Destination>8604</Destination>
          <Display>the door east</Display>
          <Keywords></Keywords>
          <Description>You see machine dreams and taste violet phosphor.</Description>
          <Flags></Flags>
          <Keys>0</Keys>
          <ExitSize>Giant</ExitSize>
        </Exit>
        <Exit>
          <Direction>South</Direction>
          <Destination>8606</Destination>
          <Display>the door south</Display>
          <Keywords></Keywords>
          <Description>You see machine dreams and taste violet phosphor.</Description>
          <Flags></Flags>
          <Keys>0</Keys>
          <ExitSize>Giant</ExitSize>
        </Exit>
        <Exit>
          <Direction>West</Direction>
          <Destination>8605</Destination>
          <Display>the door west</Display>
          <Keywords></Keywords>
          <Description>You see machine dreams and taste violet phosphor.</Description>
          <Flags></Flags>
          <Keys>0</Keys>
          <ExitSize>Giant</ExitSize>
        </Exit>
        <Exit>
          <Direction>Up</Direction>
          <Destination>8613</Destination>
          <Display>the door up</Display>
          <Keywords></Keywords>
          <Description>You see machine dreams and taste violet phosphor.</Description>
          <Flags></Flags>
          <Keys>0</Keys>
          <ExitSize>Giant</ExitSize>
        </Exit>
        <Exit>
          <Direction>Down</Direction>
          <Destination>8623</Destination>
          <Display>the door down</Display>
          <Keywords></Keywords>
          <Description>You see machine dreams and taste violet phosphor.</Description>
          <Flags></Flags>
          <Keys>0</Keys>
          <ExitSize>Giant</ExitSize>
        </Exit>
      </Exits>
      <ExtraDescriptions />
    </Room>
    <Room>
      <VNum>8604</VNum>
      <Name>The Void</Name>
      <Description>You are suspended in cool electric space above a translucent plain.  You feel
synesthesia invading your nerves and reshuffling your senses.  The sky is the
same obsidian color as the ground and you can't find a horizon.</Description>
      <Sector>Field</Sector>
      <Flags></Flags>
      <Exits>
        <Exit>
          <Direction>North</Direction>
          <Destination>8601</Destination>
          <Display>the door north</Display>
          <Keywords></Keywords>
          <Description>You see machine dreams and taste violet phosphor.</Description>
          <Flags></Flags>
          <Keys>0</Keys>
          <ExitSize>Giant</ExitSize>
        </Exit>
        <Exit>
          <Direction>East</Direction>
          <Destination>8605</Destination>
          <Display>the door east</Display>
          <Keywords></Keywords>
          <Description>You see machine dreams and taste violet phosphor.</Description>
          <Flags></Flags>
          <Keys>0</Keys>
          <ExitSize>Giant</ExitSize>
        </Exit>
        <Exit>
          <Direction>South</Direction>
          <Destination>8607</Destination>
          <Display>the door south</Display>
          <Keywords></Keywords>
          <Description>You see machine dreams and taste violet phosphor.</Description>
          <Flags></Flags>
          <Keys>0</Keys>
          <ExitSize>Giant</ExitSize>
        </Exit>
        <Exit>
          <Direction>West</Direction>
          <Destination>8603</Destination>
          <Display>the door west</Display>
          <Keywords></Keywords>
          <Description>You see machine dreams and taste violet phosphor.</Description>
          <Flags></Flags>
          <Keys>0</Keys>
          <ExitSize>Giant</ExitSize>
        </Exit>
        <Exit>
          <Direction>Up</Direction>
          <Destination>8614</Destination>
          <Display>the door up</Display>
          <Keywords></Keywords>
          <Description>You see machine dreams and taste violet phosphor.</Description>
          <Flags></Flags>
          <Keys>0</Keys>
          <ExitSize>Giant</ExitSize>
        </Exit>
        <Exit>
          <Direction>Down</Direction>
          <Destination>3050</Destination>
          <Display>the door down</Display>
          <Keywords></Keywords>
          <Description>You see an abandoned warehouse.</Description>
          <Flags></Flags>
          <Keys>0</Keys>
          <ExitSize>Giant</ExitSize>
        </Exit>
      </Exits>
      <ExtraDescriptions />
    </Room>
    <Room>
      <VNum>8605</VNum>
      <Name>The Void</Name>
      <Description>You are suspended in cool electric space above a translucent plain.  You feel
synesthesia invading your nerves and reshuffling your senses.  The sky is the
same obsidian color as the ground and you can't find a horizon.</Description>
      <Sector>Field</Sector>
      <Flags></Flags>
      <Exits>
        <Exit>
          <Direction>North</Direction>
          <Destination>8602</Destination>
          <Display>the door north</Display>
          <Keywords></Keywords>
          <Description>You see machine dreams and taste violet phosphor.</Description>
          <Flags></Flags>
          <Keys>0</Keys>
          <ExitSize>Giant</ExitSize>
        </Exit>
        <Exit>
          <Direction>East</Direction>
          <Destination>8603</Destination>
          <Display>the door east</Display>
          <Keywords></Keywords>
          <Description>You see machine dreams and taste violet phosphor.</Description>
          <Flags></Flags>
          <Keys>0</Keys>
          <ExitSize>Giant</ExitSize>
        </Exit>
        <Exit>
          <Direction>South</Direction>
          <Destination>8608</Destination>
          <Display>the door south</Display>
          <Keywords></Keywords>
          <Description>You see machine dreams and taste violet phosphor.</Description>
          <Flags></Flags>
          <Keys>0</Keys>
          <ExitSize>Giant</ExitSize>
        </Exit>
        <Exit>
          <Direction>West</Direction>
          <Destination>8604</Destination>
          <Display>the door west</Display>
          <Keywords></Keywords>
          <Description>You see machine dreams and taste violet phosphor.</Description>
          <Flags></Flags>
          <Keys>0</Keys>
          <ExitSize>Giant</ExitSize>
        </Exit>
        <Exit>
          <Direction>Up</Direction>
          <Destination>8615</Destination>
          <Display>the door up</Display>
          <Keywords></Keywords>
          <Description>You see machine dreams and taste violet phosphor.</Description>
          <Flags></Flags>
          <Keys>0</Keys>
          <ExitSize>Giant</ExitSize>
        </Exit>
        <Exit>
          <Direction>Down</Direction>
          <Destination>8625</Destination>
          <Display>the door down</Display>
          <Keywords></Keywords>
          <Description>You see machine dreams and taste violet phosphor.</Description>
          <Flags></Flags>
          <Keys>0</Keys>
          <ExitSize>Giant</ExitSize>
        </Exit>
      </Exits>
      <ExtraDescriptions />
    </Room>
    <Room>
      <VNum>8606</VNum>
      <Name>The Void</Name>
      <Description>You are suspended in cool electric space above a translucent plain.  You feel
synesthesia invading your nerves and reshuffling your senses.  The sky is the
same obsidian color as the ground and you can't find a horizon.</Description>
      <Sector>Field</Sector>
      <Flags></Flags>
      <Exits>
        <Exit>
          <Direction>North</Direction>
          <Destination>8603</Destination>
          <Display>the door north</Display>
          <Keywords></Keywords>
          <Description>You see machine dreams and taste violet phosphor.</Description>
          <Flags></Flags>
          <Keys>0</Keys>
          <ExitSize>Giant</ExitSize>
        </Exit>
        <Exit>
          <Direction>East</Direction>
          <Destination>8607</Destination>
          <Display>the door east</Display>
          <Keywords></Keywords>
          <Description>You see machine dreams and taste violet phosphor.</Description>
          <Flags></Flags>
          <Keys>0</Keys>
          <ExitSize>Giant</ExitSize>
        </Exit>
        <Exit>
          <Direction>South</Direction>
          <Destination>8600</Destination>
          <Display>the door south</Display>
          <Keywords></Keywords>
          <Description>You see machine dreams and taste violet phosphor.</Description>
          <Flags></Flags>
          <Keys>0</Keys>
          <ExitSize>Giant</ExitSize>
        </Exit>
        <Exit>
          <Direction>West</Direction>
          <Destination>8608</Destination>
          <Display>the door west</Display>
          <Keywords></Keywords>
          <Description>You see machine dreams and taste violet phosphor.</Description>
          <Flags></Flags>
          <Keys>0</Keys>
          <ExitSize>Giant</ExitSize>
        </Exit>
        <Exit>
          <Direction>Up</Direction>
          <Destination>8616</Destination>
          <Display>the door up</Display>
          <Keywords></Keywords>
          <Description>You see machine dreams and taste violet phosphor.</Description>
          <Flags></Flags>
          <Keys>0</Keys>
          <ExitSize>Giant</ExitSize>
        </Exit>
        <Exit>
          <Direction>Down</Direction>
          <Destination>8626</Destination>
          <Display>the door down</Display>
          <Keywords></Keywords>
          <Description>You see machine dreams and taste violet phosphor.</Description>
          <Flags></Flags>
          <Keys>0</Keys>
          <ExitSize>Giant</ExitSize>
        </Exit>
      </Exits>
      <ExtraDescriptions />
    </Room>
    <Room>
      <VNum>8607</VNum>
      <Name>The Void</Name>
      <Description>You are suspended in cool electric space above a translucent plain.  You feel
synesthesia invading your nerves and reshuffling your senses.  The sky is the
same obsidian color as the ground and you can't find a horizon.</Description>
      <Sector>Field</Sector>
      <Flags></Flags>
      <Exits>
        <Exit>
          <Direction>North</Direction>
          <Destination>8604</Destination>
          <Display>the door north</Display>
          <Keywords></Keywords>
          <Description>You see machine dreams and taste violet phosphor.</Description>
          <Flags></Flags>
          <Keys>0</Keys>
          <ExitSize>Giant</ExitSize>
        </Exit>
        <Exit>
          <Direction>East</Direction>
          <Destination>8608</Destination>
          <Display>the door east</Display>
          <Keywords></Keywords>
          <Description>You see machine dreams and taste violet phosphor.</Description>
          <Flags></Flags>
          <Keys>0</Keys>
          <ExitSize>Giant</ExitSize>
        </Exit>
        <Exit>
          <Direction>South</Direction>
          <Destination>8601</Destination>
          <Display>the door south</Display>
          <Keywords></Keywords>
          <Description>You see machine dreams and taste violet phosphor.</Description>
          <Flags></Flags>
          <Keys>0</Keys>
          <ExitSize>Giant</ExitSize>
        </Exit>
        <Exit>
          <Direction>West</Direction>
          <Destination>8606</Destination>
          <Display>the door west</Display>
          <Keywords></Keywords>
          <Description>You see machine dreams and taste violet phosphor.</Description>
          <Flags></Flags>
          <Keys>0</Keys>
          <ExitSize>Giant</ExitSize>
        </Exit>
        <Exit>
          <Direction>Up</Direction>
          <Destination>8617</Destination>
          <Display>the door up</Display>
          <Keywords></Keywords>
          <Description>You see machine dreams and taste violet phosphor.</Description>
          <Flags></Flags>
          <Keys>0</Keys>
          <ExitSize>Giant</ExitSize>
        </Exit>
        <Exit>
          <Direction>Down</Direction>
          <Destination>8627</Destination>
          <Display>the door down</Display>
          <Keywords></Keywords>
          <Description>You see machine dreams and taste violet phosphor.</Description>
          <Flags></Flags>
          <Keys>0</Keys>
          <ExitSize>Giant</ExitSize>
        </Exit>
      </Exits>
      <ExtraDescriptions />
    </Room>
    <Room>
      <VNum>8608</VNum>
      <Name>The Void</Name>
      <Description>You are suspended in cool electric space above a translucent plain.  You feel
synesthesia invading your nerves and reshuffling your senses.  The sky is the
same obsidian color as the ground and you can't find a horizon.</Description>
      <Sector>Field</Sector>
      <Flags></Flags>
      <Exits>
        <Exit>
          <Direction>North</Direction>
          <Destination>8605</Destination>
          <Display>the door north</Display>
          <Keywords></Keywords>
          <Description>You see machine dreams and taste violet phosphor.</Description>
          <Flags></Flags>
          <Keys>0</Keys>
          <ExitSize>Giant</ExitSize>
        </Exit>
        <Exit>
          <Direction>East</Direction>
          <Destination>8606</Destination>
          <Display>the door east</Display>
          <Keywords></Keywords>
          <Description>You see machine dreams and taste violet phosphor.</Description>
          <Flags></Flags>
          <Keys>0</Keys>
          <ExitSize>Giant</ExitSize>
        </Exit>
        <Exit>
          <Direction>South</Direction>
          <Destination>8602</Destination>
          <Display>the door south</Display>
          <Keywords></Keywords>
          <Description>You see machine dreams and taste violet phosphor.</Description>
          <Flags></Flags>
          <Keys>0</Keys>
          <ExitSize>Giant</ExitSize>
        </Exit>
        <Exit>
          <Direction>West</Direction>
          <Destination>8607</Destination>
          <Display>the door west</Display>
          <Keywords></Keywords>
          <Description>You see machine dreams and taste violet phosphor.</Description>
          <Flags></Flags>
          <Keys>0</Keys>
          <ExitSize>Giant</ExitSize>
        </Exit>
        <Exit>
          <Direction>Up</Direction>
          <Destination>8618</Destination>
          <Display>the door up</Display>
          <Keywords></Keywords>
          <Description>You see machine dreams and taste violet phosphor.</Description>
          <Flags></Flags>
          <Keys>0</Keys>
          <ExitSize>Giant</ExitSize>
        </Exit>
        <Exit>
          <Direction>Down</Direction>
          <Destination>8628</Destination>
          <Display>the door down</Display>
          <Keywords></Keywords>
          <Description>You see machine dreams and taste violet phosphor.</Description>
          <Flags></Flags>
          <Keys>0</Keys>
          <ExitSize>Giant</ExitSize>
        </Exit>
      </Exits>
      <ExtraDescriptions />
    </Room>
    <Room>
      <VNum>8610</VNum>
      <Name>The Void</Name>
      <Description>You are suspended in cool electric space above a translucent plain.  You feel
synesthesia invading your nerves and reshuffling your senses.  The sky is the
same obsidian color as the ground and you can't find a horizon.</Description>
      <Sector>Field</Sector>
      <Flags></Flags>
      <Exits>
        <Exit>
          <Direction>North</Direction>
          <Destination>8616</Destination>
          <Display>the door north</Display>
          <Keywords></Keywords>
          <Description>You see machine dreams and taste violet phosphor.</Description>
          <Flags></Flags>
          <Keys>0</Keys>
          <ExitSize>Giant</ExitSize>
        </Exit>
        <Exit>
          <Direction>East</Direction>
          <Destination>8611</Destination>
          <Display>the door east</Display>
          <Keywords></Keywords>
          <Description>You see machine dreams and taste violet phosphor.</Description>
          <Flags></Flags>
          <Keys>0</Keys>
          <ExitSize>Giant</ExitSize>
        </Exit>
        <Exit>
          <Direction>South</Direction>
          <Destination>8613</Destination>
          <Display>the door south</Display>
          <Keywords></Keywords>
          <Description>You see machine dreams and taste violet phosphor.</Description>
          <Flags></Flags>
          <Keys>0</Keys>
          <ExitSize>Giant</ExitSize>
        </Exit>
        <Exit>
          <Direction>West</Direction>
          <Destination>8612</Destination>
          <Display>the door west</Display>
          <Keywords></Keywords>
          <Description>You see machine dreams and taste violet phosphor.</Description>
          <Flags></Flags>
          <Keys>0</Keys>
          <ExitSize>Giant</ExitSize>
        </Exit>
        <Exit>
          <Direction>Up</Direction>
          <Destination>8620</Destination>
          <Display>the door up</Display>
          <Keywords></Keywords>
          <Description>You see machine dreams and taste violet phosphor.</Description>
          <Flags></Flags>
          <Keys>0</Keys>
          <ExitSize>Giant</ExitSize>
        </Exit>
        <Exit>
          <Direction>Down</Direction>
          <Destination>8600</Destination>
          <Display>the door down</Display>
          <Keywords></Keywords>
          <Description>You see machine dreams and taste violet phosphor.</Description>
          <Flags></Flags>
          <Keys>0</Keys>
          <ExitSize>Giant</ExitSize>
        </Exit>
      </Exits>
      <ExtraDescriptions />
    </Room>
    <Room>
      <VNum>8611</VNum>
      <Name>The Void</Name>
      <Description>You are suspended in cool electric space above a translucent plain.  You feel
synesthesia invading your nerves and reshuffling your senses.  The sky is the
same obsidian color as the ground and you can't find a horizon.</Description>
      <Sector>Field</Sector>
      <Flags></Flags>
      <Exits>
        <Exit>
          <Direction>North</Direction>
          <Destination>8630</Destination>
          <Display>the door north</Display>
          <Keywords></Keywords>
          <Description>You see the Road to Newfane.</Description>
          <Flags></Flags>
          <Keys>0</Keys>
          <ExitSize>Giant</ExitSize>
        </Exit>
        <Exit>
          <Direction>East</Direction>
          <Destination>8612</Destination>
          <Display>the door east</Display>
          <Keywords></Keywords>
          <Description>You see machine dreams and taste violet phosphor.</Description>
          <Flags></Flags>
          <Keys>0</Keys>
          <ExitSize>Giant</ExitSize>
        </Exit>
        <Exit>
          <Direction>South</Direction>
          <Destination>8614</Destination>
          <Display>the door south</Display>
          <Keywords></Keywords>
          <Description>You see machine dreams and taste violet phosphor.</Description>
          <Flags></Flags>
          <Keys>0</Keys>
          <ExitSize>Giant</ExitSize>
        </Exit>
        <Exit>
          <Direction>West</Direction>
          <Destination>8610</Destination>
          <Display>the door west</Display>
          <Keywords></Keywords>
          <Description>You see machine dreams and taste violet phosphor.</Description>
          <Flags></Flags>
          <Keys>0</Keys>
          <ExitSize>Giant</ExitSize>
        </Exit>
        <Exit>
          <Direction>Up</Direction>
          <Destination>8621</Destination>
          <Display>the door up</Display>
          <Keywords></Keywords>
          <Description>You see machine dreams and taste violet phosphor.</Description>
          <Flags></Flags>
          <Keys>0</Keys>
          <ExitSize>Giant</ExitSize>
        </Exit>
        <Exit>
          <Direction>Down</Direction>
          <Destination>8601</Destination>
          <Display>the door down</Display>
          <Keywords></Keywords>
          <Description>You see machine dreams and taste violet phosphor.</Description>
          <Flags></Flags>
          <Keys>0</Keys>
          <ExitSize>Giant</ExitSize>
        </Exit>
      </Exits>
      <ExtraDescriptions />
    </Room>
    <Room>
      <VNum>8612</VNum>
      <Name>The Void</Name>
      <Description>You are suspended in cool electric space above a translucent plain.  You feel
synesthesia invading your nerves and reshuffling your senses.  The sky is the
same obsidian color as the ground and you can't find a horizon.</Description>
      <Sector>Field</Sector>
      <Flags></Flags>
      <Exits>
        <Exit>
          <Direction>North</Direction>
          <Destination>8618</Destination>
          <Display>the door north</Display>
          <Keywords></Keywords>
          <Description>You see machine dreams and taste violet phosphor.</Description>
          <Flags></Flags>
          <Keys>0</Keys>
          <ExitSize>Giant</ExitSize>
        </Exit>
        <Exit>
          <Direction>East</Direction>
          <Destination>8610</Destination>
          <Display>the door east</Display>
          <Keywords></Keywords>
          <Description>You see machine dreams and taste violet phosphor.</Description>
          <Flags></Flags>
          <Keys>0</Keys>
          <ExitSize>Giant</ExitSize>
        </Exit>
        <Exit>
          <Direction>South</Direction>
          <Destination>8615</Destination>
          <Display>the door south</Display>
          <Keywords></Keywords>
          <Description>You see machine dreams and taste violet phosphor.</Description>
          <Flags></Flags>
          <Keys>0</Keys>
          <ExitSize>Giant</ExitSize>
        </Exit>
        <Exit>
          <Direction>West</Direction>
          <Destination>8611</Destination>
          <Display>the door west</Display>
          <Keywords></Keywords>
          <Description>You see machine dreams and taste violet phosphor.</Description>
          <Flags></Flags>
          <Keys>0</Keys>
          <ExitSize>Giant</ExitSize>
        </Exit>
        <Exit>
          <Direction>Up</Direction>
          <Destination>8622</Destination>
          <Display>the door up</Display>
          <Keywords></Keywords>
          <Description>You see machine dreams and taste violet phosphor.</Description>
          <Flags></Flags>
          <Keys>0</Keys>
          <ExitSize>Giant</ExitSize>
        </Exit>
        <Exit>
          <Direction>Down</Direction>
          <Destination>8602</Destination>
          <Display>the door down</Display>
          <Keywords></Keywords>
          <Description>You see machine dreams and taste violet phosphor.</Description>
          <Flags></Flags>
          <Keys>0</Keys>
          <ExitSize>Giant</ExitSize>
        </Exit>
      </Exits>
      <ExtraDescriptions />
    </Room>
    <Room>
      <VNum>8613</VNum>
      <Name>The Void</Name>
      <Description>You are suspended in cool electric space above a translucent plain.  You feel
synesthesia invading your nerves and reshuffling your senses.  The sky is the
same obsidian color as the ground and you can't find a horizon.</Description>
      <Sector>Field</Sector>
      <Flags></Flags>
      <Exits>
        <Exit>
          <Direction>North</Direction>
          <Destination>8610</Destination>
          <Display>the door north</Display>
          <Keywords></Keywords>
          <Description>You see machine dreams and taste violet phosphor.</Description>
          <Flags></Flags>
          <Keys>0</Keys>
          <ExitSize>Giant</ExitSize>
        </Exit>
        <Exit>
          <Direction>East</Direction>
          <Destination>8614</Destination>
          <Display>the door east</Display>
          <Keywords></Keywords>
          <Description>You see machine dreams and taste violet phosphor.</Description>
          <Flags></Flags>
          <Keys>0</Keys>
          <ExitSize>Giant</ExitSize>
        </Exit>
        <Exit>
          <Direction>South</Direction>
          <Destination>8616</Destination>
          <Display>the door south</Display>
          <Keywords></Keywords>
          <Description>You see machine dreams and taste violet phosphor.</Description>
          <Flags></Flags>
          <Keys>0</Keys>
          <ExitSize>Giant</ExitSize>
        </Exit>
        <Exit>
          <Direction>West</Direction>
          <Destination>8636</Destination>
          <Display>the door west</Display>
          <Keywords></Keywords>
          <Description>You see a road by a pond.</Description>
          <Flags></Flags>
          <Keys>0</Keys>
          <ExitSize>Giant</ExitSize>
        </Exit>
        <Exit>
          <Direction>Up</Direction>
          <Destination>8623</Destination>
          <Display>the door up</Display>
          <Keywords></Keywords>
          <Description>You see machine dreams and taste violet phosphor.</Description>
          <Flags></Flags>
          <Keys>0</Keys>
          <ExitSize>Giant</ExitSize>
        </Exit>
        <Exit>
          <Direction>Down</Direction>
          <Destination>8603</Destination>
          <Display>the door down</Display>
          <Keywords></Keywords>
          <Description>You see machine dreams and taste violet phosphor.</Description>
          <Flags></Flags>
          <Keys>0</Keys>
          <ExitSize>Giant</ExitSize>
        </Exit>
      </Exits>
      <ExtraDescriptions />
    </Room>
    <Room>
      <VNum>8614</VNum>
      <Name>The Void</Name>
      <Description>You are suspended in cool electric space above a translucent plain.  You feel
synesthesia invading your nerves and reshuffling your senses.  The sky is the
same obsidian color as the ground and you can't find a horizon.</Description>
      <Sector>Field</Sector>
      <Flags></Flags>
      <Exits>
        <Exit>
          <Direction>North</Direction>
          <Destination>8611</Destination>
          <Display>the door north</Display>
          <Keywords></Keywords>
          <Description>You see machine dreams and taste violet phosphor.</Description>
          <Flags></Flags>
          <Keys>0</Keys>
          <ExitSize>Giant</ExitSize>
        </Exit>
        <Exit>
          <Direction>East</Direction>
          <Destination>8615</Destination>
          <Display>the door east</Display>
          <Keywords></Keywords>
          <Description>You see machine dreams and taste violet phosphor.</Description>
          <Flags></Flags>
          <Keys>0</Keys>
          <ExitSize>Giant</ExitSize>
        </Exit>
        <Exit>
          <Direction>South</Direction>
          <Destination>8617</Destination>
          <Display>the door south</Display>
          <Keywords></Keywords>
          <Description>You see machine dreams and taste violet phosphor.</Description>
          <Flags></Flags>
          <Keys>0</Keys>
          <ExitSize>Giant</ExitSize>
        </Exit>
        <Exit>
          <Direction>West</Direction>
          <Destination>8613</Destination>
          <Display>the door west</Display>
          <Keywords></Keywords>
          <Description>You see machine dreams and taste violet phosphor.</Description>
          <Flags></Flags>
          <Keys>0</Keys>
          <ExitSize>Giant</ExitSize>
        </Exit>
        <Exit>
          <Direction>Up</Direction>
          <Destination>8624</Destination>
          <Display>the door up</Display>
          <Keywords></Keywords>
          <Description>You see machine dreams and taste violet phosphor.</Description>
          <Flags></Flags>
          <Keys>0</Keys>
          <ExitSize>Giant</ExitSize>
        </Exit>
        <Exit>
          <Direction>Down</Direction>
          <Destination>8604</Destination>
          <Display>the door down</Display>
          <Keywords></Keywords>
          <Description>You see machine dreams and taste violet phosphor.</Description>
          <Flags></Flags>
          <Keys>0</Keys>
          <ExitSize>Giant</ExitSize>
        </Exit>
      </Exits>
      <ExtraDescriptions />
    </Room>
    <Room>
      <VNum>8615</VNum>
      <Name>The Void</Name>
      <Description>You are suspended in cool electric space above a translucent plain.  You feel
synesthesia invading your nerves and reshuffling your senses.  The sky is the
same obsidian color as the ground and you can't find a horizon.</Description>
      <Sector>Field</Sector>
      <Flags></Flags>
      <Exits>
        <Exit>
          <Direction>North</Direction>
          <Destination>8612</Destination>
          <Display>the door north</Display>
          <Keywords></Keywords>
          <Description>You see machine dreams and taste violet phosphor.</Description>
          <Flags></Flags>
          <Keys>0</Keys>
          <ExitSize>Giant</ExitSize>
        </Exit>
        <Exit>
          <Direction>East</Direction>
          <Destination>8632</Destination>
          <Display>the door east</Display>
          <Keywords></Keywords>
          <Description>You see a large dance hall.</Description>
          <Flags></Flags>
          <Keys>0</Keys>
          <ExitSize>Giant</ExitSize>
        </Exit>
        <Exit>
          <Direction>South</Direction>
          <Destination>8618</Destination>
          <Display>the door south</Display>
          <Keywords></Keywords>
          <Description>You see machine dreams and taste violet phosphor.</Description>
          <Flags></Flags>
          <Keys>0</Keys>
          <ExitSize>Giant</ExitSize>
        </Exit>
        <Exit>
          <Direction>West</Direction>
          <Destination>8614</Destination>
          <Display>the door west</Display>
          <Keywords></Keywords>
          <Description>You see machine dreams and taste violet phosphor.</Description>
          <Flags></Flags>
          <Keys>0</Keys>
          <ExitSize>Giant</ExitSize>
        </Exit>
        <Exit>
          <Direction>Up</Direction>
          <Destination>8625</Destination>
          <Display>the door up</Display>
          <Keywords></Keywords>
          <Description>You see machine dreams and taste violet phosphor.</Description>
          <Flags></Flags>
          <Keys>0</Keys>
          <ExitSize>Giant</ExitSize>
        </Exit>
        <Exit>
          <Direction>Down</Direction>
          <Destination>8605</Destination>
          <Display>the door down</Display>
          <Keywords></Keywords>
          <Description>You see machine dreams and taste violet phosphor.</Description>
          <Flags></Flags>
          <Keys>0</Keys>
          <ExitSize>Giant</ExitSize>
        </Exit>
      </Exits>
      <ExtraDescriptions />
    </Room>
    <Room>
      <VNum>8616</VNum>
      <Name>The Void</Name>
      <Description>You are suspended in cool electric space above a translucent plain.  You feel
synesthesia invading your nerves and reshuffling your senses.  The sky is the
same obsidian color as the ground and you can't find a horizon.</Description>
      <Sector>Field</Sector>
      <Flags></Flags>
      <Exits>
        <Exit>
          <Direction>North</Direction>
          <Destination>8613</Destination>
          <Display>the door north</Display>
          <Keywords></Keywords>
          <Description>You see machine dreams and taste violet phosphor.</Description>
          <Flags></Flags>
          <Keys>0</Keys>
          <ExitSize>Giant</ExitSize>
        </Exit>
        <Exit>
          <Direction>East</Direction>
          <Destination>8617</Destination>
          <Display>the door east</Display>
          <Keywords></Keywords>
          <Description>You see machine dreams and taste violet phosphor.</Description>
          <Flags></Flags>
          <Keys>0</Keys>
          <ExitSize>Giant</ExitSize>
        </Exit>
        <Exit>
          <Direction>South</Direction>
          <Destination>8610</Destination>
          <Display>the door south</Display>
          <Keywords></Keywords>
          <Description>You see machine dreams and taste violet phosphor.</Description>
          <Flags></Flags>
          <Keys>0</Keys>
          <ExitSize>Giant</ExitSize>
        </Exit>
        <Exit>
          <Direction>West</Direction>
          <Destination>8618</Destination>
          <Display>the door west</Display>
          <Keywords></Keywords>
          <Description>You see machine dreams and taste violet phosphor.</Description>
          <Flags></Flags>
          <Keys>0</Keys>
          <ExitSize>Giant</ExitSize>
        </Exit>
        <Exit>
          <Direction>Up</Direction>
          <Destination>8626</Destination>
          <Display>the door up</Display>
          <Keywords></Keywords>
          <Description>You see machine dreams and taste violet phosphor.</Description>
          <Flags></Flags>
          <Keys>0</Keys>
          <ExitSize>Giant</ExitSize>
        </Exit>
        <Exit>
          <Direction>Down</Direction>
          <Destination>8606</Destination>
          <Display>the door down</Display>
          <Keywords></Keywords>
          <Description>You see machine dreams and taste violet phosphor.</Description>
          <Flags></Flags>
          <Keys>0</Keys>
          <ExitSize>Giant</ExitSize>
        </Exit>
      </Exits>
      <ExtraDescriptions />
    </Room>
    <Room>
      <VNum>8617</VNum>
      <Name>The Void</Name>
      <Description>You are suspended in cool electric space above a translucent plain.  You feel
synesthesia invading your nerves and reshuffling your senses.  The sky is the
same obsidian color as the ground and you can't find a horizon.</Description>
      <Sector>Field</Sector>
      <Flags></Flags>
      <Exits>
        <Exit>
          <Direction>North</Direction>
          <Destination>8614</Destination>
          <Display>the door north</Display>
          <Keywords></Keywords>
          <Description>You see machine dreams and taste violet phosphor.</Description>
          <Flags></Flags>
          <Keys>0</Keys>
          <ExitSize>Giant</ExitSize>
        </Exit>
        <Exit>
          <Direction>East</Direction>
          <Destination>8618</Destination>
          <Display>the door east</Display>
          <Keywords></Keywords>
          <Description>You see machine dreams and taste violet phosphor.</Description>
          <Flags></Flags>
          <Keys>0</Keys>
          <ExitSize>Giant</ExitSize>
        </Exit>
        <Exit>
          <Direction>South</Direction>
          <Destination>8634</Destination>
          <Display>the door south</Display>
          <Keywords></Keywords>
          <Description>You see a small hall.</Description>
          <Flags></Flags>
          <Keys>0</Keys>
          <ExitSize>Giant</ExitSize>
        </Exit>
        <Exit>
          <Direction>West</Direction>
          <Destination>8616</Destination>
          <Display>the door west</Display>
          <Keywords></Keywords>
          <Description>You see machine dreams and taste violet phosphor.</Description>
          <Flags></Flags>
          <Keys>0</Keys>
          <ExitSize>Giant</ExitSize>
        </Exit>
        <Exit>
          <Direction>Up</Direction>
          <Destination>8627</Destination>
          <Display>the door up</Display>
          <Keywords></Keywords>
          <Description>You see machine dreams and taste violet phosphor.</Description>
          <Flags></Flags>
          <Keys>0</Keys>
          <ExitSize>Giant</ExitSize>
        </Exit>
        <Exit>
          <Direction>Down</Direction>
          <Destination>8607</Destination>
          <Display>the door down</Display>
          <Keywords></Keywords>
          <Description>You see machine dreams and taste violet phosphor.</Description>
          <Flags></Flags>
          <Keys>0</Keys>
          <ExitSize>Giant</ExitSize>
        </Exit>
      </Exits>
      <ExtraDescriptions />
    </Room>
    <Room>
      <VNum>8618</VNum>
      <Name>The Void</Name>
      <Description>You are suspended in cool electric space above a translucent plain.  You feel
synesthesia invading your nerves and reshuffling your senses.  The sky is the
same obsidian color as the ground and you can't find a horizon.</Description>
      <Sector>Field</Sector>
      <Flags></Flags>
      <Exits>
        <Exit>
          <Direction>North</Direction>
          <Destination>8615</Destination>
          <Display>the door north</Display>
          <Keywords></Keywords>
          <Description>You see machine dreams and taste violet phosphor.</Description>
          <Flags></Flags>
          <Keys>0</Keys>
          <ExitSize>Giant</ExitSize>
        </Exit>
        <Exit>
          <Direction>East</Direction>
          <Destination>8616</Destination>
          <Display>the door east</Display>
          <Keywords></Keywords>
          <Description>You see machine dreams and taste violet phosphor.</Description>
          <Flags></Flags>
          <Keys>0</Keys>
          <ExitSize>Giant</ExitSize>
        </Exit>
        <Exit>
          <Direction>South</Direction>
          <Destination>8612</Destination>
          <Display>the door south</Display>
          <Keywords></Keywords>
          <Description>You see machine dreams and taste violet phosphor.</Description>
          <Flags></Flags>
          <Keys>0</Keys>
          <ExitSize>Giant</ExitSize>
        </Exit>
        <Exit>
          <Direction>West</Direction>
          <Destination>8617</Destination>
          <Display>the door west</Display>
          <Keywords></Keywords>
          <Description>You see machine dreams and taste violet phosphor.</Description>
          <Flags></Flags>
          <Keys>0</Keys>
          <ExitSize>Giant</ExitSize>
        </Exit>
        <Exit>
          <Direction>Up</Direction>
          <Destination>8628</Destination>
          <Display>the door up</Display>
          <Keywords></Keywords>
          <Description>You see machine dreams and taste violet phosphor.</Description>
          <Flags></Flags>
          <Keys>0</Keys>
          <ExitSize>Giant</ExitSize>
        </Exit>
        <Exit>
          <Direction>Down</Direction>
          <Destination>8608</Destination>
          <Display>the door down</Display>
          <Keywords></Keywords>
          <Description>You see machine dreams and taste violet phosphor.</Description>
          <Flags></Flags>
          <Keys>0</Keys>
          <ExitSize>Giant</ExitSize>
        </Exit>
      </Exits>
      <ExtraDescriptions />
    </Room>
    <Room>
      <VNum>8620</VNum>
      <Name>The Void</Name>
      <Description>You are suspended in cool electric space above a translucent plain.  You feel
synesthesia invading your nerves and reshuffling your senses.  The sky is the
same obsidian color as the ground and you can't find a horizon.</Description>
      <Sector>Field</Sector>
      <Flags></Flags>
      <Exits>
        <Exit>
          <Direction>North</Direction>
          <Destination>8626</Destination>
          <Display>the door north</Display>
          <Keywords></Keywords>
          <Description>You see machine dreams and taste violet phosphor.</Description>
          <Flags></Flags>
          <Keys>0</Keys>
          <ExitSize>Giant</ExitSize>
        </Exit>
        <Exit>
          <Direction>East</Direction>
          <Destination>8621</Destination>
          <Display>the door east</Display>
          <Keywords></Keywords>
          <Description>You see machine dreams and taste violet phosphor.</Description>
          <Flags></Flags>
          <Keys>0</Keys>
          <ExitSize>Giant</ExitSize>
        </Exit>
        <Exit>
          <Direction>South</Direction>
          <Destination>8623</Destination>
          <Display>the door south</Display>
          <Keywords></Keywords>
          <Description>You see machine dreams and taste violet phosphor.</Description>
          <Flags></Flags>
          <Keys>0</Keys>
          <ExitSize>Giant</ExitSize>
        </Exit>
        <Exit>
          <Direction>West</Direction>
          <Destination>8622</Destination>
          <Display>the door west</Display>
          <Keywords></Keywords>
          <Description>You see machine dreams and taste violet phosphor.</Description>
          <Flags></Flags>
          <Keys>0</Keys>
          <ExitSize>Giant</ExitSize>
        </Exit>
        <Exit>
          <Direction>Up</Direction>
          <Destination>8600</Destination>
          <Display>the door up</Display>
          <Keywords></Keywords>
          <Description>You see machine dreams and taste violet phosphor.</Description>
          <Flags></Flags>
          <Keys>0</Keys>
          <ExitSize>Giant</ExitSize>
        </Exit>
        <Exit>
          <Direction>Down</Direction>
          <Destination>8610</Destination>
          <Display>the door down</Display>
          <Keywords></Keywords>
          <Description>You see machine dreams and taste violet phosphor.</Description>
          <Flags></Flags>
          <Keys>0</Keys>
          <ExitSize>Giant</ExitSize>
        </Exit>
      </Exits>
      <ExtraDescriptions />
    </Room>
    <Room>
      <VNum>8621</VNum>
      <Name>The Void</Name>
      <Description>You are suspended in cool electric space above a translucent plain.  You feel
synesthesia invading your nerves and reshuffling your senses.  The sky is the
same obsidian color as the ground and you can't find a horizon.</Description>
      <Sector>Field</Sector>
      <Flags></Flags>
      <Exits>
        <Exit>
          <Direction>North</Direction>
          <Destination>8627</Destination>
          <Display>the door north</Display>
          <Keywords></Keywords>
          <Description>You see machine dreams and taste violet phosphor.</Description>
          <Flags></Flags>
          <Keys>0</Keys>
          <ExitSize>Giant</ExitSize>
        </Exit>
        <Exit>
          <Direction>East</Direction>
          <Destination>8622</Destination>
          <Display>the door east</Display>
          <Keywords></Keywords>
          <Description>You see machine dreams and taste violet phosphor.</Description>
          <Flags></Flags>
          <Keys>0</Keys>
          <ExitSize>Giant</ExitSize>
        </Exit>
        <Exit>
          <Direction>South</Direction>
          <Destination>8624</Destination>
          <Display>the door south</Display>
          <Keywords></Keywords>
          <Description>You see machine dreams and taste violet phosphor.</Description>
          <Flags></Flags>
          <Keys>0</Keys>
          <ExitSize>Giant</ExitSize>
        </Exit>
        <Exit>
          <Direction>West</Direction>
          <Destination>8620</Destination>
          <Display>the door west</Display>
          <Keywords></Keywords>
          <Description>You see machine dreams and taste violet phosphor.</Description>
          <Flags></Flags>
          <Keys>0</Keys>
          <ExitSize>Giant</ExitSize>
        </Exit>
        <Exit>
          <Direction>Up</Direction>
          <Destination>8601</Destination>
          <Display>the door up</Display>
          <Keywords></Keywords>
          <Description>You see machine dreams and taste violet phosphor.</Description>
          <Flags></Flags>
          <Keys>0</Keys>
          <ExitSize>Giant</ExitSize>
        </Exit>
        <Exit>
          <Direction>Down</Direction>
          <Destination>8611</Destination>
          <Display>the door down</Display>
          <Keywords></Keywords>
          <Description>You see machine dreams and taste violet phosphor.</Description>
          <Flags></Flags>
          <Keys>0</Keys>
          <ExitSize>Giant</ExitSize>
        </Exit>
      </Exits>
      <ExtraDescriptions />
    </Room>
    <Room>
      <VNum>8622</VNum>
      <Name>The Void</Name>
      <Description>You are suspended in cool electric space above a translucent plain.  You feel
synesthesia invading your nerves and reshuffling your senses.  The sky is the
same obsidian color as the ground and you can't find a horizon.</Description>
      <Sector>Field</Sector>
      <Flags></Flags>
      <Exits>
        <Exit>
          <Direction>North</Direction>
          <Destination>8628</Destination>
          <Display>the door north</Display>
          <Keywords></Keywords>
          <Description>You see machine dreams and taste violet phosphor.</Description>
          <Flags></Flags>
          <Keys>0</Keys>
          <ExitSize>Giant</ExitSize>
        </Exit>
        <Exit>
          <Direction>East</Direction>
          <Destination>8620</Destination>
          <Display>the door east</Display>
          <Keywords></Keywords>
          <Description>You see machine dreams and taste violet phosphor.</Description>
          <Flags></Flags>
          <Keys>0</Keys>
          <ExitSize>Giant</ExitSize>
        </Exit>
        <Exit>
          <Direction>South</Direction>
          <Destination>8625</Destination>
          <Display>the door south</Display>
          <Keywords></Keywords>
          <Description>You see machine dreams and taste violet phosphor.</Description>
          <Flags></Flags>
          <Keys>0</Keys>
          <ExitSize>Giant</ExitSize>
        </Exit>
        <Exit>
          <Direction>West</Direction>
          <Destination>8621</Destination>
          <Display>the door west</Display>
          <Keywords></Keywords>
          <Description>You see machine dreams and taste violet phosphor.</Description>
          <Flags></Flags>
          <Keys>0</Keys>
          <ExitSize>Giant</ExitSize>
        </Exit>
        <Exit>
          <Direction>Up</Direction>
          <Destination>8602</Destination>
          <Display>the door up</Display>
          <Keywords></Keywords>
          <Description>You see machine dreams and taste violet phosphor.</Description>
          <Flags></Flags>
          <Keys>0</Keys>
          <ExitSize>Giant</ExitSize>
        </Exit>
        <Exit>
          <Direction>Down</Direction>
          <Destination>8612</Destination>
          <Display>the door down</Display>
          <Keywords></Keywords>
          <Description>You see machine dreams and taste violet phosphor.</Description>
          <Flags></Flags>
          <Keys>0</Keys>
          <ExitSize>Giant</ExitSize>
        </Exit>
      </Exits>
      <ExtraDescriptions />
    </Room>
    <Room>
      <VNum>8623</VNum>
      <Name>The Void</Name>
      <Description>You are suspended in cool electric space above a translucent plain.  You feel
synesthesia invading your nerves and reshuffling your senses.  The sky is the
same obsidian color as the ground and you can't find a horizon.</Description>
      <Sector>Field</Sector>
      <Flags></Flags>
      <Exits>
        <Exit>
          <Direction>North</Direction>
          <Destination>8620</Destination>
          <Display>the door north</Display>
          <Keywords></Keywords>
          <Description>You see machine dreams and taste violet phosphor.</Description>
          <Flags></Flags>
          <Keys>0</Keys>
          <ExitSize>Giant</ExitSize>
        </Exit>
        <Exit>
          <Direction>East</Direction>
          <Destination>8624</Destination>
          <Display>the door east</Display>
          <Keywords></Keywords>
          <Description>You see machine dreams and taste violet phosphor.</Description>
          <Flags></Flags>
          <Keys>0</Keys>
          <ExitSize>Giant</ExitSize>
        </Exit>
        <Exit>
          <Direction>South</Direction>
          <Destination>8626</Destination>
          <Display>the door south</Display>
          <Keywords></Keywords>
          <Description>You see machine dreams and taste violet phosphor.</Description>
          <Flags></Flags>
          <Keys>0</Keys>
          <ExitSize>Giant</ExitSize>
        </Exit>
        <Exit>
          <Direction>West</Direction>
          <Destination>8625</Destination>
          <Display>the door west</Display>
          <Keywords></Keywords>
          <Description>You see machine dreams and taste violet phosphor.</Description>
          <Flags></Flags>
          <Keys>0</Keys>
          <ExitSize>Giant</ExitSize>
        </Exit>
        <Exit>
          <Direction>Up</Direction>
          <Destination>8603</Destination>
          <Display>the door up</Display>
          <Keywords></Keywords>
          <Description>You see machine dreams and taste violet phosphor.</Description>
          <Flags></Flags>
          <Keys>0</Keys>
          <ExitSize>Giant</ExitSize>
        </Exit>
        <Exit>
          <Direction>Down</Direction>
          <Destination>8613</Destination>
          <Display>the door down</Display>
          <Keywords></Keywords>
          <Description>You see machine dreams and taste violet phosphor.</Description>
          <Flags></Flags>
          <Keys>0</Keys>
          <ExitSize>Giant</ExitSize>
        </Exit>
      </Exits>
      <ExtraDescriptions />
    </Room>
    <Room>
      <VNum>8624</VNum>
      <Name>The Void</Name>
      <Description>You are suspended in cool electric space above a translucent plain.  You feel
synesthesia invading your nerves and reshuffling your senses.  The sky is the
same obsidian color as the ground and you can't find a horizon.</Description>
      <Sector>Field</Sector>
      <Flags></Flags>
      <Exits>
        <Exit>
          <Direction>North</Direction>
          <Destination>8621</Destination>
          <Display>the door north</Display>
          <Keywords></Keywords>
          <Description>You see machine dreams and taste violet phosphor.</Description>
          <Flags></Flags>
          <Keys>0</Keys>
          <ExitSize>Giant</ExitSize>
        </Exit>
        <Exit>
          <Direction>East</Direction>
          <Destination>8625</Destination>
          <Display>the door east</Display>
          <Keywords></Keywords>
          <Description>You see machine dreams and taste violet phosphor.</Description>
          <Flags></Flags>
          <Keys>0</Keys>
          <ExitSize>Giant</ExitSize>
        </Exit>
        <Exit>
          <Direction>South</Direction>
          <Destination>8627</Destination>
          <Display>the door south</Display>
          <Keywords></Keywords>
          <Description>You see machine dreams and taste violet phosphor.</Description>
          <Flags></Flags>
          <Keys>0</Keys>
          <ExitSize>Giant</ExitSize>
        </Exit>
        <Exit>
          <Direction>West</Direction>
          <Destination>8623</Destination>
          <Display>the door west</Display>
          <Keywords></Keywords>
          <Description>You see machine dreams and taste violet phosphor.</Description>
          <Flags></Flags>
          <Keys>0</Keys>
          <ExitSize>Giant</ExitSize>
        </Exit>
        <Exit>
          <Direction>Up</Direction>
          <Destination>8638</Destination>
          <Display>the door up</Display>
          <Keywords></Keywords>
          <Description>You see a mountain ridge against the sky.</Description>
          <Flags></Flags>
          <Keys>0</Keys>
          <ExitSize>Giant</ExitSize>
        </Exit>
        <Exit>
          <Direction>Down</Direction>
          <Destination>8614</Destination>
          <Display>the door down</Display>
          <Keywords></Keywords>
          <Description>You see machine dreams and taste violet phosphor.</Description>
          <Flags></Flags>
          <Keys>0</Keys>
          <ExitSize>Giant</ExitSize>
        </Exit>
      </Exits>
      <ExtraDescriptions />
    </Room>
    <Room>
      <VNum>8625</VNum>
      <Name>The Void</Name>
      <Description>You are suspended in cool electric space above a translucent plain.  You feel
synesthesia invading your nerves and reshuffling your senses.  The sky is the
same obsidian color as the ground and you can't find a horizon.</Description>
      <Sector>Field</Sector>
      <Flags></Flags>
      <Exits>
        <Exit>
          <Direction>North</Direction>
          <Destination>8622</Destination>
          <Display>the door north</Display>
          <Keywords></Keywords>
          <Description>You see machine dreams and taste violet phosphor.</Description>
          <Flags></Flags>
          <Keys>0</Keys>
          <ExitSize>Giant</ExitSize>
        </Exit>
        <Exit>
          <Direction>East</Direction>
          <Destination>8623</Destination>
          <Display>the door east</Display>
          <Keywords></Keywords>
          <Description>You see machine dreams and taste violet phosphor.</Description>
          <Flags></Flags>
          <Keys>0</Keys>
          <ExitSize>Giant</ExitSize>
        </Exit>
        <Exit>
          <Direction>South</Direction>
          <Destination>8628</Destination>
          <Display>the door south</Display>
          <Keywords></Keywords>
          <Description>You see machine dreams and taste violet phosphor.</Description>
          <Flags></Flags>
          <Keys>0</Keys>
          <ExitSize>Giant</ExitSize>
        </Exit>
        <Exit>
          <Direction>West</Direction>
          <Destination>8624</Destination>
          <Display>the door west</Display>
          <Keywords></Keywords>
          <Description>You see machine dreams and taste violet phosphor.</Description>
          <Flags></Flags>
          <Keys>0</Keys>
          <ExitSize>Giant</ExitSize>
        </Exit>
        <Exit>
          <Direction>Up</Direction>
          <Destination>8605</Destination>
          <Display>the door up</Display>
          <Keywords></Keywords>
          <Description>You see machine dreams and taste violet phosphor.</Description>
          <Flags></Flags>
          <Keys>0</Keys>
          <ExitSize>Giant</ExitSize>
        </Exit>
        <Exit>
          <Direction>Down</Direction>
          <Destination>8615</Destination>
          <Display>the door down</Display>
          <Keywords></Keywords>
          <Description>You see machine dreams and taste violet phosphor.</Description>
          <Flags></Flags>
          <Keys>0</Keys>
          <ExitSize>Giant</ExitSize>
        </Exit>
      </Exits>
      <ExtraDescriptions />
    </Room>
    <Room>
      <VNum>8626</VNum>
      <Name>The Void</Name>
      <Description>You are suspended in cool electric space above a translucent plain.  You feel
synesthesia invading your nerves and reshuffling your senses.  The sky is the
same obsidian color as the ground and you can't find a horizon.</Description>
      <Sector>Field</Sector>
      <Flags></Flags>
      <Exits>
        <Exit>
          <Direction>North</Direction>
          <Destination>8623</Destination>
          <Display>the door north</Display>
          <Keywords></Keywords>
          <Description>You see machine dreams and taste violet phosphor.</Description>
          <Flags></Flags>
          <Keys>0</Keys>
          <ExitSize>Giant</ExitSize>
        </Exit>
        <Exit>
          <Direction>East</Direction>
          <Destination>8627</Destination>
          <Display>the door east</Display>
          <Keywords></Keywords>
          <Description>You see machine dreams and taste violet phosphor.</Description>
          <Flags></Flags>
          <Keys>0</Keys>
          <ExitSize>Giant</ExitSize>
        </Exit>
        <Exit>
          <Direction>South</Direction>
          <Destination>8620</Destination>
          <Display>the door south</Display>
          <Keywords></Keywords>
          <Description>You see machine dreams and taste violet phosphor.</Description>
          <Flags></Flags>
          <Keys>0</Keys>
          <ExitSize>Giant</ExitSize>
        </Exit>
        <Exit>
          <Direction>West</Direction>
          <Destination>8628</Destination>
          <Display>the door west</Display>
          <Keywords></Keywords>
          <Description>You see machine dreams and taste violet phosphor.</Description>
          <Flags></Flags>
          <Keys>0</Keys>
          <ExitSize>Giant</ExitSize>
        </Exit>
        <Exit>
          <Direction>Up</Direction>
          <Destination>8606</Destination>
          <Display>the door up</Display>
          <Keywords></Keywords>
          <Description>You see machine dreams and taste violet phosphor.</Description>
          <Flags></Flags>
          <Keys>0</Keys>
          <ExitSize>Giant</ExitSize>
        </Exit>
        <Exit>
          <Direction>Down</Direction>
          <Destination>8616</Destination>
          <Display>the door down</Display>
          <Keywords></Keywords>
          <Description>You see machine dreams and taste violet phosphor.</Description>
          <Flags></Flags>
          <Keys>0</Keys>
          <ExitSize>Giant</ExitSize>
        </Exit>
      </Exits>
      <ExtraDescriptions />
    </Room>
    <Room>
      <VNum>8627</VNum>
      <Name>The Void</Name>
      <Description>You are suspended in cool electric space above a translucent plain.  You feel
synesthesia invading your nerves and reshuffling your senses.  The sky is the
same obsidian color as the ground and you can't find a horizon.</Description>
      <Sector>Field</Sector>
      <Flags></Flags>
      <Exits>
        <Exit>
          <Direction>North</Direction>
          <Destination>8624</Destination>
          <Display>the door north</Display>
          <Keywords></Keywords>
          <Description>You see machine dreams and taste violet phosphor.</Description>
          <Flags></Flags>
          <Keys>0</Keys>
          <ExitSize>Giant</ExitSize>
        </Exit>
        <Exit>
          <Direction>East</Direction>
          <Destination>8628</Destination>
          <Display>the door east</Display>
          <Keywords></Keywords>
          <Description>You see machine dreams and taste violet phosphor.</Description>
          <Flags></Flags>
          <Keys>0</Keys>
          <ExitSize>Giant</ExitSize>
        </Exit>
        <Exit>
          <Direction>South</Direction>
          <Destination>8621</Destination>
          <Display>the door south</Display>
          <Keywords></Keywords>
          <Description>You see machine dreams and taste violet phosphor.</Description>
          <Flags></Flags>
          <Keys>0</Keys>
          <ExitSize>Giant</ExitSize>
        </Exit>
        <Exit>
          <Direction>West</Direction>
          <Destination>8626</Destination>
          <Display>the door west</Display>
          <Keywords></Keywords>
          <Description>You see machine dreams and taste violet phosphor.</Description>
          <Flags></Flags>
          <Keys>0</Keys>
          <ExitSize>Giant</ExitSize>
        </Exit>
        <Exit>
          <Direction>Up</Direction>
          <Destination>8607</Destination>
          <Display>the door up</Display>
          <Keywords></Keywords>
          <Description>You see machine dreams and taste violet phosphor.</Description>
          <Flags></Flags>
          <Keys>0</Keys>
          <ExitSize>Giant</ExitSize>
        </Exit>
        <Exit>
          <Direction>Down</Direction>
          <Destination>8617</Destination>
          <Display>the door down</Display>
          <Keywords></Keywords>
          <Description>You see machine dreams and taste violet phosphor.</Description>
          <Flags></Flags>
          <Keys>0</Keys>
          <ExitSize>Giant</ExitSize>
        </Exit>
      </Exits>
      <ExtraDescriptions />
    </Room>
    <Room>
      <VNum>8628</VNum>
      <Name>The Void</Name>
      <Description>You are suspended in cool electric space above a translucent plain.  You feel
synesthesia invading your nerves and reshuffling your senses.  The sky is the
same obsidian color as the ground and you can't find a horizon.</Description>
      <Sector>Field</Sector>
      <Flags></Flags>
      <Exits>
        <Exit>
          <Direction>North</Direction>
          <Destination>8625</Destination>
          <Display>the door north</Display>
          <Keywords></Keywords>
          <Description>You see machine dreams and taste violet phosphor.</Description>
          <Flags></Flags>
          <Keys>0</Keys>
          <ExitSize>Giant</ExitSize>
        </Exit>
        <Exit>
          <Direction>East</Direction>
          <Destination>8626</Destination>
          <Display>the door east</Display>
          <Keywords></Keywords>
          <Description>You see machine dreams and taste violet phosphor.</Description>
          <Flags></Flags>
          <Keys>0</Keys>
          <ExitSize>Giant</ExitSize>
        </Exit>
        <Exit>
          <Direction>South</Direction>
          <Destination>8622</Destination>
          <Display>the door south</Display>
          <Keywords></Keywords>
          <Description>You see machine dreams and taste violet phosphor.</Description>
          <Flags></Flags>
          <Keys>0</Keys>
          <ExitSize>Giant</ExitSize>
        </Exit>
        <Exit>
          <Direction>West</Direction>
          <Destination>8627</Destination>
          <Display>the door west</Display>
          <Keywords></Keywords>
          <Description>You see machine dreams and taste violet phosphor.</Description>
          <Flags></Flags>
          <Keys>0</Keys>
          <ExitSize>Giant</ExitSize>
        </Exit>
        <Exit>
          <Direction>Up</Direction>
          <Destination>8608</Destination>
          <Display>the door up</Display>
          <Keywords></Keywords>
          <Description>You see machine dreams and taste violet phosphor.</Description>
          <Flags></Flags>
          <Keys>0</Keys>
          <ExitSize>Giant</ExitSize>
        </Exit>
        <Exit>
          <Direction>Down</Direction>
          <Destination>8618</Destination>
          <Display>the door down</Display>
          <Keywords></Keywords>
          <Description>You see machine dreams and taste violet phosphor.</Description>
          <Flags></Flags>
          <Keys>0</Keys>
          <ExitSize>Giant</ExitSize>
        </Exit>
      </Exits>
      <ExtraDescriptions />
    </Room>
    <Room>
      <VNum>8630</VNum>
      <Name>Road to Newfane</Name>
      <Description>You are on a gently curving north-south road.  On your east side a youthful
river sparkles blue and rushes in the sunlight.  On the west, green leaves and
green ferns burst against the rich brown earth.  You feel the heat of your
healthy muscles as you travel swiftly down the well-paved road.
You may recall now if you like.</Description>
      <Sector>Field</Sector>
      <Flags></Flags>
      <Exits>
        <Exit>
          <Direction>North</Direction>
          <Destination>8631</Destination>
          <Display>the door north</Display>
          <Keywords></Keywords>
          <Description>You see a village square.</Description>
          <Flags></Flags>
          <Keys>0</Keys>
          <ExitSize>Giant</ExitSize>
        </Exit>
        <Exit>
          <Direction>South</Direction>
          <Destination>8611</Destination>
          <Display>the door south</Display>
          <Keywords></Keywords>
          <Description>You see machine dreams and taste violet phosphor.</Description>
          <Flags></Flags>
          <Keys>0</Keys>
          <ExitSize>Giant</ExitSize>
        </Exit>
      </Exits>
      <ExtraDescriptions />
    </Room>
    <Room>
      <VNum>8631</VNum>
      <Name>Newfane Village Square</Name>
      <Description>You are on the lawn of the village square of Newfane, resting against an oak
after your vigorous journey.  The late spring breeze feels warm and sensuous
on your body.  An Ale is in progress: you spy more than a dozen fiddlers and
hundreds of Morris Dancers dressed in white cotton and wearing colorful hats
and bells.</Description>
      <Sector>Field</Sector>
      <Flags></Flags>
      <Exits>
        <Exit>
          <Direction>South</Direction>
          <Destination>8630</Destination>
          <Display>the door south</Display>
          <Keywords></Keywords>
          <Description>You see the Road to Newfane.</Description>
          <Flags></Flags>
          <Keys>0</Keys>
          <ExitSize>Giant</ExitSize>
        </Exit>
      </Exits>
      <ExtraDescriptions />
    </Room>
    <Room>
      <VNum>8632</VNum>
      <Name>A Large Dance Hall</Name>
      <Description>You are inside a large dance hall with a very polished, very slippery wooden
floor.  You see three long lines of dancers, alternating men and women, in
some sort of progressive country dance.  Two fiddlers, a flautist, and a
harpsichord player provide the music.  You hear scattered screams of joy
from the dancers.  You may recall now if you like.</Description>
      <Sector>Field</Sector>
      <Flags></Flags>
      <Exits>
        <Exit>
          <Direction>West</Direction>
          <Destination>8615</Destination>
          <Display>the door west</Display>
          <Keywords></Keywords>
          <Description>You see machine dreams and taste violet phosphor.</Description>
          <Flags></Flags>
          <Keys>0</Keys>
          <ExitSize>Giant</ExitSize>
        </Exit>
      </Exits>
      <ExtraDescriptions>
        <ExtraDescription>
          <Keyword>dancer dancers</Keyword>
          <Description>The dancers have been here all night and intend to dance until dawn.</Description>
        </ExtraDescription>
      </ExtraDescriptions>
    </Room>
    <Room>
      <VNum>8634</VNum>
      <Name>A Small Hall</Name>
      <Description>You are inside a small hall with a rough wooden floor.  You see dozens of
people in the hall chasing one poor man who is yelling at the top of
his lungs.  Wait a minute.  These people are all holding hands and smiling!
The man in front is leading them in a spiral!  They're DANCING!  And you
thought people didn't dance like this any more!  You may recall now if you
like.</Description>
      <Sector>Field</Sector>
      <Flags></Flags>
      <Exits>
        <Exit>
          <Direction>North</Direction>
          <Destination>8617</Destination>
          <Display>the door north</Display>
          <Keywords></Keywords>
          <Description>You see machine dreams and taste violet phosphor.</Description>
          <Flags></Flags>
          <Keys>0</Keys>
          <ExitSize>Giant</ExitSize>
        </Exit>
      </Exits>
      <ExtraDescriptions />
    </Room>
    <Room>
      <VNum>8636</VNum>
      <Name>Road by a Pond</Name>
      <Description>You are passing by a large pond, almost a small lake.  You notice a small
wooden shack by the side of the road.  You may recall now if you like.</Description>
      <Sector>Field</Sector>
      <Flags></Flags>
      <Exits>
        <Exit>
          <Direction>East</Direction>
          <Destination>8613</Destination>
          <Display>the door east</Display>
          <Keywords></Keywords>
          <Description>You see machine dreams and taste violet phosphor.</Description>
          <Flags></Flags>
          <Keys>0</Keys>
          <ExitSize>Giant</ExitSize>
        </Exit>
        <Exit>
          <Direction>West</Direction>
          <Destination>8637</Destination>
          <Display>the door west</Display>
          <Keywords></Keywords>
          <Description>You see a wooden church set back among the trees.</Description>
          <Flags></Flags>
          <Keys>0</Keys>
          <ExitSize>Giant</ExitSize>
        </Exit>
      </Exits>
      <ExtraDescriptions>
        <ExtraDescription>
          <Keyword>shack</Keyword>
          <Description>The shack looks hand-made by an amateur.</Description>
        </ExtraDescription>
      </ExtraDescriptions>
    </Room>
    <Room>
      <VNum>8637</VNum>
      <Name>An Old Wooden Church</Name>
      <Description>As you enter the hall, you see the largest crowd of people you've ever seen in
your life.  They're also the noisiest crowd you've ever heard, and as they
press around you, the SWEATIEST crowd you've ever felt!  At the front of the
hall, a group of musicians are playing 'Chorus Jig'.</Description>
      <Sector>Field</Sector>
      <Flags></Flags>
      <Exits>
        <Exit>
          <Direction>East</Direction>
          <Destination>8636</Destination>
          <Display>the door east</Display>
          <Keywords></Keywords>
          <Description>You see a road by a pond.</Description>
          <Flags></Flags>
          <Keys>0</Keys>
          <ExitSize>Giant</ExitSize>
        </Exit>
      </Exits>
      <ExtraDescriptions />
    </Room>
    <Room>
      <VNum>8638</VNum>
      <Name>Mountain Road</Name>
      <Description>You are following a road at the top of a mountain ridge with sky all around
you.  Distant valleys are spread out below you on both sides.  There are
many horsemen and horsewomen on this road, riding hell-for-leather out of
sheer exhilaration.  You wish you had a horse!  You may recall now if you
like.</Description>
      <Sector>Field</Sector>
      <Flags></Flags>
      <Exits>
        <Exit>
          <Direction>Up</Direction>
          <Destination>8639</Destination>
          <Display>the door up</Display>
          <Keywords></Keywords>
          <Description>You see several acres of thickly planted, very young Yule Trees.</Description>
          <Flags></Flags>
          <Keys>0</Keys>
          <ExitSize>Giant</ExitSize>
        </Exit>
        <Exit>
          <Direction>Down</Direction>
          <Destination>8624</Destination>
          <Display>the door down</Display>
          <Keywords></Keywords>
          <Description>You see machine dreams and taste violet phosphor.</Description>
          <Flags></Flags>
          <Keys>0</Keys>
          <ExitSize>Giant</ExitSize>
        </Exit>
      </Exits>
      <ExtraDescriptions />
    </Room>
    <Room>
      <VNum>8639</VNum>
      <Name>Yule Tree Farm</Name>
      <Description>This is the Yule Tree Farm at the top of Mountain Road.  All around you,
young Yule Trees saturate your senses with dark green needles and pine
essence.</Description>
      <Sector>Field</Sector>
      <Flags></Flags>
      <Exits>
        <Exit>
          <Direction>Down</Direction>
          <Destination>8638</Destination>
          <Display>the door down</Display>
          <Keywords></Keywords>
          <Description>You see a mountain ridge against the sky.</Description>
          <Flags></Flags>
          <Keys>0</Keys>
          <ExitSize>Giant</ExitSize>
        </Exit>
      </Exits>
      <ExtraDescriptions />
    </Room>
    <Room>
      <VNum>8699</VNum>
      <Name>The Void</Name>
      <Description>You are suspended in cool electric space above a translucent plain.  You feel
synesthesia invading your nerves and reshuffling your senses.  The sky is the
same obsidian color as the ground and you can't find a horizon.</Description>
      <Sector>Field</Sector>
      <Flags>NoMob</Flags>
      <Exits />
      <ExtraDescriptions />
    </Room>
  </Rooms>
  <NPCs>
    <NPC>
      <Vnum>8600</Vnum>
      <name>oldstyle keeper</name>
      <description>Her job is to set the level for this equipment.</description>
      <longDescription>The keeper of the Morris equipment is here.</longDescription>
      <shortDescription>the keeper</shortDescription>
      <Sex>Female</Sex>
      <level>8</level>
      <HitPointDiceSides>2</HitPointDiceSides>
      <HitPointDiceCount>7</HitPointDiceCount>
      <HitPointDiceBonus>96</HitPointDiceBonus>
      <ManaPointDiceSides>4</ManaPointDiceSides>
      <ManaPointDiceCount>9</ManaPointDiceCount>
      <ManaPointDiceBonus>100</ManaPointDiceBonus>
      <trust>8</trust>
      <hitpoints>160</hitpoints>
      <maxhitpoints>160</maxhitpoints>
      <manapoints>0</manapoints>
      <maxmanapoints>0</maxmanapoints>
      <movementpoints>0</movementpoints>
      <maxmovementpoints>0</maxmovementpoints>
      <ArmorBash>30</ArmorBash>
      <ArmorSlash>30</ArmorSlash>
      <ArmorPierce>30</ArmorPierce>
      <ArmorExotic>90</ArmorExotic>
      <size>Medium</size>
      <race>human</race>
      <alignment>Good</alignment>
      <ethos>0</ethos>
      <hitroll>0</hitroll>
      <damRoll>8</damRoll>
      <armorclass>0</armorclass>
      <silver>0</silver>
      <gold>5</gold>
      <SavingThrow>0</SavingThrow>
      <Guild></Guild>
      <flags>NPC AssistVnum</flags>
      <immune></immune>
      <resist></resist>
      <vulnerable></vulnerable>
      <affectedBy>DetectIllusion</affectedBy>
      <WiznetFlags></WiznetFlags>
      <WeaponDamageMessage>punch</WeaponDamageMessage>
      <DamageDiceSides>1</DamageDiceSides>
      <DamageDiceCount>7</DamageDiceCount>
      <DamageDiceBonus>2</DamageDiceBonus>
      <PermanentStats>
        <Strength>16</Strength>
        <Wisdom>16</Wisdom>
        <Intelligence>16</Intelligence>
        <Dexterity>16</Dexterity>
        <Constitution>16</Constitution>
        <Charisma>16</Charisma>
      </PermanentStats>
    </NPC>
  </NPCs>
  <Items>
    <Item>
      <VNum>8600</VNum>
      <Name>bells morris leggings</Name>
      <ShortDescription>morris bells</ShortDescription>
      <LongDescription>A set of leggings with a dozen brass bells sewn on has been left here.</LongDescription>
      <Description></Description>
      <Level>3</Level>
      <WeaponDamageType>none</WeaponDamageType>
      <WeaponType>None</WeaponType>
      <DiceSides>1</DiceSides>
      <DiceCount>1</DiceCount>
      <DiceBonus>1</DiceBonus>
      <Weight>5</Weight>
      <WearFlags>Take Legs</WearFlags>
      <ExtraFlags></ExtraFlags>
      <ItemTypes>Armor</ItemTypes>
      <Affects />
      <Silver>0</Silver>
      <Gold>0</Gold>
      <Cost>310</Cost>
      <Nutrition>0</Nutrition>
      <Liquid></Liquid>
      <MaxWeight>0</MaxWeight>
      <Material>oldstyle</Material>
      <Charges>0</Charges>
      <MaxCharges>0</MaxCharges>
      <MaxDurability>100</MaxDurability>
      <ArmorBash>3</ArmorBash>
      <ArmorSlash>3</ArmorSlash>
      <ArmorPierce>3</ArmorPierce>
      <ArmorExotic>0</ArmorExotic>
      <ExtraDescriptions>
        <ExtraDescription>
          <Keyword>bells morris</Keyword>
          <Description>These are a set of sturdy leather leggings with small brass bells sewn on.
They look like the leggings worn by Morris dancers.  There is a motto tooled
into the leather.</Description>
        </ExtraDescription>
        <ExtraDescription>
          <Keyword>motto</Keyword>
          <Description>'Time on the ground is time wasted.'</Description>
        </ExtraDescription>
      </ExtraDescriptions>
    </Item>
    <Item>
      <VNum>8601</VNum>
      <Name>handkerchief hankie kerchief morris</Name>
      <ShortDescription>a morris handkerchief</ShortDescription>
      <LongDescription>A white handkerchief is here.</LongDescription>
      <Description></Description>
      <Level>3</Level>
      <WeaponDamageType>none</WeaponDamageType>
      <WeaponType>None</WeaponType>
      <DiceSides>1</DiceSides>
      <DiceCount>1</DiceCount>
      <DiceBonus>1</DiceBonus>
      <Weight>5</Weight>
      <WearFlags>Take Wrist</WearFlags>
      <ExtraFlags></ExtraFlags>
      <ItemTypes>Armor</ItemTypes>
      <Affects />
      <Silver>0</Silver>
      <Gold>0</Gold>
      <Cost>310</Cost>
      <Nutrition>0</Nutrition>
      <Liquid></Liquid>
      <MaxWeight>0</MaxWeight>
      <Material>oldstyle</Material>
      <Charges>0</Charges>
      <MaxCharges>0</MaxCharges>
      <MaxDurability>100</MaxDurability>
      <ArmorBash>3</ArmorBash>
      <ArmorSlash>3</ArmorSlash>
      <ArmorPierce>3</ArmorPierce>
      <ArmorExotic>0</ArmorExotic>
      <ExtraDescriptions>
        <ExtraDescription>
          <Keyword>handkerchief hankie kerchief</Keyword>
          <Description>This is a fine linen handkerchief used for ritual Morris dances.</Description>
        </ExtraDescription>
      </ExtraDescriptions>
    </Item>
    <Item>
      <VNum>8602</VNum>
      <Name>sash morris white</Name>
      <ShortDescription>a morris sash</ShortDescription>
      <LongDescription>A white sash is here.</LongDescription>
      <Description></Description>
      <Level>3</Level>
      <WeaponDamageType>none</WeaponDamageType>
      <WeaponType>None</WeaponType>
      <DiceSides>1</DiceSides>
      <DiceCount>1</DiceCount>
      <DiceBonus>1</DiceBonus>
      <Weight>5</Weight>
      <WearFlags>Take Waist</WearFlags>
      <ExtraFlags></ExtraFlags>
      <ItemTypes>Armor</ItemTypes>
      <Affects />
      <Silver>0</Silver>
      <Gold>0</Gold>
      <Cost>310</Cost>
      <Nutrition>0</Nutrition>
      <Liquid></Liquid>
      <MaxWeight>0</MaxWeight>
      <Material>oldstyle</Material>
      <Charges>0</Charges>
      <MaxCharges>0</MaxCharges>
      <MaxDurability>100</MaxDurability>
      <ArmorBash>3</ArmorBash>
      <ArmorSlash>3</ArmorSlash>
      <ArmorPierce>3</ArmorPierce>
      <ArmorExotic>0</ArmorExotic>
      <ExtraDescriptions>
        <ExtraDescription>
          <Keyword>sash</Keyword>
          <Description>This is a fine linen sash used for ritual Morris dances.</Description>
        </ExtraDescription>
      </ExtraDescriptions>
    </Item>
    <Item>
      <VNum>8603</VNum>
      <Name>staff morris</Name>
      <ShortDescription>a morris staff</ShortDescription>
      <LongDescription>A short, stout staff made of polished wood is here.</LongDescription>
      <Description></Description>
      <Level>6</Level>
      <WeaponDamageType>none</WeaponDamageType>
      <WeaponType>None</WeaponType>
      <DiceSides>1</DiceSides>
      <DiceCount>1</DiceCount>
      <DiceBonus>1</DiceBonus>
      <Weight>5</Weight>
      <WearFlags>Take Hold</WearFlags>
      <ExtraFlags></ExtraFlags>
      <ItemTypes>Talisman</ItemTypes>
      <Affects />
      <Spells>
        <Spell Level="10" SpellName="protection evil" />
      </Spells>
      <Silver>0</Silver>
      <Gold>0</Gold>
      <Cost>1460</Cost>
      <Nutrition>0</Nutrition>
      <Liquid></Liquid>
      <MaxWeight>0</MaxWeight>
      <Material>oldstyle</Material>
      <Charges>4</Charges>
      <MaxCharges>4</MaxCharges>
      <MaxDurability>100</MaxDurability>
      <ArmorBash>0</ArmorBash>
      <ArmorSlash>0</ArmorSlash>
      <ArmorPierce>0</ArmorPierce>
      <ArmorExotic>0</ArmorExotic>
      <ExtraDescriptions>
        <ExtraDescription>
          <Keyword>stick staff</Keyword>
          <Description>Made from the wood of a Yule Tree, this staff is about one meter long and
highly polished.  It looks more like a ritual device than a weapon.</Description>
        </ExtraDescription>
      </ExtraDescriptions>
    </Item>
  </Items>
  <Resets>
    <Reset Type="Item" Destination="8631" Count="0" Max="1" Vnum="8600">
      <!--Spawn morris bells to Newfane Village Square-->
    </Reset>
    <Reset Type="Item" Destination="8632" Count="0" Max="1" Vnum="8601">
      <!--Spawn a morris handkerchief to A Large Dance Hall-->
    </Reset>
    <Reset Type="Item" Destination="8634" Count="0" Max="1" Vnum="8601">
      <!--Spawn a morris handkerchief to A Small Hall-->
    </Reset>
    <Reset Type="Item" Destination="8637" Count="0" Max="1" Vnum="8602">
      <!--Spawn a morris sash to An Old Wooden Church-->
    </Reset>
    <Reset Type="Item" Destination="8639" Count="0" Max="1" Vnum="8603">
      <!--Spawn a morris staff to Yule Tree Farm-->
    </Reset>
    <Reset Type="NPC" Destination="8699" Count="1" Max="1" Vnum="8600">
      <!--Spawn the keeper to The Void-->
    </Reset>
  </Resets>
</Area>