﻿<?xml version="1.0" encoding="utf-8"?>
<Area>
  <AreaData>
    <Name>Shrine of Valinor</Name>
    <Info></Info>
    <VnumStart>4456</VnumStart>
    <VnumEnd>4465</VnumEnd>
    <MinimumLevel>1</MinimumLevel>
    <MaximumLevel>51</MaximumLevel>
    <Builders></Builders>
    <Security>0</Security>
    <Credits>Valinor The Shrine of Valinor</Credits>
    <Continent>Mainland</Continent>
    <OverRoomVnum>0</OverRoomVnum>
  </AreaData>
  <Rooms>
    <Room>
      <VNum>4456</VNum>
      <Name>A beautiful alcove.</Name>
      <Description>You stand in a small, magnificent alcove. The plants and animals around
you are stunning and breathtaking. Hundreds of small birds and soft, calm
animals roam the alcove bathing in the golden sun. On the northwestern
portion of the alcove is a tall shady tree; under it is a beautiful elven
harpist. The entire alcove is filled with sweet and flagrant music. The
small trail heads back towards where you entered. - On the ground is a small
stone slab with writing etched into it.</Description>
      <Sector>Forest</Sector>
      <Flags>NoMob</Flags>
      <Exits />
      <ExtraDescriptions>
        <ExtraDescription>
          <Keyword>slab floor stone</Keyword>
          <Description>-=-=-=-=-=-=-=-=-=-=-=-=-=-=-=-=-=-=-=-=-=-=-=-=-=-=-=-=-=-=-=-=-=-=-=-=-
= The Sarn Athrael = - - = Translating into modern text the Sarn Athrael
would simply mean = - "The Stone Athrael". Of course behind all great
treasures there - = is a tale of beauty and love, courage and deceit, and
the honor = - of ones virtues and desires. Unfortunately, that is a tale you
- = shall not hear this day, but another day. For today all you must = -
understand is the Sarn Athrael stands for beauty, Respect, and - =
Knowledge. Seek the Divine Lord valinor if you understand those = - words I
speak. - = =
-=-=-=-=-=-=-=-=-=-=-=-=-=-=-=-=-=-=-=-=-=-=-=-=-=-=-=-=-=-=-=-=-=-=-=-=-</Description>
        </ExtraDescription>
      </ExtraDescriptions>
    </Room>
  </Rooms>
  <NPCs>
    <NPC>
      <Vnum>4456</Vnum>
      <name>elven elf harpist</name>
      <description>This slender elven maiden is dedicated her life to the enchanting music
and study of her divine lords ways and the Sarn Athrael. Her curling golden
hair falls to her shoulders. She has soft, comforting blue eyes and a gentle
smile.</description>
      <longDescription>A slender and strikingly beautiful elven harpist is seated before you.</longDescription>
      <shortDescription>an elven harpist</shortDescription>
      <Sex>Female</Sex>
      <level>57</level>
      <HitPointDiceSides>80</HitPointDiceSides>
      <HitPointDiceCount>30</HitPointDiceCount>
      <HitPointDiceBonus>11000</HitPointDiceBonus>
      <ManaPointDiceSides>0</ManaPointDiceSides>
      <ManaPointDiceCount>0</ManaPointDiceCount>
      <ManaPointDiceBonus>0</ManaPointDiceBonus>
      <trust>57</trust>
      <hitpoints>1140</hitpoints>
      <maxhitpoints>1140</maxhitpoints>
      <manapoints>0</manapoints>
      <maxmanapoints>0</maxmanapoints>
      <movementpoints>0</movementpoints>
      <maxmovementpoints>0</maxmovementpoints>
      <ArmorBash>-300</ArmorBash>
      <ArmorSlash>-300</ArmorSlash>
      <ArmorPierce>-300</ArmorPierce>
      <ArmorExotic>-300</ArmorExotic>
      <size>Small</size>
      <race>elf</race>
      <alignment>Good</alignment>
      <ethos>0</ethos>
      <hitroll>50</hitroll>
      <damRoll>57</damRoll>
      <armorclass>0</armorclass>
      <silver>0</silver>
      <gold>0</gold>
      <SavingThrow>0</SavingThrow>
      <Guild>healer</Guild>
      <flags>NPC Sentinel StayArea Healer AssistAlign</flags>
      <immune></immune>
      <resist></resist>
      <vulnerable></vulnerable>
      <affectedBy>DetectInvis DetectHidden Sanctuary Infrared ProtectEvil ProtectGood Sneak PassDoor Haste</affectedBy>
      <WiznetFlags></WiznetFlags>
      <WeaponDamageMessage>punch</WeaponDamageMessage>
      <DamageDiceSides>12</DamageDiceSides>
      <DamageDiceCount>44</DamageDiceCount>
      <DamageDiceBonus>28</DamageDiceBonus>
      <PermanentStats>
        <Strength>16</Strength>
        <Wisdom>16</Wisdom>
        <Intelligence>16</Intelligence>
        <Dexterity>16</Dexterity>
        <Constitution>16</Constitution>
        <Charisma>16</Charisma>
      </PermanentStats>
    </NPC>
  </NPCs>
  <Items>
    <Item>
      <VNum>4456</VNum>
      <Name>silver studded harp</Name>
      <ShortDescription>a silver harp strung with crystal tears</ShortDescription>
      <LongDescription>A beautiful silver harp lies at your feet.</LongDescription>
      <Description></Description>
      <Level>57</Level>
      <WeaponDamageType>none</WeaponDamageType>
      <WeaponType>None</WeaponType>
      <DiceSides>1</DiceSides>
      <DiceCount>1</DiceCount>
      <DiceBonus>1</DiceBonus>
      <Weight>0</Weight>
      <WearFlags>Take Hold</WearFlags>
      <ExtraFlags>Glow NoDrop VisDeath</ExtraFlags>
      <ItemTypes>Instrument</ItemTypes>
      <Affects />
      <Silver>0</Silver>
      <Gold>0</Gold>
      <Cost>0</Cost>
      <Nutrition>0</Nutrition>
      <Liquid></Liquid>
      <MaxWeight>0</MaxWeight>
      <Material>silver</Material>
      <Charges>0</Charges>
      <MaxCharges>0</MaxCharges>
      <MaxDurability>100</MaxDurability>
      <ArmorBash>0</ArmorBash>
      <ArmorSlash>0</ArmorSlash>
      <ArmorPierce>0</ArmorPierce>
      <ArmorExotic>0</ArmorExotic>
      <ExtraDescriptions />
    </Item>
    <Item>
      <VNum>4457</VNum>
      <Name>crystal shard</Name>
      <ShortDescription>a crystal shard</ShortDescription>
      <LongDescription>A long, dangerous looking shard of crystal lies here.</LongDescription>
      <Description></Description>
      <Level>57</Level>
      <WeaponDamageType>light</WeaponDamageType>
      <WeaponType>Exotic</WeaponType>
      <DiceSides>12</DiceSides>
      <DiceCount>8</DiceCount>
      <DiceBonus>0</DiceBonus>
      <Weight>0</Weight>
      <WearFlags>Take Wield</WearFlags>
      <ExtraFlags>Glow Hum Bless AntiEvil VisDeath Flaming Frost Vorpal TwoHands</ExtraFlags>
      <ItemTypes>Weapon</ItemTypes>
      <Affects>
        <Affect where="ToObject" level="0" duration="-1" location="None" modifier="0" hidden="False" affectType="Spell">
          <ExtraState />
        </Affect>
        <Affect where="ToAffects" level="0" duration="-1" location="None" flags="Haste" modifier="0" hidden="False" affectType="Spell">
          <ExtraState />
        </Affect>
        <Affect where="ToAffects" level="0" duration="-1" location="None" flags="Sanctuary" modifier="0" hidden="False" affectType="Spell">
          <ExtraState />
        </Affect>
        <Affect where="ToObject" level="0" duration="-1" location="Hitpoints" modifier="300" hidden="False" affectType="Spell">
          <ExtraState />
        </Affect>
        <Affect where="ToObject" level="0" duration="-1" location="Hitroll" modifier="11" hidden="False" affectType="Spell">
          <ExtraState />
        </Affect>
        <Affect where="ToObject" level="0" duration="-1" location="Damroll" modifier="11" hidden="False" affectType="Spell">
          <ExtraState />
        </Affect>
      </Affects>
      <Silver>0</Silver>
      <Gold>0</Gold>
      <Cost>0</Cost>
      <Nutrition>0</Nutrition>
      <Liquid></Liquid>
      <MaxWeight>0</MaxWeight>
      <Material>crystal</Material>
      <Charges>0</Charges>
      <MaxCharges>0</MaxCharges>
      <MaxDurability>100</MaxDurability>
      <ArmorBash>0</ArmorBash>
      <ArmorSlash>0</ArmorSlash>
      <ArmorPierce>0</ArmorPierce>
      <ArmorExotic>0</ArmorExotic>
      <ExtraDescriptions />
    </Item>
  </Items>
  <Resets>
    <Reset Type="NPC" Destination="4456" Count="1" Max="1" Vnum="4456">
      <!--Spawn an elven harpist to A beautiful alcove.-->
    </Reset>
    <Reset Type="Equip" Destination="0" Count="0" Max="0" Vnum="4456">
      <!--Spawn a silver harp strung with crystal tears to an elven harpist-->
    </Reset>
  </Resets>
</Area>