﻿<?xml version="1.0" encoding="utf-8"?>
<Area>
  <AreaData>
    <Name>Temple of the Fallen</Name>
    <Info></Info>
    <VnumStart>29900</VnumStart>
    <VnumEnd>29999</VnumEnd>
    <MinimumLevel>52</MinimumLevel>
    <MaximumLevel>60</MaximumLevel>
    <Builders></Builders>
    <Security>0</Security>
    <Credits>Grikthoran  Temple of the Fallen</Credits>
    <Continent>Mainland</Continent>
    <OverRoomVnum>0</OverRoomVnum>
  </AreaData>
  <Rooms>
    <Room>
      <VNum>29900</VNum>
      <Name>The Gates of the Temple</Name>
      <Description>Twenty foot glowing gates made of ancient oak and banded together with
steel towers before you.  A hooded monk stands before them with his head
bowed in quiet contemplation.  The small star-shaped keyhole appears to be
the only way to open the massive gates to the north.</Description>
      <Sector>Inside</Sector>
      <Flags></Flags>
      <Exits>
        <Exit>
          <Direction>North</Direction>
          <Destination>29901</Destination>
          <Display>the door north</Display>
          <Keywords></Keywords>
          <Description>Ancient towering gates of wood block the way ahead.</Description>
          <Flags>Door Closed Locked PickProof NoPass NoBash</Flags>
          <Keys>29900</Keys>
          <ExitSize>Giant</ExitSize>
        </Exit>
      </Exits>
      <ExtraDescriptions />
    </Room>
    <Room>
      <VNum>29901</VNum>
      <Name>The Archway into the Temple</Name>
      <Description>You have entered a large dark chamber with cracked moss covered walls. 
This looks to have been a welcoming hall at one time, but now it is a mere
shadow of its former self.  Odd that the doors are boarded from the inside
and seem to have been boarded to keep something in rather than to keep
someone out.  A hallway opens up to both the east and the west.</Description>
      <Sector>Inside</Sector>
      <Flags>Dark NoMob</Flags>
      <Exits>
        <Exit>
          <Direction>East</Direction>
          <Destination>29903</Destination>
          <Display>the door east</Display>
          <Keywords></Keywords>
          <Description></Description>
          <Flags></Flags>
          <Keys>0</Keys>
          <ExitSize>Giant</ExitSize>
        </Exit>
        <Exit>
          <Direction>South</Direction>
          <Destination>29900</Destination>
          <Display>the door south</Display>
          <Keywords></Keywords>
          <Description></Description>
          <Flags>Door Closed Locked PickProof NoPass NoBash</Flags>
          <Keys>29900</Keys>
          <ExitSize>Giant</ExitSize>
        </Exit>
        <Exit>
          <Direction>West</Direction>
          <Destination>29902</Destination>
          <Display>the door west</Display>
          <Keywords></Keywords>
          <Description></Description>
          <Flags></Flags>
          <Keys>0</Keys>
          <ExitSize>Giant</ExitSize>
        </Exit>
      </Exits>
      <ExtraDescriptions />
    </Room>
    <Room>
      <VNum>29902</VNum>
      <Name>A Dark Damp Hallway</Name>
      <Description>The hallway is windowless and sloping as if you are burrowing futher into
the earth.  Moss covers the walls and water trickles down making an eerie
echo throughout the hall.  To the south you see a door buckling outward as
if someone or something was struggling to get out.  You can either continue
futher west down the hall or head back to the east.</Description>
      <Sector>Inside</Sector>
      <Flags>Dark NoMob</Flags>
      <Exits>
        <Exit>
          <Direction>East</Direction>
          <Destination>29901</Destination>
          <Display>the door east</Display>
          <Keywords></Keywords>
          <Description></Description>
          <Flags></Flags>
          <Keys>0</Keys>
          <ExitSize>Giant</ExitSize>
        </Exit>
        <Exit>
          <Direction>South</Direction>
          <Destination>29904</Destination>
          <Display>the door south</Display>
          <Keywords></Keywords>
          <Description></Description>
          <Flags>Door Closed Locked PickProof NoPass NoBash</Flags>
          <Keys>29900</Keys>
          <ExitSize>Giant</ExitSize>
        </Exit>
        <Exit>
          <Direction>West</Direction>
          <Destination>29905</Destination>
          <Display>the door west</Display>
          <Keywords></Keywords>
          <Description></Description>
          <Flags></Flags>
          <Keys>0</Keys>
          <ExitSize>Giant</ExitSize>
        </Exit>
      </Exits>
      <ExtraDescriptions />
    </Room>
    <Room>
      <VNum>29903</VNum>
      <Name>A Dark Damp Hallway</Name>
      <Description>The hallway is windowless and sloping as if you are burrowing futher into
the earth.  Moss covers the walls and water trickles down making an errie
echo throughout the hall.  Something stirs in the hallway further down the
passage to the east of you can return to the relative safety of the archway
to the west.</Description>
      <Sector>Inside</Sector>
      <Flags>Dark NoMob</Flags>
      <Exits>
        <Exit>
          <Direction>West</Direction>
          <Destination>29901</Destination>
          <Display>the door west</Display>
          <Keywords></Keywords>
          <Description></Description>
          <Flags></Flags>
          <Keys>0</Keys>
          <ExitSize>Giant</ExitSize>
        </Exit>
      </Exits>
      <ExtraDescriptions />
    </Room>
    <Room>
      <VNum>29904</VNum>
      <Name>A Room Seared by Flames</Name>
      <Description>Powerful flames have charred and burned the entire room.  There is no
furniture of any sort, only piles of ash.  The brick walls are covered in
soot leaving the blackened and grey in color.  Suddenly one of the shadows
appear to move.</Description>
      <Sector>Inside</Sector>
      <Flags>Dark NoMob</Flags>
      <Exits>
        <Exit>
          <Direction>North</Direction>
          <Destination>29902</Destination>
          <Display>the door north</Display>
          <Keywords></Keywords>
          <Description></Description>
          <Flags>Door Closed Locked PickProof NoPass NoBash</Flags>
          <Keys>29900</Keys>
          <ExitSize>Giant</ExitSize>
        </Exit>
      </Exits>
      <ExtraDescriptions />
    </Room>
    <Room>
      <VNum>29905</VNum>
      <Name>A Dark Damp Hallway</Name>
      <Description>As you look at the damp walls you notice that in the breaks of the moss
small runes are carved over and over on the wall.  Upon closer inspection
you realize that they are ancient runes of protection.  It is becoming more
obvious that whatever is within this place was never meant to be allowed to
escape.  The moans can continue to be heard getting closer down the hall to
the west.</Description>
      <Sector>Inside</Sector>
      <Flags>Dark NoMob</Flags>
      <Exits>
        <Exit>
          <Direction>East</Direction>
          <Destination>29902</Destination>
          <Display>the door east</Display>
          <Keywords></Keywords>
          <Description></Description>
          <Flags></Flags>
          <Keys>0</Keys>
          <ExitSize>Giant</ExitSize>
        </Exit>
        <Exit>
          <Direction>West</Direction>
          <Destination>29906</Destination>
          <Display>the door west</Display>
          <Keywords></Keywords>
          <Description></Description>
          <Flags></Flags>
          <Keys>0</Keys>
          <ExitSize>Giant</ExitSize>
        </Exit>
      </Exits>
      <ExtraDescriptions />
    </Room>
    <Room>
      <VNum>29906</VNum>
      <Name>A Dark Damp Hallway</Name>
      <Description>As you look at the damp walls you notice that in the breaks of the moss
small runes are carved over and over on the wall.  Upon closer inspection
you realize that they are ancient runes of protection.  It is becoming more
obvious that whatever is within this place was never meant to be allowed to
escape.  The moans appear to be getting closer now, almost on top you.</Description>
      <Sector>Inside</Sector>
      <Flags>Dark NoMob</Flags>
      <Exits>
        <Exit>
          <Direction>East</Direction>
          <Destination>29905</Destination>
          <Display>the door east</Display>
          <Keywords></Keywords>
          <Description></Description>
          <Flags></Flags>
          <Keys>0</Keys>
          <ExitSize>Giant</ExitSize>
        </Exit>
      </Exits>
      <ExtraDescriptions />
    </Room>
  </Rooms>
  <NPCs>
    <NPC>
      <Vnum>29900</Vnum>
      <name>creature shrouded knight</name>
      <description>A hooded robe covers his head and drapes down around his body.  It cannot
hide the scaled tail or clawed hands that extend from beneath the robe.  It
hisses slightly in recognition of your presence and then contiues his silent
vigil of the gates barring any from entering the tower.  As he notices you
taking another step forward he immediately leaps forth bringing you into
battle.</description>
      <longDescription>A creature stands here cloaked in the shadows silently watching you.</longDescription>
      <shortDescription>The shrouded knight</shortDescription>
      <Sex>None</Sex>
      <level>65</level>
      <HitPointDiceSides>200</HitPointDiceSides>
      <HitPointDiceCount>20</HitPointDiceCount>
      <HitPointDiceBonus>20000</HitPointDiceBonus>
      <ManaPointDiceSides>60</ManaPointDiceSides>
      <ManaPointDiceCount>9</ManaPointDiceCount>
      <ManaPointDiceBonus>60</ManaPointDiceBonus>
      <trust>65</trust>
      <hitpoints>1300</hitpoints>
      <maxhitpoints>1300</maxhitpoints>
      <manapoints>0</manapoints>
      <maxmanapoints>0</maxmanapoints>
      <movementpoints>0</movementpoints>
      <maxmovementpoints>0</maxmovementpoints>
      <ArmorBash>-280</ArmorBash>
      <ArmorSlash>-280</ArmorSlash>
      <ArmorPierce>-280</ArmorPierce>
      <ArmorExotic>-160</ArmorExotic>
      <size>Medium</size>
      <race>null</race>
      <alignment>Evil</alignment>
      <ethos>0</ethos>
      <hitroll>120</hitroll>
      <damRoll>150</damRoll>
      <armorclass>0</armorclass>
      <silver>0</silver>
      <gold>5000</gold>
      <SavingThrow>0</SavingThrow>
      <Guild>warrior</Guild>
      <flags>NPC Sentinel Aggressive Warrior AreaAttack</flags>
      <immune></immune>
      <resist></resist>
      <vulnerable></vulnerable>
      <affectedBy>DetectInvis DetectHidden Sanctuary ProtectGood Flying Haste DetectIllusion</affectedBy>
      <WiznetFlags></WiznetFlags>
      <WeaponDamageMessage>punch</WeaponDamageMessage>
      <DamageDiceSides>20</DamageDiceSides>
      <DamageDiceCount>10</DamageDiceCount>
      <DamageDiceBonus>150</DamageDiceBonus>
      <PermanentStats>
        <Strength>16</Strength>
        <Wisdom>16</Wisdom>
        <Intelligence>16</Intelligence>
        <Dexterity>16</Dexterity>
        <Constitution>16</Constitution>
        <Charisma>16</Charisma>
      </PermanentStats>
    </NPC>
    <NPC>
      <Vnum>29901</Vnum>
      <name>Quimtir</name>
      <description>The one time stealthly leader of Ragers.  He was the shadowed death to
more mages than many men could count.  Now he is trapped in this place of
fallen heros and gods struggling once more to become free.  Unfortunately
for you he believes that if you could open the door that has kept his
imprisoned for so long then you must hold the key to his freedom.</description>
      <longDescription>A changeling is here flowing from shape to shape, but never leaving the shadows.</longDescription>
      <shortDescription>Quimtir</shortDescription>
      <Sex>Male</Sex>
      <level>70</level>
      <HitPointDiceSides>145</HitPointDiceSides>
      <HitPointDiceCount>24</HitPointDiceCount>
      <HitPointDiceBonus>10000</HitPointDiceBonus>
      <ManaPointDiceSides>70</ManaPointDiceSides>
      <ManaPointDiceCount>11</ManaPointDiceCount>
      <ManaPointDiceBonus>95</ManaPointDiceBonus>
      <trust>70</trust>
      <hitpoints>1400</hitpoints>
      <maxhitpoints>1400</maxhitpoints>
      <manapoints>0</manapoints>
      <maxmanapoints>0</maxmanapoints>
      <movementpoints>0</movementpoints>
      <maxmovementpoints>0</maxmovementpoints>
      <ArmorBash>-410</ArmorBash>
      <ArmorSlash>-410</ArmorSlash>
      <ArmorPierce>-410</ArmorPierce>
      <ArmorExotic>-260</ArmorExotic>
      <size>Medium</size>
      <race>null</race>
      <alignment>Neutral</alignment>
      <ethos>0</ethos>
      <hitroll>70</hitroll>
      <damRoll>154</damRoll>
      <armorclass>0</armorclass>
      <silver>0</silver>
      <gold>0</gold>
      <SavingThrow>0</SavingThrow>
      <Guild>warrior</Guild>
      <flags>NPC Aggressive Thief Warrior AreaAttack Fade</flags>
      <immune></immune>
      <resist></resist>
      <vulnerable></vulnerable>
      <affectedBy>DetectInvis DetectHidden Sanctuary Sneak Hide Flying Haste DetectIllusion</affectedBy>
      <WiznetFlags></WiznetFlags>
      <WeaponDamageMessage>punch</WeaponDamageMessage>
      <DamageDiceSides>48</DamageDiceSides>
      <DamageDiceCount>2</DamageDiceCount>
      <DamageDiceBonus>154</DamageDiceBonus>
      <PermanentStats>
        <Strength>16</Strength>
        <Wisdom>16</Wisdom>
        <Intelligence>16</Intelligence>
        <Dexterity>16</Dexterity>
        <Constitution>16</Constitution>
        <Charisma>16</Charisma>
      </PermanentStats>
    </NPC>
    <NPC>
      <Vnum>29902</Vnum>
      <name>dragon knight guard</name>
      <description>In the time of troubles with the elders were locked away no mortal could
be trusted to guard the fallen within these walls.  The Lord above went upon
Tiamat and claimed the first borns of her most powerful servants.  They
would be raised within the tower to guard against any who would dare attempt
to free those within.  The bright yellow eyes turn upon you and the long
snout turns into a snarl as it prepares to pounce upon you.</description>
      <longDescription>A guard dragon is here on the prowl for intruders.</longDescription>
      <shortDescription>a guard dragon</shortDescription>
      <Sex>Male</Sex>
      <level>65</level>
      <HitPointDiceSides>1</HitPointDiceSides>
      <HitPointDiceCount>1</HitPointDiceCount>
      <HitPointDiceBonus>19999</HitPointDiceBonus>
      <ManaPointDiceSides>65</ManaPointDiceSides>
      <ManaPointDiceCount>11</ManaPointDiceCount>
      <ManaPointDiceBonus>95</ManaPointDiceBonus>
      <trust>65</trust>
      <hitpoints>1300</hitpoints>
      <maxhitpoints>1300</maxhitpoints>
      <manapoints>0</manapoints>
      <maxmanapoints>0</maxmanapoints>
      <movementpoints>0</movementpoints>
      <maxmovementpoints>0</maxmovementpoints>
      <ArmorBash>-370</ArmorBash>
      <ArmorSlash>-370</ArmorSlash>
      <ArmorPierce>-370</ArmorPierce>
      <ArmorExotic>-240</ArmorExotic>
      <size>Giant</size>
      <race>dragon</race>
      <alignment>Good</alignment>
      <ethos>0</ethos>
      <hitroll>65</hitroll>
      <damRoll>65</damRoll>
      <armorclass>0</armorclass>
      <silver>0</silver>
      <gold>0</gold>
      <SavingThrow>0</SavingThrow>
      <Guild></Guild>
      <flags>NPC Aggressive StayArea AreaAttack AssistVnum</flags>
      <immune></immune>
      <resist></resist>
      <vulnerable></vulnerable>
      <affectedBy>DetectHidden Sanctuary Infrared ProtectEvil Flying Haste</affectedBy>
      <WiznetFlags></WiznetFlags>
      <WeaponDamageMessage>claw</WeaponDamageMessage>
      <DamageDiceSides>10</DamageDiceSides>
      <DamageDiceCount>50</DamageDiceCount>
      <DamageDiceBonus>27</DamageDiceBonus>
      <PermanentStats>
        <Strength>16</Strength>
        <Wisdom>16</Wisdom>
        <Intelligence>16</Intelligence>
        <Dexterity>16</Dexterity>
        <Constitution>16</Constitution>
        <Charisma>16</Charisma>
      </PermanentStats>
    </NPC>
  </NPCs>
  <Items>
    <Item>
      <VNum>29900</VNum>
      <Name>star-shaped key</Name>
      <ShortDescription>a star-shaped key</ShortDescription>
      <LongDescription>A key carved into the shape of a star lies here.</LongDescription>
      <Description></Description>
      <Level>52</Level>
      <WeaponDamageType>none</WeaponDamageType>
      <WeaponType>None</WeaponType>
      <DiceSides>1</DiceSides>
      <DiceCount>1</DiceCount>
      <DiceBonus>1</DiceBonus>
      <Weight>0.2</Weight>
      <WearFlags>Take Hold</WearFlags>
      <ExtraFlags>VisDeath BurnProof</ExtraFlags>
      <ItemTypes>Key</ItemTypes>
      <Affects />
      <Silver>0</Silver>
      <Gold>0</Gold>
      <Cost>0</Cost>
      <Nutrition>0</Nutrition>
      <Liquid></Liquid>
      <MaxWeight>0</MaxWeight>
      <Material>unknown</Material>
      <Charges>0</Charges>
      <MaxCharges>0</MaxCharges>
      <MaxDurability>100</MaxDurability>
      <ArmorBash>0</ArmorBash>
      <ArmorSlash>0</ArmorSlash>
      <ArmorPierce>0</ArmorPierce>
      <ArmorExotic>0</ArmorExotic>
      <ExtraDescriptions />
    </Item>
    <Item>
      <VNum>29901</VNum>
      <Name>dagger quimtir legend</Name>
      <ShortDescription>the dagger 'Legend'</ShortDescription>
      <LongDescription>A piece of hardened diamond that has been cut down into a blade.</LongDescription>
      <Description></Description>
      <Level>52</Level>
      <WeaponDamageType>flbite</WeaponDamageType>
      <WeaponType>Dagger</WeaponType>
      <DiceSides>6</DiceSides>
      <DiceCount>11</DiceCount>
      <DiceBonus>0</DiceBonus>
      <Weight>4</Weight>
      <WearFlags>Take Wield</WearFlags>
      <ExtraFlags>Glow Hum BurnProof Frost Sharp TwoHands Poison Unholy</ExtraFlags>
      <ItemTypes>Weapon</ItemTypes>
      <Affects>
        <Affect where="ToObject" level="0" duration="-1" location="Str" modifier="3" hidden="False" affectType="Spell">
          <ExtraState />
        </Affect>
        <Affect where="ToObject" level="0" duration="-1" location="Hitroll" modifier="8" hidden="False" affectType="Spell">
          <ExtraState />
        </Affect>
        <Affect where="ToObject" level="0" duration="-1" location="Damroll" modifier="8" hidden="False" affectType="Spell">
          <ExtraState />
        </Affect>
        <Affect where="ToObject" level="0" duration="-1" location="Saves" modifier="-8" hidden="False" affectType="Spell">
          <ExtraState />
        </Affect>
      </Affects>
      <Silver>0</Silver>
      <Gold>0</Gold>
      <Cost>50000</Cost>
      <Nutrition>0</Nutrition>
      <Liquid></Liquid>
      <MaxWeight>0</MaxWeight>
      <Material>diamond</Material>
      <Charges>0</Charges>
      <MaxCharges>0</MaxCharges>
      <MaxDurability>100</MaxDurability>
      <ArmorBash>0</ArmorBash>
      <ArmorSlash>0</ArmorSlash>
      <ArmorPierce>0</ArmorPierce>
      <ArmorExotic>0</ArmorExotic>
      <ExtraDescriptions />
    </Item>
  </Items>
  <Resets>
    <Reset Type="NPC" Destination="29900" Count="1" Max="1" Vnum="29900">
      <!--Spawn The shrouded knight to The Gates of the Temple-->
    </Reset>
    <Reset Type="Give" Destination="0" Count="0" Max="0" Vnum="29900">
      <!--Spawn a star-shaped key to a Naiadian woman-->
    </Reset>
    <Reset Type="NPC" Destination="29902" Count="4" Max="6" Vnum="29902">
      <!--Spawn a guard dragon to A Dark Damp Hallway-->
    </Reset>
    <Reset Type="NPC" Destination="29904" Count="1" Max="1" Vnum="29901">
      <!--Spawn Quimtir to A Room Seared by Flames-->
    </Reset>
    <Reset Type="Equip" Destination="0" Count="0" Max="0" Vnum="29901">
      <!--Spawn the dagger 'Legend' to a Naiadian child-->
    </Reset>
    <Reset Type="NPC" Destination="29905" Count="4" Max="6" Vnum="29902">
      <!--Spawn a guard dragon to A Dark Damp Hallway-->
    </Reset>
  </Resets>
</Area>