﻿<?xml version="1.0" encoding="utf-8"?>
<Area>
  <AreaData>
    <Name>The Red Tower</Name>
    <Info></Info>
    <VnumStart>23200</VnumStart>
    <VnumEnd>23225</VnumEnd>
    <MinimumLevel>35</MinimumLevel>
    <MaximumLevel>51</MaximumLevel>
    <Builders></Builders>
    <Security>0</Security>
    <Credits>Ceran   Red Tinged tower</Credits>
    <Continent>Mainland</Continent>
    <OverRoomVnum>0</OverRoomVnum>
  </AreaData>
  <Rooms>
    <Room>
      <VNum>23200</VNum>
      <Name>Entrance to the Red Tower</Name>
      <Description>You are standing at the bottom of a wide stone stairwell. The walls around you
are bathed in a bloody red colour that looks like freshly splashed blood, yet
which could not possibly be such after so long a time. A chilling rapsing
sound  can be heard from above, along with the familiar noises of chinking armor
and  rattling weapons. A door of red tinged stone lies in the east wall.</Description>
      <Sector>Inside</Sector>
      <Flags>NoMob</Flags>
      <Exits>
        <Exit>
          <Direction>East</Direction>
          <Destination>13768</Destination>
          <Display>the door east</Display>
          <Keywords></Keywords>
          <Description></Description>
          <Flags>Door Closed</Flags>
          <Keys>0</Keys>
          <ExitSize>Giant</ExitSize>
        </Exit>
        <Exit>
          <Direction>Up</Direction>
          <Destination>23201</Destination>
          <Display>the door up</Display>
          <Keywords></Keywords>
          <Description></Description>
          <Flags></Flags>
          <Keys>0</Keys>
          <ExitSize>Giant</ExitSize>
        </Exit>
      </Exits>
      <ExtraDescriptions />
    </Room>
    <Room>
      <VNum>23201</VNum>
      <Name>In a blood red room</Name>
      <Description>You stand in the middle of a huge room coated in what looks like sticky red
blood. However, no bodies or signs of battle are evident and the red does not
drip off the walls. A cold, almost freezing, chill hangs in the air and the
sound of metal on metal can be heard from elsewhere in the tower. You can make
out stairs to the north, east, south and west.</Description>
      <Sector>Inside</Sector>
      <Flags>NoMob</Flags>
      <Exits>
        <Exit>
          <Direction>North</Direction>
          <Destination>23202</Destination>
          <Display>the door north</Display>
          <Keywords></Keywords>
          <Description></Description>
          <Flags></Flags>
          <Keys>0</Keys>
          <ExitSize>Giant</ExitSize>
        </Exit>
        <Exit>
          <Direction>East</Direction>
          <Destination>23203</Destination>
          <Display>the door east</Display>
          <Keywords></Keywords>
          <Description></Description>
          <Flags></Flags>
          <Keys>0</Keys>
          <ExitSize>Giant</ExitSize>
        </Exit>
        <Exit>
          <Direction>South</Direction>
          <Destination>23204</Destination>
          <Display>the door south</Display>
          <Keywords></Keywords>
          <Description></Description>
          <Flags></Flags>
          <Keys>0</Keys>
          <ExitSize>Giant</ExitSize>
        </Exit>
        <Exit>
          <Direction>West</Direction>
          <Destination>23205</Destination>
          <Display>the door west</Display>
          <Keywords></Keywords>
          <Description></Description>
          <Flags></Flags>
          <Keys>0</Keys>
          <ExitSize>Giant</ExitSize>
        </Exit>
        <Exit>
          <Direction>Down</Direction>
          <Destination>23200</Destination>
          <Display>the door down</Display>
          <Keywords></Keywords>
          <Description></Description>
          <Flags></Flags>
          <Keys>0</Keys>
          <ExitSize>Giant</ExitSize>
        </Exit>
      </Exits>
      <ExtraDescriptions />
    </Room>
    <Room>
      <VNum>23202</VNum>
      <Name>Beneath a bloody stairwell</Name>
      <Description>The stairs here are coated in what appears to be thick, recently shed blood. A
faint trail of steam rises from the red and wafts up into the chilling air.
The  stairs lead up to where the sounds of armor clinking can be heard.</Description>
      <Sector>Inside</Sector>
      <Flags>NoMob</Flags>
      <Exits>
        <Exit>
          <Direction>South</Direction>
          <Destination>23201</Destination>
          <Display>the door south</Display>
          <Keywords></Keywords>
          <Description></Description>
          <Flags></Flags>
          <Keys>0</Keys>
          <ExitSize>Giant</ExitSize>
        </Exit>
        <Exit>
          <Direction>Up</Direction>
          <Destination>23211</Destination>
          <Display>the door up</Display>
          <Keywords></Keywords>
          <Description></Description>
          <Flags></Flags>
          <Keys>0</Keys>
          <ExitSize>Giant</ExitSize>
        </Exit>
      </Exits>
      <ExtraDescriptions />
    </Room>
    <Room>
      <VNum>23203</VNum>
      <Name>Beneath a bloody stairwell</Name>
      <Description>The stairs here are coated in what appears to be thick, recently shed blood. A
faint trail of steam rises from the red and wafts up into the chilling air.
The  stairs lead up to where the sounds of armor clinking can be heard.</Description>
      <Sector>Inside</Sector>
      <Flags>NoMob</Flags>
      <Exits>
        <Exit>
          <Direction>West</Direction>
          <Destination>23201</Destination>
          <Display>the door west</Display>
          <Keywords></Keywords>
          <Description></Description>
          <Flags></Flags>
          <Keys>0</Keys>
          <ExitSize>Giant</ExitSize>
        </Exit>
        <Exit>
          <Direction>Up</Direction>
          <Destination>23216</Destination>
          <Display>the door up</Display>
          <Keywords></Keywords>
          <Description></Description>
          <Flags></Flags>
          <Keys>0</Keys>
          <ExitSize>Giant</ExitSize>
        </Exit>
      </Exits>
      <ExtraDescriptions />
    </Room>
    <Room>
      <VNum>23204</VNum>
      <Name>Beneath a bloody stairwell</Name>
      <Description>The stairs here are coated in what appears to be thick, recently shed blood. A
faint trail of steam rises from the red and wafts up into the chilling air. To
the south is a large blood red door.</Description>
      <Sector>Inside</Sector>
      <Flags>NoMob</Flags>
      <Exits>
        <Exit>
          <Direction>North</Direction>
          <Destination>23201</Destination>
          <Display>the door north</Display>
          <Keywords></Keywords>
          <Description></Description>
          <Flags></Flags>
          <Keys>0</Keys>
          <ExitSize>Giant</ExitSize>
        </Exit>
        <Exit>
          <Direction>South</Direction>
          <Destination>23221</Destination>
          <Display>the door south</Display>
          <Keywords></Keywords>
          <Description></Description>
          <Flags>Door Closed Locked PickProof</Flags>
          <Keys>23201</Keys>
          <ExitSize>Giant</ExitSize>
        </Exit>
      </Exits>
      <ExtraDescriptions />
    </Room>
    <Room>
      <VNum>23205</VNum>
      <Name>Beneath a bloody stairwell</Name>
      <Description>The stairs here are coated in what appears to be thick, recently shed blood. A
faint trail of steam rises from the red and wafts up into the chilling air.
The  stairs lead up to where the sounds of armor clinking can be heard.</Description>
      <Sector>Inside</Sector>
      <Flags>NoMob</Flags>
      <Exits>
        <Exit>
          <Direction>East</Direction>
          <Destination>23201</Destination>
          <Display>the door east</Display>
          <Keywords></Keywords>
          <Description></Description>
          <Flags></Flags>
          <Keys>0</Keys>
          <ExitSize>Giant</ExitSize>
        </Exit>
        <Exit>
          <Direction>Up</Direction>
          <Destination>23206</Destination>
          <Display>the door up</Display>
          <Keywords></Keywords>
          <Description></Description>
          <Flags></Flags>
          <Keys>0</Keys>
          <ExitSize>Giant</ExitSize>
        </Exit>
      </Exits>
      <ExtraDescriptions />
    </Room>
    <Room>
      <VNum>23206</VNum>
      <Name>Upon an blood soaked tower battlement</Name>
      <Description>You have walked into a rounded battlement of the tower drenched in wet blood.
The red colour washes away all signs of the stone beneath it and it is almost
impossible to believe that so much blood could be shed in one place. Despite
all the blood there is no sign of bodies and it appears to be just coating
everything but not drying. There are small parapets on the battlements to the
north, east, south and west.</Description>
      <Sector>Inside</Sector>
      <Flags>NoMob</Flags>
      <Exits>
        <Exit>
          <Direction>North</Direction>
          <Destination>23207</Destination>
          <Display>the door north</Display>
          <Keywords></Keywords>
          <Description></Description>
          <Flags></Flags>
          <Keys>0</Keys>
          <ExitSize>Giant</ExitSize>
        </Exit>
        <Exit>
          <Direction>East</Direction>
          <Destination>23208</Destination>
          <Display>the door east</Display>
          <Keywords></Keywords>
          <Description></Description>
          <Flags></Flags>
          <Keys>0</Keys>
          <ExitSize>Giant</ExitSize>
        </Exit>
        <Exit>
          <Direction>South</Direction>
          <Destination>23209</Destination>
          <Display>the door south</Display>
          <Keywords></Keywords>
          <Description></Description>
          <Flags></Flags>
          <Keys>0</Keys>
          <ExitSize>Giant</ExitSize>
        </Exit>
        <Exit>
          <Direction>West</Direction>
          <Destination>23210</Destination>
          <Display>the door west</Display>
          <Keywords></Keywords>
          <Description></Description>
          <Flags></Flags>
          <Keys>0</Keys>
          <ExitSize>Giant</ExitSize>
        </Exit>
        <Exit>
          <Direction>Down</Direction>
          <Destination>23205</Destination>
          <Display>the door down</Display>
          <Keywords></Keywords>
          <Description></Description>
          <Flags></Flags>
          <Keys>0</Keys>
          <ExitSize>Giant</ExitSize>
        </Exit>
      </Exits>
      <ExtraDescriptions />
    </Room>
    <Room>
      <VNum>23207</VNum>
      <Name>On a reddened parapet</Name>
      <Description>You are nestled within a blood soaked parapet overlooking the ruins of the
ancient elven city. From here the warriors could provide easy defence with bow
and arrows, while still being protected from retaliation by the walls around
them. Somehow the blood that soaks the stones just seems to lie there as if
bleed from the stone itself.</Description>
      <Sector>Inside</Sector>
      <Flags>NoMob</Flags>
      <Exits>
        <Exit>
          <Direction>South</Direction>
          <Destination>23206</Destination>
          <Display>the door south</Display>
          <Keywords></Keywords>
          <Description></Description>
          <Flags></Flags>
          <Keys>0</Keys>
          <ExitSize>Giant</ExitSize>
        </Exit>
      </Exits>
      <ExtraDescriptions />
    </Room>
    <Room>
      <VNum>23208</VNum>
      <Name>On a reddened parapet</Name>
      <Description>You are nestled within a blood soaked parapet overlooking the ruins of the
ancient elven city. From here the warriors could provide easy defence with bow
and arrows, while still being protected from retaliation by the walls around
them. Somehow the blood that soaks the stones just seems to lie there as if
bleed from the stone itself.</Description>
      <Sector>Inside</Sector>
      <Flags>NoMob</Flags>
      <Exits>
        <Exit>
          <Direction>West</Direction>
          <Destination>23206</Destination>
          <Display>the door west</Display>
          <Keywords></Keywords>
          <Description></Description>
          <Flags></Flags>
          <Keys>0</Keys>
          <ExitSize>Giant</ExitSize>
        </Exit>
      </Exits>
      <ExtraDescriptions />
    </Room>
    <Room>
      <VNum>23209</VNum>
      <Name>On a reddened parapet</Name>
      <Description>You are nestled within a blood soaked parapet overlooking the ruins of the
ancient elven city. From here the warriors could provide easy defence with bow
and arrows, while still being protected from retaliation by the walls around
them. Somehow the blood that soaks the stones just seems to lie there as if
bleed from the stone itself.</Description>
      <Sector>Inside</Sector>
      <Flags>NoMob</Flags>
      <Exits>
        <Exit>
          <Direction>North</Direction>
          <Destination>23206</Destination>
          <Display>the door north</Display>
          <Keywords></Keywords>
          <Description></Description>
          <Flags></Flags>
          <Keys>0</Keys>
          <ExitSize>Giant</ExitSize>
        </Exit>
      </Exits>
      <ExtraDescriptions />
    </Room>
    <Room>
      <VNum>23210</VNum>
      <Name>On a reddened parapet</Name>
      <Description>You are nestled within a blood soaked parapet overlooking the ruins of the
ancient elven city. From here the warriors could provide easy defence with bow
and arrows, while still being protected from retaliation by the walls around
them. Somehow the blood that soaks the stones just seems to lie there as if
bleed from the stone itself.</Description>
      <Sector>Inside</Sector>
      <Flags>NoMob</Flags>
      <Exits>
        <Exit>
          <Direction>East</Direction>
          <Destination>23206</Destination>
          <Display>the door east</Display>
          <Keywords></Keywords>
          <Description></Description>
          <Flags></Flags>
          <Keys>0</Keys>
          <ExitSize>Giant</ExitSize>
        </Exit>
      </Exits>
      <ExtraDescriptions />
    </Room>
    <Room>
      <VNum>23211</VNum>
      <Name>Upon an blood soaked tower battlement</Name>
      <Description>You have walked into a rounded battlement of the tower drenched in wet blood.
The red colour washes away all signs of the stone beneath it and it is almost
impossible to believe that so much blood could be shed in one place. Despite
all the blood there is no sign of bodies and it appears to be just coating
everything but not drying. There are small parapets on the battlements to the
north, east, south and west.</Description>
      <Sector>Inside</Sector>
      <Flags>NoMob</Flags>
      <Exits>
        <Exit>
          <Direction>North</Direction>
          <Destination>23212</Destination>
          <Display>the door north</Display>
          <Keywords></Keywords>
          <Description></Description>
          <Flags></Flags>
          <Keys>0</Keys>
          <ExitSize>Giant</ExitSize>
        </Exit>
        <Exit>
          <Direction>East</Direction>
          <Destination>23213</Destination>
          <Display>the door east</Display>
          <Keywords></Keywords>
          <Description></Description>
          <Flags></Flags>
          <Keys>0</Keys>
          <ExitSize>Giant</ExitSize>
        </Exit>
        <Exit>
          <Direction>South</Direction>
          <Destination>23214</Destination>
          <Display>the door south</Display>
          <Keywords></Keywords>
          <Description></Description>
          <Flags></Flags>
          <Keys>0</Keys>
          <ExitSize>Giant</ExitSize>
        </Exit>
        <Exit>
          <Direction>West</Direction>
          <Destination>23215</Destination>
          <Display>the door west</Display>
          <Keywords></Keywords>
          <Description></Description>
          <Flags></Flags>
          <Keys>0</Keys>
          <ExitSize>Giant</ExitSize>
        </Exit>
        <Exit>
          <Direction>Down</Direction>
          <Destination>23202</Destination>
          <Display>the door down</Display>
          <Keywords></Keywords>
          <Description></Description>
          <Flags></Flags>
          <Keys>0</Keys>
          <ExitSize>Giant</ExitSize>
        </Exit>
      </Exits>
      <ExtraDescriptions />
    </Room>
    <Room>
      <VNum>23212</VNum>
      <Name>On a reddened parapet</Name>
      <Description>You are nestled within a blood soaked parapet overlooking the ruins of the
ancient elven city. From here the warriors could provide easy defence with bow
and arrows, while still being protected from retaliation by the walls around
them. Somehow the blood that soaks the stones just seems to lie there as if
bleed from the stone itself.</Description>
      <Sector>Inside</Sector>
      <Flags>NoMob</Flags>
      <Exits>
        <Exit>
          <Direction>South</Direction>
          <Destination>23211</Destination>
          <Display>the door south</Display>
          <Keywords></Keywords>
          <Description></Description>
          <Flags></Flags>
          <Keys>0</Keys>
          <ExitSize>Giant</ExitSize>
        </Exit>
      </Exits>
      <ExtraDescriptions />
    </Room>
    <Room>
      <VNum>23213</VNum>
      <Name>On a reddened parapet</Name>
      <Description>You are nestled within a blood soaked parapet overlooking the ruins of the
ancient elven city. From here the warriors could provide easy defence with bow
and arrows, while still being protected from retaliation by the walls around
them. Somehow the blood that soaks the stones just seems to lie there as if
bleed from the stone itself.</Description>
      <Sector>Inside</Sector>
      <Flags>NoMob</Flags>
      <Exits>
        <Exit>
          <Direction>West</Direction>
          <Destination>23211</Destination>
          <Display>the door west</Display>
          <Keywords></Keywords>
          <Description></Description>
          <Flags></Flags>
          <Keys>0</Keys>
          <ExitSize>Giant</ExitSize>
        </Exit>
      </Exits>
      <ExtraDescriptions />
    </Room>
    <Room>
      <VNum>23214</VNum>
      <Name>On a reddened parapet</Name>
      <Description>You are nestled within a blood soaked parapet overlooking the ruins of the
ancient elven city. From here the warriors could provide easy defence with bow
and arrows, while still being protected from retaliation by the walls around
them. Somehow the blood that soaks the stones just seems to lie there as if
bleed from the stone itself.</Description>
      <Sector>Inside</Sector>
      <Flags>NoMob</Flags>
      <Exits>
        <Exit>
          <Direction>North</Direction>
          <Destination>23211</Destination>
          <Display>the door north</Display>
          <Keywords></Keywords>
          <Description></Description>
          <Flags></Flags>
          <Keys>0</Keys>
          <ExitSize>Giant</ExitSize>
        </Exit>
      </Exits>
      <ExtraDescriptions />
    </Room>
    <Room>
      <VNum>23215</VNum>
      <Name>On a reddened parapet</Name>
      <Description>You are nestled within a blood soaked parapet overlooking the ruins of the
ancient elven city. From here the warriors could provide easy defence with bow
and arrows, while still being protected from retaliation by the walls around
them. Somehow the blood that soaks the stones just seems to lie there as if
bleed from the stone itself.</Description>
      <Sector>Inside</Sector>
      <Flags>NoMob</Flags>
      <Exits>
        <Exit>
          <Direction>East</Direction>
          <Destination>23211</Destination>
          <Display>the door east</Display>
          <Keywords></Keywords>
          <Description></Description>
          <Flags></Flags>
          <Keys>0</Keys>
          <ExitSize>Giant</ExitSize>
        </Exit>
      </Exits>
      <ExtraDescriptions />
    </Room>
    <Room>
      <VNum>23216</VNum>
      <Name>Upon an blood soaked tower battlement</Name>
      <Description>You have walked into a rounded battlement of the tower drenched in wet blood.
The red colour washes away all signs of the stone beneath it and it is almost
impossible to believe that so much blood could be shed in one place. Despite
all the blood there is no sign of bodies and it appears to be just coating
everything but not drying. There are small parapets on the battlements to the
north, east, south and west.</Description>
      <Sector>Inside</Sector>
      <Flags>NoMob</Flags>
      <Exits>
        <Exit>
          <Direction>North</Direction>
          <Destination>23217</Destination>
          <Display>the door north</Display>
          <Keywords></Keywords>
          <Description></Description>
          <Flags></Flags>
          <Keys>0</Keys>
          <ExitSize>Giant</ExitSize>
        </Exit>
        <Exit>
          <Direction>East</Direction>
          <Destination>23218</Destination>
          <Display>the door east</Display>
          <Keywords></Keywords>
          <Description></Description>
          <Flags></Flags>
          <Keys>0</Keys>
          <ExitSize>Giant</ExitSize>
        </Exit>
        <Exit>
          <Direction>South</Direction>
          <Destination>23219</Destination>
          <Display>the door south</Display>
          <Keywords></Keywords>
          <Description></Description>
          <Flags></Flags>
          <Keys>0</Keys>
          <ExitSize>Giant</ExitSize>
        </Exit>
        <Exit>
          <Direction>West</Direction>
          <Destination>23220</Destination>
          <Display>the door west</Display>
          <Keywords></Keywords>
          <Description></Description>
          <Flags></Flags>
          <Keys>0</Keys>
          <ExitSize>Giant</ExitSize>
        </Exit>
        <Exit>
          <Direction>Down</Direction>
          <Destination>23203</Destination>
          <Display>the door down</Display>
          <Keywords></Keywords>
          <Description></Description>
          <Flags></Flags>
          <Keys>0</Keys>
          <ExitSize>Giant</ExitSize>
        </Exit>
      </Exits>
      <ExtraDescriptions />
    </Room>
    <Room>
      <VNum>23217</VNum>
      <Name>On a reddened parapet</Name>
      <Description>You are nestled within a blood soaked parapet overlooking the ruins of the
ancient elven city. From here the warriors could provide easy defence with bow
and arrows, while still being protected from retaliation by the walls around
them. Somehow the blood that soaks the stones just seems to lie there as if
bleed from the stone itself.</Description>
      <Sector>Inside</Sector>
      <Flags>NoMob</Flags>
      <Exits>
        <Exit>
          <Direction>South</Direction>
          <Destination>23216</Destination>
          <Display>the door south</Display>
          <Keywords></Keywords>
          <Description></Description>
          <Flags></Flags>
          <Keys>0</Keys>
          <ExitSize>Giant</ExitSize>
        </Exit>
      </Exits>
      <ExtraDescriptions />
    </Room>
    <Room>
      <VNum>23218</VNum>
      <Name>On a reddened parapet</Name>
      <Description>You are nestled within a blood soaked parapet overlooking the ruins of the
ancient elven city. From here the warriors could provide easy defence with bow
and arrows, while still being protected from retaliation by the walls around
them. Somehow the blood that soaks the stones just seems to lie there as if
bleed from the stone itself.</Description>
      <Sector>Inside</Sector>
      <Flags>NoMob</Flags>
      <Exits>
        <Exit>
          <Direction>West</Direction>
          <Destination>23216</Destination>
          <Display>the door west</Display>
          <Keywords></Keywords>
          <Description></Description>
          <Flags></Flags>
          <Keys>0</Keys>
          <ExitSize>Giant</ExitSize>
        </Exit>
      </Exits>
      <ExtraDescriptions />
    </Room>
    <Room>
      <VNum>23219</VNum>
      <Name>On a reddened parapet</Name>
      <Description>You are nestled within a blood soaked parapet overlooking the ruins of the
ancient elven city. From here the warriors could provide easy defence with bow
and arrows, while still being protected from retaliation by the walls around
them. Somehow the blood that soaks the stones just seems to lie there as if
bleed from the stone itself.</Description>
      <Sector>Inside</Sector>
      <Flags>NoMob</Flags>
      <Exits>
        <Exit>
          <Direction>North</Direction>
          <Destination>23216</Destination>
          <Display>the door north</Display>
          <Keywords></Keywords>
          <Description></Description>
          <Flags></Flags>
          <Keys>0</Keys>
          <ExitSize>Giant</ExitSize>
        </Exit>
      </Exits>
      <ExtraDescriptions />
    </Room>
    <Room>
      <VNum>23220</VNum>
      <Name>On a reddened parapet</Name>
      <Description>You are nestled within a blood soaked parapet overlooking the ruins of the
ancient elven city. From here the warriors could provide easy defence with bow
and arrows, while still being protected from retaliation by the walls around
them. Somehow the blood that soaks the stones just seems to lie there as if
bleed from the stone itself.</Description>
      <Sector>Inside</Sector>
      <Flags>NoMob</Flags>
      <Exits>
        <Exit>
          <Direction>East</Direction>
          <Destination>23216</Destination>
          <Display>the door east</Display>
          <Keywords></Keywords>
          <Description></Description>
          <Flags></Flags>
          <Keys>0</Keys>
          <ExitSize>Giant</ExitSize>
        </Exit>
      </Exits>
      <ExtraDescriptions />
    </Room>
    <Room>
      <VNum>23221</VNum>
      <Name>In a room of dark red stone</Name>
      <Description>This room is unlike any other in this tower. The blood that coats the walls
and floors of the other rooms is absent from here, and the chill that
permeates  the air is even colder. Only dark red stones make this any different
from a  normal castle room. To the north is a large red door.</Description>
      <Sector>Inside</Sector>
      <Flags>NoMob</Flags>
      <Exits>
        <Exit>
          <Direction>North</Direction>
          <Destination>23204</Destination>
          <Display>the door north</Display>
          <Keywords></Keywords>
          <Description></Description>
          <Flags>Door Closed Locked PickProof</Flags>
          <Keys>23201</Keys>
          <ExitSize>Giant</ExitSize>
        </Exit>
      </Exits>
      <ExtraDescriptions />
    </Room>
  </Rooms>
  <NPCs>
    <NPC>
      <Vnum>23200</Vnum>
      <name>undead archer</name>
      <description></description>
      <longDescription>An ancient elven archer turns his dead eyes upon you and hisses with hunger!</longDescription>
      <shortDescription>an undead archer</shortDescription>
      <Sex>None</Sex>
      <level>56</level>
      <HitPointDiceSides>50</HitPointDiceSides>
      <HitPointDiceCount>10</HitPointDiceCount>
      <HitPointDiceBonus>7500</HitPointDiceBonus>
      <ManaPointDiceSides>1</ManaPointDiceSides>
      <ManaPointDiceCount>1</ManaPointDiceCount>
      <ManaPointDiceBonus>100</ManaPointDiceBonus>
      <trust>56</trust>
      <hitpoints>1120</hitpoints>
      <maxhitpoints>1120</maxhitpoints>
      <manapoints>0</manapoints>
      <maxmanapoints>0</maxmanapoints>
      <movementpoints>0</movementpoints>
      <maxmovementpoints>0</maxmovementpoints>
      <ArmorBash>-260</ArmorBash>
      <ArmorSlash>-260</ArmorSlash>
      <ArmorPierce>-260</ArmorPierce>
      <ArmorExotic>-100</ArmorExotic>
      <size>Medium</size>
      <race>undead</race>
      <alignment>Evil</alignment>
      <ethos>0</ethos>
      <hitroll>0</hitroll>
      <damRoll>56</damRoll>
      <armorclass>0</armorclass>
      <silver>0</silver>
      <gold>0</gold>
      <SavingThrow>0</SavingThrow>
      <Guild>warrior</Guild>
      <flags>NPC Sentinel Aggressive StayArea Warrior</flags>
      <immune></immune>
      <resist></resist>
      <vulnerable></vulnerable>
      <affectedBy>DetectInvis DetectMagic DetectHidden Infrared DetectIllusion PassDoor DarkVision</affectedBy>
      <WiznetFlags></WiznetFlags>
      <WeaponDamageMessage>punch</WeaponDamageMessage>
      <DamageDiceSides>10</DamageDiceSides>
      <DamageDiceCount>4</DamageDiceCount>
      <DamageDiceBonus>24</DamageDiceBonus>
      <PermanentStats>
        <Strength>16</Strength>
        <Wisdom>16</Wisdom>
        <Intelligence>16</Intelligence>
        <Dexterity>16</Dexterity>
        <Constitution>16</Constitution>
        <Charisma>16</Charisma>
      </PermanentStats>
    </NPC>
    <NPC>
      <Vnum>23201</Vnum>
      <name>undead warrior</name>
      <description></description>
      <longDescription>An ancient elven warrior raises his sword and attacks!</longDescription>
      <shortDescription>an undead elven warrior</shortDescription>
      <Sex>None</Sex>
      <level>58</level>
      <HitPointDiceSides>50</HitPointDiceSides>
      <HitPointDiceCount>10</HitPointDiceCount>
      <HitPointDiceBonus>8000</HitPointDiceBonus>
      <ManaPointDiceSides>1</ManaPointDiceSides>
      <ManaPointDiceCount>1</ManaPointDiceCount>
      <ManaPointDiceBonus>100</ManaPointDiceBonus>
      <trust>58</trust>
      <hitpoints>1160</hitpoints>
      <maxhitpoints>1160</maxhitpoints>
      <manapoints>0</manapoints>
      <maxmanapoints>0</maxmanapoints>
      <movementpoints>0</movementpoints>
      <maxmovementpoints>0</maxmovementpoints>
      <ArmorBash>-300</ArmorBash>
      <ArmorSlash>-300</ArmorSlash>
      <ArmorPierce>-300</ArmorPierce>
      <ArmorExotic>-150</ArmorExotic>
      <size>Medium</size>
      <race>undead</race>
      <alignment>Evil</alignment>
      <ethos>0</ethos>
      <hitroll>1</hitroll>
      <damRoll>58</damRoll>
      <armorclass>0</armorclass>
      <silver>0</silver>
      <gold>0</gold>
      <SavingThrow>0</SavingThrow>
      <Guild>warrior</Guild>
      <flags>NPC Sentinel Aggressive StayArea Warrior</flags>
      <immune></immune>
      <resist></resist>
      <vulnerable></vulnerable>
      <affectedBy>DetectInvis DetectMagic DetectHidden Infrared DetectIllusion PassDoor DarkVision</affectedBy>
      <WiznetFlags></WiznetFlags>
      <WeaponDamageMessage>punch</WeaponDamageMessage>
      <DamageDiceSides>5</DamageDiceSides>
      <DamageDiceCount>10</DamageDiceCount>
      <DamageDiceBonus>27</DamageDiceBonus>
      <PermanentStats>
        <Strength>16</Strength>
        <Wisdom>16</Wisdom>
        <Intelligence>16</Intelligence>
        <Dexterity>16</Dexterity>
        <Constitution>16</Constitution>
        <Charisma>16</Charisma>
      </PermanentStats>
    </NPC>
    <NPC>
      <Vnum>23202</Vnum>
      <name>undead paladin</name>
      <description></description>
      <longDescription>A tall elf in royal armor stares at you with blood red eyes.</longDescription>
      <shortDescription>an undead paladin</shortDescription>
      <Sex>None</Sex>
      <level>60</level>
      <HitPointDiceSides>50</HitPointDiceSides>
      <HitPointDiceCount>10</HitPointDiceCount>
      <HitPointDiceBonus>9500</HitPointDiceBonus>
      <ManaPointDiceSides>1</ManaPointDiceSides>
      <ManaPointDiceCount>1</ManaPointDiceCount>
      <ManaPointDiceBonus>100</ManaPointDiceBonus>
      <trust>60</trust>
      <hitpoints>1200</hitpoints>
      <maxhitpoints>1200</maxhitpoints>
      <manapoints>0</manapoints>
      <maxmanapoints>0</maxmanapoints>
      <movementpoints>0</movementpoints>
      <maxmovementpoints>0</maxmovementpoints>
      <ArmorBash>-300</ArmorBash>
      <ArmorSlash>-300</ArmorSlash>
      <ArmorPierce>-300</ArmorPierce>
      <ArmorExotic>-150</ArmorExotic>
      <size>Medium</size>
      <race>undead</race>
      <alignment>Evil</alignment>
      <ethos>0</ethos>
      <hitroll>0</hitroll>
      <damRoll>60</damRoll>
      <armorclass>0</armorclass>
      <silver>0</silver>
      <gold>0</gold>
      <SavingThrow>0</SavingThrow>
      <Guild>warrior</Guild>
      <flags>NPC Sentinel Aggressive StayArea Warrior</flags>
      <immune></immune>
      <resist></resist>
      <vulnerable></vulnerable>
      <affectedBy>DetectInvis DetectMagic DetectHidden Infrared DetectIllusion PassDoor DarkVision</affectedBy>
      <WiznetFlags></WiznetFlags>
      <WeaponDamageMessage>punch</WeaponDamageMessage>
      <DamageDiceSides>8</DamageDiceSides>
      <DamageDiceCount>6</DamageDiceCount>
      <DamageDiceBonus>28</DamageDiceBonus>
      <PermanentStats>
        <Strength>16</Strength>
        <Wisdom>16</Wisdom>
        <Intelligence>16</Intelligence>
        <Dexterity>16</Dexterity>
        <Constitution>16</Constitution>
        <Charisma>16</Charisma>
      </PermanentStats>
    </NPC>
    <NPC>
      <Vnum>23203</Vnum>
      <name>elf deathknight elven</name>
      <description>This elf has surrended his soul to the darkness that descended upon his city
so long ago. There is no feeling in his movements, no soul in his eyes, just
death and an uncaring need to destroy life where he has none.</description>
      <longDescription>An elven knight stares at you with burning red eyes that devour your soul.</longDescription>
      <shortDescription>the elven deathknight</shortDescription>
      <Sex>Male</Sex>
      <level>60</level>
      <HitPointDiceSides>50</HitPointDiceSides>
      <HitPointDiceCount>10</HitPointDiceCount>
      <HitPointDiceBonus>6000</HitPointDiceBonus>
      <ManaPointDiceSides>1</ManaPointDiceSides>
      <ManaPointDiceCount>1</ManaPointDiceCount>
      <ManaPointDiceBonus>100</ManaPointDiceBonus>
      <trust>60</trust>
      <hitpoints>1200</hitpoints>
      <maxhitpoints>1200</maxhitpoints>
      <manapoints>0</manapoints>
      <maxmanapoints>0</maxmanapoints>
      <movementpoints>0</movementpoints>
      <maxmovementpoints>0</maxmovementpoints>
      <ArmorBash>-300</ArmorBash>
      <ArmorSlash>-300</ArmorSlash>
      <ArmorPierce>-300</ArmorPierce>
      <ArmorExotic>-300</ArmorExotic>
      <size>Medium</size>
      <race>human</race>
      <alignment>Evil</alignment>
      <ethos>0</ethos>
      <hitroll>2</hitroll>
      <damRoll>60</damRoll>
      <armorclass>0</armorclass>
      <silver>0</silver>
      <gold>0</gold>
      <SavingThrow>0</SavingThrow>
      <Guild>warrior</Guild>
      <flags>NPC Sentinel StayArea Warrior AreaAttack Fade</flags>
      <immune></immune>
      <resist></resist>
      <vulnerable></vulnerable>
      <affectedBy>DetectInvis DetectMagic DetectHidden Sanctuary DetectIllusion</affectedBy>
      <WiznetFlags></WiznetFlags>
      <WeaponDamageMessage>punch</WeaponDamageMessage>
      <DamageDiceSides>8</DamageDiceSides>
      <DamageDiceCount>6</DamageDiceCount>
      <DamageDiceBonus>30</DamageDiceBonus>
      <PermanentStats>
        <Strength>16</Strength>
        <Wisdom>16</Wisdom>
        <Intelligence>16</Intelligence>
        <Dexterity>16</Dexterity>
        <Constitution>16</Constitution>
        <Charisma>16</Charisma>
      </PermanentStats>
    </NPC>
  </NPCs>
  <Items>
    <Item>
      <VNum>23200</VNum>
      <Name>red seal parchment</Name>
      <ShortDescription>a red tinted seal</ShortDescription>
      <LongDescription>A piece of parchment scrawled with red tinted writing is here.</LongDescription>
      <Description></Description>
      <Level>0</Level>
      <WeaponDamageType>none</WeaponDamageType>
      <WeaponType>None</WeaponType>
      <DiceSides>1</DiceSides>
      <DiceCount>1</DiceCount>
      <DiceBonus>1</DiceBonus>
      <Weight>0.1</Weight>
      <WearFlags>Take Hold</WearFlags>
      <ExtraFlags></ExtraFlags>
      <ItemTypes>Trash</ItemTypes>
      <Affects />
      <Silver>0</Silver>
      <Gold>0</Gold>
      <Cost>0</Cost>
      <Nutrition>0</Nutrition>
      <Liquid></Liquid>
      <MaxWeight>0</MaxWeight>
      <Material>paper</Material>
      <Charges>0</Charges>
      <MaxCharges>0</MaxCharges>
      <MaxDurability>100</MaxDurability>
      <ArmorBash>0</ArmorBash>
      <ArmorSlash>0</ArmorSlash>
      <ArmorPierce>0</ArmorPierce>
      <ArmorExotic>0</ArmorExotic>
      <ExtraDescriptions>
        <ExtraDescription>
          <Keyword>red seal parchment</Keyword>
          <Description>This piece of paper talks about the blood letting of the elves and the use of
their blood to raise the evil that has spread from the ancient city of Myth
Drannor. It describes the way that the blood was collected in a tower and used
to fuel the burning fires of hell, and how the mages and clerics were corrupted
in order to provide the power to initiate the rising. Blue, for the pure energy
of magic-users, and green, for the life giving powers of nature and clerics,
constitue the other two colours of power involved in the raising of the great
power that resides here. Once the red, blue and green are finally
joined the black tower will reveal it's secrets..</Description>
        </ExtraDescription>
      </ExtraDescriptions>
    </Item>
    <Item>
      <VNum>23201</VNum>
      <Name>red key</Name>
      <ShortDescription>a blood red key</ShortDescription>
      <LongDescription>A key the colour of blood sits on the ground.</LongDescription>
      <Description></Description>
      <Level>0</Level>
      <WeaponDamageType>none</WeaponDamageType>
      <WeaponType>None</WeaponType>
      <DiceSides>1</DiceSides>
      <DiceCount>1</DiceCount>
      <DiceBonus>1</DiceBonus>
      <Weight>0.1</Weight>
      <WearFlags>Take Hold</WearFlags>
      <ExtraFlags></ExtraFlags>
      <ItemTypes>Key</ItemTypes>
      <Affects />
      <Silver>0</Silver>
      <Gold>0</Gold>
      <Cost>0</Cost>
      <Nutrition>0</Nutrition>
      <Liquid></Liquid>
      <MaxWeight>0</MaxWeight>
      <Material>steel</Material>
      <Charges>0</Charges>
      <MaxCharges>0</MaxCharges>
      <MaxDurability>100</MaxDurability>
      <ArmorBash>0</ArmorBash>
      <ArmorSlash>0</ArmorSlash>
      <ArmorPierce>0</ArmorPierce>
      <ArmorExotic>0</ArmorExotic>
      <ExtraDescriptions />
    </Item>
    <Item>
      <VNum>23202</VNum>
      <Name>wood wooden bow</Name>
      <ShortDescription>an wooden bow</ShortDescription>
      <LongDescription>A decayed old wood bow is on the ground.</LongDescription>
      <Description></Description>
      <Level>36</Level>
      <WeaponDamageType>pierce</WeaponDamageType>
      <WeaponType>Exotic</WeaponType>
      <DiceSides>6</DiceSides>
      <DiceCount>7</DiceCount>
      <DiceBonus>0</DiceBonus>
      <Weight>5</Weight>
      <WearFlags>Take Wield</WearFlags>
      <ExtraFlags>Dark Evil</ExtraFlags>
      <ItemTypes>Weapon</ItemTypes>
      <Affects />
      <Silver>0</Silver>
      <Gold>0</Gold>
      <Cost>12000</Cost>
      <Nutrition>0</Nutrition>
      <Liquid></Liquid>
      <MaxWeight>0</MaxWeight>
      <Material>wood</Material>
      <Charges>0</Charges>
      <MaxCharges>0</MaxCharges>
      <MaxDurability>100</MaxDurability>
      <ArmorBash>0</ArmorBash>
      <ArmorSlash>0</ArmorSlash>
      <ArmorPierce>0</ArmorPierce>
      <ArmorExotic>0</ArmorExotic>
      <ExtraDescriptions />
    </Item>
    <Item>
      <VNum>23203</VNum>
      <Name>black sword</Name>
      <ShortDescription>a black sword</ShortDescription>
      <LongDescription>A sword of pure black material is here.</LongDescription>
      <Description></Description>
      <Level>40</Level>
      <WeaponDamageType>slash</WeaponDamageType>
      <WeaponType>Sword</WeaponType>
      <DiceSides>6</DiceSides>
      <DiceCount>7</DiceCount>
      <DiceBonus>0</DiceBonus>
      <Weight>8</Weight>
      <WearFlags>Take Wield</WearFlags>
      <ExtraFlags>Dark Evil AntiGood</ExtraFlags>
      <ItemTypes>Weapon</ItemTypes>
      <Affects />
      <Silver>0</Silver>
      <Gold>0</Gold>
      <Cost>11000</Cost>
      <Nutrition>0</Nutrition>
      <Liquid></Liquid>
      <MaxWeight>0</MaxWeight>
      <Material>obsidian</Material>
      <Charges>0</Charges>
      <MaxCharges>0</MaxCharges>
      <MaxDurability>100</MaxDurability>
      <ArmorBash>0</ArmorBash>
      <ArmorSlash>0</ArmorSlash>
      <ArmorPierce>0</ArmorPierce>
      <ArmorExotic>0</ArmorExotic>
      <ExtraDescriptions />
    </Item>
    <Item>
      <VNum>23204</VNum>
      <Name>ancient two handed sword</Name>
      <ShortDescription>an ancient two-handed sword</ShortDescription>
      <LongDescription>A huge two handed sword lies in the ground.</LongDescription>
      <Description></Description>
      <Level>50</Level>
      <WeaponDamageType>slash</WeaponDamageType>
      <WeaponType>Sword</WeaponType>
      <DiceSides>7</DiceSides>
      <DiceCount>7</DiceCount>
      <DiceBonus>0</DiceBonus>
      <Weight>23</Weight>
      <WearFlags>Take Wield</WearFlags>
      <ExtraFlags>Dark Evil Magic NoDrop AntiGood NoRemove</ExtraFlags>
      <ItemTypes>Weapon</ItemTypes>
      <Affects>
        <Affect where="ToObject" level="0" duration="-1" location="Hitroll" modifier="2" hidden="False" affectType="Spell">
          <ExtraState />
        </Affect>
        <Affect where="ToObject" level="0" duration="-1" location="Damroll" modifier="4" hidden="False" affectType="Spell">
          <ExtraState />
        </Affect>
        <Affect where="ToObject" level="0" duration="-1" location="Hitpoints" modifier="-15" hidden="False" affectType="Spell">
          <ExtraState />
        </Affect>
        <Affect where="ToObject" level="0" duration="-1" location="SavingSpell" modifier="5" hidden="False" affectType="Spell">
          <ExtraState />
        </Affect>
      </Affects>
      <Silver>0</Silver>
      <Gold>0</Gold>
      <Cost>15800</Cost>
      <Nutrition>0</Nutrition>
      <Liquid></Liquid>
      <MaxWeight>0</MaxWeight>
      <Material>steel</Material>
      <Charges>0</Charges>
      <MaxCharges>0</MaxCharges>
      <MaxDurability>100</MaxDurability>
      <ArmorBash>0</ArmorBash>
      <ArmorSlash>0</ArmorSlash>
      <ArmorPierce>0</ArmorPierce>
      <ArmorExotic>0</ArmorExotic>
      <ExtraDescriptions />
    </Item>
    <Item>
      <VNum>23205</VNum>
      <Name>blood suit armor</Name>
      <ShortDescription>a suit of blood-red armor</ShortDescription>
      <LongDescription>A fine set of armor the colour of red blood is here.</LongDescription>
      <Description></Description>
      <Level>48</Level>
      <WeaponDamageType>none</WeaponDamageType>
      <WeaponType>None</WeaponType>
      <DiceSides>1</DiceSides>
      <DiceCount>1</DiceCount>
      <DiceBonus>1</DiceBonus>
      <Weight>23</Weight>
      <WearFlags>Take Body</WearFlags>
      <ExtraFlags>Dark Evil</ExtraFlags>
      <ItemTypes>Armor</ItemTypes>
      <Affects>
        <Affect where="ToObject" level="0" duration="-1" location="Damroll" modifier="3" hidden="False" affectType="Spell">
          <ExtraState />
        </Affect>
      </Affects>
      <Silver>0</Silver>
      <Gold>0</Gold>
      <Cost>19999</Cost>
      <Nutrition>0</Nutrition>
      <Liquid></Liquid>
      <MaxWeight>0</MaxWeight>
      <Material>steel</Material>
      <Charges>0</Charges>
      <MaxCharges>0</MaxCharges>
      <MaxDurability>100</MaxDurability>
      <ArmorBash>15</ArmorBash>
      <ArmorSlash>15</ArmorSlash>
      <ArmorPierce>15</ArmorPierce>
      <ArmorExotic>15</ArmorExotic>
      <ExtraDescriptions />
    </Item>
    <Item>
      <VNum>23206</VNum>
      <Name>visor blood</Name>
      <ShortDescription>a blood-encrusted visor</ShortDescription>
      <LongDescription>A visor covered in dried blood is on the floor.</LongDescription>
      <Description></Description>
      <Level>40</Level>
      <WeaponDamageType>none</WeaponDamageType>
      <WeaponType>None</WeaponType>
      <DiceSides>1</DiceSides>
      <DiceCount>1</DiceCount>
      <DiceBonus>1</DiceBonus>
      <Weight>5</Weight>
      <WearFlags>Take Head</WearFlags>
      <ExtraFlags>Hum Dark Evil AntiGood</ExtraFlags>
      <ItemTypes>Armor</ItemTypes>
      <Affects>
        <Affect where="ToObject" level="0" duration="-1" location="Hitroll" modifier="1" hidden="False" affectType="Spell">
          <ExtraState />
        </Affect>
        <Affect where="ToObject" level="0" duration="-1" location="Damroll" modifier="4" hidden="False" affectType="Spell">
          <ExtraState />
        </Affect>
        <Affect where="ToObject" level="0" duration="-1" location="Hitpoints" modifier="-20" hidden="False" affectType="Spell">
          <ExtraState />
        </Affect>
      </Affects>
      <Silver>0</Silver>
      <Gold>0</Gold>
      <Cost>19999</Cost>
      <Nutrition>0</Nutrition>
      <Liquid></Liquid>
      <MaxWeight>0</MaxWeight>
      <Material>steel</Material>
      <Charges>0</Charges>
      <MaxCharges>0</MaxCharges>
      <MaxDurability>100</MaxDurability>
      <ArmorBash>7</ArmorBash>
      <ArmorSlash>9</ArmorSlash>
      <ArmorPierce>8</ArmorPierce>
      <ArmorExotic>5</ArmorExotic>
      <ExtraDescriptions />
    </Item>
    <Item>
      <VNum>23207</VNum>
      <Name>blood hand axe</Name>
      <ShortDescription>a blood-encrusted hand axe</ShortDescription>
      <LongDescription>An axe is lying on the floor in a pool of blood.</LongDescription>
      <Description></Description>
      <Level>35</Level>
      <WeaponDamageType>slash</WeaponDamageType>
      <WeaponType>Axe</WeaponType>
      <DiceSides>3</DiceSides>
      <DiceCount>13</DiceCount>
      <DiceBonus>0</DiceBonus>
      <Weight>16</Weight>
      <WearFlags>Take Wield</WearFlags>
      <ExtraFlags>Glow Dark Evil</ExtraFlags>
      <ItemTypes>Weapon</ItemTypes>
      <Affects>
        <Affect where="ToObject" level="0" duration="-1" location="Hitroll" modifier="3" hidden="False" affectType="Spell">
          <ExtraState />
        </Affect>
        <Affect where="ToObject" level="0" duration="-1" location="Damroll" modifier="3" hidden="False" affectType="Spell">
          <ExtraState />
        </Affect>
      </Affects>
      <Silver>0</Silver>
      <Gold>0</Gold>
      <Cost>16000</Cost>
      <Nutrition>0</Nutrition>
      <Liquid></Liquid>
      <MaxWeight>0</MaxWeight>
      <Material>iron</Material>
      <Charges>0</Charges>
      <MaxCharges>0</MaxCharges>
      <MaxDurability>100</MaxDurability>
      <ArmorBash>0</ArmorBash>
      <ArmorSlash>0</ArmorSlash>
      <ArmorPierce>0</ArmorPierce>
      <ArmorExotic>0</ArmorExotic>
      <ExtraDescriptions />
    </Item>
    <Item>
      <VNum>23208</VNum>
      <Name>thin dagger</Name>
      <ShortDescription>a thin bladed dagger</ShortDescription>
      <LongDescription>A slim, thin dagger is on the ground.</LongDescription>
      <Description></Description>
      <Level>25</Level>
      <WeaponDamageType>pierce</WeaponDamageType>
      <WeaponType>Dagger</WeaponType>
      <DiceSides>3</DiceSides>
      <DiceCount>13</DiceCount>
      <DiceBonus>0</DiceBonus>
      <Weight>1</Weight>
      <WearFlags>Take Wield</WearFlags>
      <ExtraFlags>Dark Evil</ExtraFlags>
      <ItemTypes>Weapon</ItemTypes>
      <Affects>
        <Affect where="ToObject" level="0" duration="-1" location="Hitroll" modifier="-2" hidden="False" affectType="Spell">
          <ExtraState />
        </Affect>
        <Affect where="ToObject" level="0" duration="-1" location="Damroll" modifier="3" hidden="False" affectType="Spell">
          <ExtraState />
        </Affect>
      </Affects>
      <Silver>0</Silver>
      <Gold>0</Gold>
      <Cost>11000</Cost>
      <Nutrition>0</Nutrition>
      <Liquid></Liquid>
      <MaxWeight>0</MaxWeight>
      <Material>steel</Material>
      <Charges>0</Charges>
      <MaxCharges>0</MaxCharges>
      <MaxDurability>100</MaxDurability>
      <ArmorBash>0</ArmorBash>
      <ArmorSlash>0</ArmorSlash>
      <ArmorPierce>0</ArmorPierce>
      <ArmorExotic>0</ArmorExotic>
      <ExtraDescriptions />
    </Item>
    <Item>
      <VNum>23209</VNum>
      <Name>cutter hydraslayer slayer</Name>
      <ShortDescription>a flesh-cutter named 'Hydraslayer'</ShortDescription>
      <LongDescription>A sharp slicing instrument is lying on the ground.</LongDescription>
      <Description></Description>
      <Level>50</Level>
      <WeaponDamageType>slice</WeaponDamageType>
      <WeaponType>Exotic</WeaponType>
      <DiceSides>4</DiceSides>
      <DiceCount>9</DiceCount>
      <DiceBonus>0</DiceBonus>
      <Weight>16</Weight>
      <WearFlags>Take Wield</WearFlags>
      <ExtraFlags>Hum Magic</ExtraFlags>
      <ItemTypes>Weapon</ItemTypes>
      <Affects>
        <Affect where="ToObject" level="0" duration="-1" location="Hitroll" modifier="2" hidden="False" affectType="Spell">
          <ExtraState />
        </Affect>
        <Affect where="ToObject" level="0" duration="-1" location="Damroll" modifier="4" hidden="False" affectType="Spell">
          <ExtraState />
        </Affect>
      </Affects>
      <Silver>0</Silver>
      <Gold>0</Gold>
      <Cost>28800</Cost>
      <Nutrition>0</Nutrition>
      <Liquid></Liquid>
      <MaxWeight>0</MaxWeight>
      <Material>steel</Material>
      <Charges>0</Charges>
      <MaxCharges>0</MaxCharges>
      <MaxDurability>100</MaxDurability>
      <ArmorBash>0</ArmorBash>
      <ArmorSlash>0</ArmorSlash>
      <ArmorPierce>0</ArmorPierce>
      <ArmorExotic>0</ArmorExotic>
      <ExtraDescriptions />
    </Item>
  </Items>
  <Resets>
    <Reset Type="NPC" Destination="23207" Count="1" Max="4" Vnum="23200">
      <!--Spawn an undead archer to On a reddened parapet-->
    </Reset>
    <Reset Type="Equip" Destination="0" Count="0" Max="0" Vnum="23202">
      <!--Spawn an wooden bow to an undead archer-->
    </Reset>
    <Reset Type="NPC" Destination="23208" Count="1" Max="4" Vnum="23200">
      <!--Spawn an undead archer to On a reddened parapet-->
    </Reset>
    <Reset Type="Equip" Destination="0" Count="0" Max="0" Vnum="23202">
      <!--Spawn an wooden bow to an undead archer-->
    </Reset>
    <Reset Type="NPC" Destination="23209" Count="1" Max="4" Vnum="23200">
      <!--Spawn an undead archer to On a reddened parapet-->
    </Reset>
    <Reset Type="Equip" Destination="0" Count="0" Max="0" Vnum="23202">
      <!--Spawn an wooden bow to an undead archer-->
    </Reset>
    <Reset Type="Give" Destination="0" Count="0" Max="0" Vnum="23201">
      <!--Spawn a blood red key to an undead archer-->
    </Reset>
    <Reset Type="NPC" Destination="23210" Count="1" Max="4" Vnum="23200">
      <!--Spawn an undead archer to On a reddened parapet-->
    </Reset>
    <Reset Type="Equip" Destination="0" Count="0" Max="0" Vnum="23202">
      <!--Spawn an wooden bow to an undead archer-->
    </Reset>
    <Reset Type="NPC" Destination="23212" Count="1" Max="4" Vnum="23201">
      <!--Spawn an undead elven warrior to On a reddened parapet-->
    </Reset>
    <Reset Type="Equip" Destination="0" Count="0" Max="0" Vnum="23207">
      <!--Spawn a blood-encrusted hand axe to an undead elven warrior-->
    </Reset>
    <Reset Type="Equip" Destination="0" Count="0" Max="0" Vnum="23208">
      <!--Spawn a thin bladed dagger to an undead elven warrior-->
    </Reset>
    <Reset Type="NPC" Destination="23213" Count="1" Max="4" Vnum="23201">
      <!--Spawn an undead elven warrior to On a reddened parapet-->
    </Reset>
    <Reset Type="Equip" Destination="0" Count="0" Max="0" Vnum="23207">
      <!--Spawn a blood-encrusted hand axe to an undead elven warrior-->
    </Reset>
    <Reset Type="Equip" Destination="0" Count="0" Max="0" Vnum="23208">
      <!--Spawn a thin bladed dagger to an undead elven warrior-->
    </Reset>
    <Reset Type="Give" Destination="0" Count="0" Max="0" Vnum="23201">
      <!--Spawn a blood red key to an undead elven warrior-->
    </Reset>
    <Reset Type="NPC" Destination="23214" Count="1" Max="4" Vnum="23201">
      <!--Spawn an undead elven warrior to On a reddened parapet-->
    </Reset>
    <Reset Type="Equip" Destination="0" Count="0" Max="0" Vnum="23207">
      <!--Spawn a blood-encrusted hand axe to an undead elven warrior-->
    </Reset>
    <Reset Type="Equip" Destination="0" Count="0" Max="0" Vnum="23208">
      <!--Spawn a thin bladed dagger to an undead elven warrior-->
    </Reset>
    <Reset Type="NPC" Destination="23215" Count="1" Max="4" Vnum="23201">
      <!--Spawn an undead elven warrior to On a reddened parapet-->
    </Reset>
    <Reset Type="Equip" Destination="0" Count="0" Max="0" Vnum="23207">
      <!--Spawn a blood-encrusted hand axe to an undead elven warrior-->
    </Reset>
    <Reset Type="Equip" Destination="0" Count="0" Max="0" Vnum="23208">
      <!--Spawn a thin bladed dagger to an undead elven warrior-->
    </Reset>
    <Reset Type="NPC" Destination="23217" Count="1" Max="4" Vnum="23202">
      <!--Spawn an undead paladin to On a reddened parapet-->
    </Reset>
    <Reset Type="Equip" Destination="0" Count="0" Max="0" Vnum="23203">
      <!--Spawn a black sword to an undead paladin-->
    </Reset>
    <Reset Type="Give" Destination="0" Count="0" Max="0" Vnum="23201">
      <!--Spawn a blood red key to an undead paladin-->
    </Reset>
    <Reset Type="NPC" Destination="23218" Count="1" Max="4" Vnum="23202">
      <!--Spawn an undead paladin to On a reddened parapet-->
    </Reset>
    <Reset Type="Equip" Destination="0" Count="0" Max="0" Vnum="23203">
      <!--Spawn a black sword to an undead paladin-->
    </Reset>
    <Reset Type="Give" Destination="0" Count="0" Max="0" Vnum="23201">
      <!--Spawn a blood red key to an undead paladin-->
    </Reset>
    <Reset Type="NPC" Destination="23219" Count="1" Max="4" Vnum="23202">
      <!--Spawn an undead paladin to On a reddened parapet-->
    </Reset>
    <Reset Type="Equip" Destination="0" Count="0" Max="0" Vnum="23203">
      <!--Spawn a black sword to an undead paladin-->
    </Reset>
    <Reset Type="Give" Destination="0" Count="0" Max="0" Vnum="23201">
      <!--Spawn a blood red key to an undead paladin-->
    </Reset>
    <Reset Type="NPC" Destination="23220" Count="1" Max="4" Vnum="23202">
      <!--Spawn an undead paladin to On a reddened parapet-->
    </Reset>
    <Reset Type="Equip" Destination="0" Count="0" Max="0" Vnum="23203">
      <!--Spawn a black sword to an undead paladin-->
    </Reset>
    <Reset Type="Give" Destination="0" Count="0" Max="0" Vnum="23201">
      <!--Spawn a blood red key to an undead paladin-->
    </Reset>
    <Reset Type="NPC" Destination="23221" Count="1" Max="1" Vnum="23203">
      <!--Spawn the elven deathknight to In a room of dark red stone-->
    </Reset>
    <Reset Type="Give" Destination="0" Count="0" Max="0" Vnum="23200">
      <!--Spawn a red tinted seal to the elven deathknight-->
    </Reset>
    <Reset Type="Equip" Destination="0" Count="0" Max="0" Vnum="23204">
      <!--Spawn an ancient two-handed sword to the elven deathknight-->
    </Reset>
    <Reset Type="Equip" Destination="0" Count="0" Max="0" Vnum="13738">
      <!--Spawn a flesh-cutter named 'Hydraslayer' to the elven deathknight-->
    </Reset>
    <Reset Type="Equip" Destination="0" Count="0" Max="0" Vnum="23205">
      <!--Spawn a suit of blood-red armor to the elven deathknight-->
    </Reset>
    <Reset Type="Equip" Destination="0" Count="0" Max="0" Vnum="23206">
      <!--Spawn a blood-encrusted visor to the elven deathknight-->
    </Reset>
  </Resets>
</Area>