﻿<?xml version="1.0" encoding="utf-8"?>
<Area>
  <AreaData>
    <Name>The Veil</Name>
    <Info></Info>
    <VnumStart>-23036</VnumStart>
    <VnumEnd>-22837</VnumEnd>
    <MinimumLevel>1</MinimumLevel>
    <MaximumLevel>51</MaximumLevel>
    <Builders></Builders>
    <Security>0</Security>
    <Credits>Athillus       The Veil</Credits>
    <Continent>Mainland</Continent>
    <OverRoomVnum>0</OverRoomVnum>
  </AreaData>
  <Rooms />
  <NPCs />
  <Items />
  <Resets />
</Area>