﻿<?xml version="1.0" encoding="utf-8"?>
<Area>
  <AreaData>
    <Name>The Hobo Train Yard</Name>
    <Info></Info>
    <VnumStart>17600</VnumStart>
    <VnumEnd>17680</VnumEnd>
    <MinimumLevel>40</MinimumLevel>
    <MaximumLevel>51</MaximumLevel>
    <Builders></Builders>
    <Security>0</Security>
    <Credits>Merthairu The Hobo Train Yard</Credits>
    <Continent>Mainland</Continent>
    <OverRoomVnum>0</OverRoomVnum>
  </AreaData>
  <Rooms>
    <Room>
      <VNum>17600</VNum>
      <Name>A beaten path</Name>
      <Description>This small path is nearly completely hidden from view due to the valley
far above. This trail leads down to a smaller, narrow path. A broken, small
wooden sign is stuck in the ground. Looking back you find the trail gone!</Description>
      <Sector>Hills</Sector>
      <Flags>Dark</Flags>
      <Exits>
        <Exit>
          <Direction>North</Direction>
          <Destination>17601</Destination>
          <Display>the door north</Display>
          <Keywords></Keywords>
          <Description></Description>
          <Flags></Flags>
          <Keys>0</Keys>
          <ExitSize>Giant</ExitSize>
        </Exit>
        <Exit>
          <Direction>West</Direction>
          <Destination>11030</Destination>
          <Display>the door west</Display>
          <Keywords></Keywords>
          <Description></Description>
          <Flags></Flags>
          <Keys>0</Keys>
          <ExitSize>Giant</ExitSize>
        </Exit>
      </Exits>
      <ExtraDescriptions>
        <ExtraDescription>
          <Keyword>sign</Keyword>
          <Description>Welcome to the Hobo Train Yard!
Beware, Hobo's await you!</Description>
        </ExtraDescription>
      </ExtraDescriptions>
    </Room>
    <Room>
      <VNum>17601</VNum>
      <Name>A narrow road</Name>
      <Description>This narrow road leads north to the old trail tracks. The roadside is
lined with medium sized rocks and flowers to give it a welcoming look. To
the sides of the road you notice old boxes and beer bottles, along with many
signs of hobo life.</Description>
      <Sector>Hills</Sector>
      <Flags>Dark</Flags>
      <Exits>
        <Exit>
          <Direction>North</Direction>
          <Destination>17602</Destination>
          <Display>the door north</Display>
          <Keywords></Keywords>
          <Description></Description>
          <Flags></Flags>
          <Keys>0</Keys>
          <ExitSize>Giant</ExitSize>
        </Exit>
        <Exit>
          <Direction>South</Direction>
          <Destination>17600</Destination>
          <Display>the door south</Display>
          <Keywords></Keywords>
          <Description></Description>
          <Flags></Flags>
          <Keys>0</Keys>
          <ExitSize>Giant</ExitSize>
        </Exit>
      </Exits>
      <ExtraDescriptions />
    </Room>
    <Room>
      <VNum>17602</VNum>
      <Name>A narrow road</Name>
      <Description>This narrow road leads north to the old trail tracks. The roadside is
lined with medium sized rocks and flowers to give it a welcoming look. To
the sides of the road you notice old boxes and beer bottles, along with many
signs of hobo life.</Description>
      <Sector>Hills</Sector>
      <Flags>Dark</Flags>
      <Exits>
        <Exit>
          <Direction>North</Direction>
          <Destination>17603</Destination>
          <Display>the door north</Display>
          <Keywords></Keywords>
          <Description></Description>
          <Flags></Flags>
          <Keys>0</Keys>
          <ExitSize>Giant</ExitSize>
        </Exit>
        <Exit>
          <Direction>South</Direction>
          <Destination>17601</Destination>
          <Display>the door south</Display>
          <Keywords></Keywords>
          <Description></Description>
          <Flags></Flags>
          <Keys>0</Keys>
          <ExitSize>Giant</ExitSize>
        </Exit>
      </Exits>
      <ExtraDescriptions />
    </Room>
    <Room>
      <VNum>17603</VNum>
      <Name>A narrow road</Name>
      <Description>This narrow road leads north to the old trail tracks. The roadside is
lined with medium sized rocks and flowers to give it a welcoming look. To
the sides of the road you notice old boxes and beer bottles, along with many
signs of hobo life.</Description>
      <Sector>Hills</Sector>
      <Flags>Dark</Flags>
      <Exits>
        <Exit>
          <Direction>North</Direction>
          <Destination>17604</Destination>
          <Display>the door north</Display>
          <Keywords></Keywords>
          <Description></Description>
          <Flags></Flags>
          <Keys>0</Keys>
          <ExitSize>Giant</ExitSize>
        </Exit>
        <Exit>
          <Direction>South</Direction>
          <Destination>17602</Destination>
          <Display>the door south</Display>
          <Keywords></Keywords>
          <Description></Description>
          <Flags></Flags>
          <Keys>0</Keys>
          <ExitSize>Giant</ExitSize>
        </Exit>
      </Exits>
      <ExtraDescriptions />
    </Room>
    <Room>
      <VNum>17604</VNum>
      <Name>Beside an iron gate</Name>
      <Description>The small road widens here before an iron fence. North is a massive ion
gate with an automatic lock. The gates lock is however, not locked. To the
west is a small shack for the watchman to sit on his ass and keep out the
riff raff. The road continues to the north.</Description>
      <Sector>Hills</Sector>
      <Flags>Dark</Flags>
      <Exits>
        <Exit>
          <Direction>North</Direction>
          <Destination>17606</Destination>
          <Display>the door north</Display>
          <Keywords></Keywords>
          <Description></Description>
          <Flags>Door Closed</Flags>
          <Keys>0</Keys>
          <ExitSize>Giant</ExitSize>
        </Exit>
        <Exit>
          <Direction>South</Direction>
          <Destination>17603</Destination>
          <Display>the door south</Display>
          <Keywords></Keywords>
          <Description></Description>
          <Flags></Flags>
          <Keys>0</Keys>
          <ExitSize>Giant</ExitSize>
        </Exit>
        <Exit>
          <Direction>West</Direction>
          <Destination>17605</Destination>
          <Display>the door west</Display>
          <Keywords></Keywords>
          <Description></Description>
          <Flags></Flags>
          <Keys>0</Keys>
          <ExitSize>Giant</ExitSize>
        </Exit>
      </Exits>
      <ExtraDescriptions />
    </Room>
    <Room>
      <VNum>17605</VNum>
      <Name>The watchman's shack</Name>
      <Description>This small wooden shack is here to keep the watchman comfortable while
keeping watch over the old train tracks. On the southern wall is a small
portable TV, along with a variety of muchies and drinks. On the eastern wall
is the door, which you came through. To the west and north is a counter
piled high with papers. A cracked light bulb flickers and buzzes from the
ceiling.</Description>
      <Sector>Inside</Sector>
      <Flags>NoMob</Flags>
      <Exits>
        <Exit>
          <Direction>East</Direction>
          <Destination>17604</Destination>
          <Display>the door east</Display>
          <Keywords></Keywords>
          <Description></Description>
          <Flags></Flags>
          <Keys>0</Keys>
          <ExitSize>Giant</ExitSize>
        </Exit>
      </Exits>
      <ExtraDescriptions />
    </Room>
    <Room>
      <VNum>17606</VNum>
      <Name>A small sidewalk</Name>
      <Description>This small concrete sidewalk leads east west along with train tracks. The
sidewalk is lit by a series of old rusty streetlights. The shadows of the
old train cars leaves an eerie feeling all around you. You can here voices
and grumbles from the hobo's living inside the train cars.</Description>
      <Sector>City</Sector>
      <Flags>Dark</Flags>
      <Exits>
        <Exit>
          <Direction>North</Direction>
          <Destination>17617</Destination>
          <Display>the door north</Display>
          <Keywords></Keywords>
          <Description></Description>
          <Flags></Flags>
          <Keys>0</Keys>
          <ExitSize>Giant</ExitSize>
        </Exit>
        <Exit>
          <Direction>East</Direction>
          <Destination>17612</Destination>
          <Display>the door east</Display>
          <Keywords></Keywords>
          <Description></Description>
          <Flags></Flags>
          <Keys>0</Keys>
          <ExitSize>Giant</ExitSize>
        </Exit>
        <Exit>
          <Direction>South</Direction>
          <Destination>17604</Destination>
          <Display>the door south</Display>
          <Keywords></Keywords>
          <Description></Description>
          <Flags>Door Closed</Flags>
          <Keys>0</Keys>
          <ExitSize>Giant</ExitSize>
        </Exit>
        <Exit>
          <Direction>West</Direction>
          <Destination>17607</Destination>
          <Display>the door west</Display>
          <Keywords></Keywords>
          <Description></Description>
          <Flags></Flags>
          <Keys>0</Keys>
          <ExitSize>Giant</ExitSize>
        </Exit>
      </Exits>
      <ExtraDescriptions />
    </Room>
    <Room>
      <VNum>17607</VNum>
      <Name>A small sidewalk</Name>
      <Description>This small concrete sidewalk leads east west along with train tracks. The
sidewalk is lit by a series of old rusty streetlights. The shadows of the
old train cars leaves an eerie feeling all around you. You can here voices
and grumbles from the hobo's living inside the train cars.</Description>
      <Sector>City</Sector>
      <Flags>Dark</Flags>
      <Exits>
        <Exit>
          <Direction>North</Direction>
          <Destination>17618</Destination>
          <Display>the door north</Display>
          <Keywords></Keywords>
          <Description></Description>
          <Flags></Flags>
          <Keys>0</Keys>
          <ExitSize>Giant</ExitSize>
        </Exit>
        <Exit>
          <Direction>East</Direction>
          <Destination>17606</Destination>
          <Display>the door east</Display>
          <Keywords></Keywords>
          <Description></Description>
          <Flags></Flags>
          <Keys>0</Keys>
          <ExitSize>Giant</ExitSize>
        </Exit>
        <Exit>
          <Direction>West</Direction>
          <Destination>17608</Destination>
          <Display>the door west</Display>
          <Keywords></Keywords>
          <Description></Description>
          <Flags></Flags>
          <Keys>0</Keys>
          <ExitSize>Giant</ExitSize>
        </Exit>
      </Exits>
      <ExtraDescriptions />
    </Room>
    <Room>
      <VNum>17608</VNum>
      <Name>A small sidewalk</Name>
      <Description>This small concrete sidewalk leads east west along with train tracks. The
sidewalk is lit by a series of old rusty streetlights. The shadows of the
old train cars leaves an eerie feeling all around you. You can here voices
and grumbles from the hobo's living inside the train cars.</Description>
      <Sector>City</Sector>
      <Flags>Dark</Flags>
      <Exits>
        <Exit>
          <Direction>North</Direction>
          <Destination>17619</Destination>
          <Display>the door north</Display>
          <Keywords></Keywords>
          <Description></Description>
          <Flags></Flags>
          <Keys>0</Keys>
          <ExitSize>Giant</ExitSize>
        </Exit>
        <Exit>
          <Direction>East</Direction>
          <Destination>17607</Destination>
          <Display>the door east</Display>
          <Keywords></Keywords>
          <Description></Description>
          <Flags></Flags>
          <Keys>0</Keys>
          <ExitSize>Giant</ExitSize>
        </Exit>
        <Exit>
          <Direction>West</Direction>
          <Destination>17609</Destination>
          <Display>the door west</Display>
          <Keywords></Keywords>
          <Description></Description>
          <Flags></Flags>
          <Keys>0</Keys>
          <ExitSize>Giant</ExitSize>
        </Exit>
      </Exits>
      <ExtraDescriptions />
    </Room>
    <Room>
      <VNum>17609</VNum>
      <Name>A small sidewalk</Name>
      <Description>This small concrete sidewalk leads east west along with train tracks. The
sidewalk is lit by a series of old rusty streetlights. The shadows of the
old train cars leaves an eerie feeling all around you. You can here voices
and grumbles from the hobo's living inside the train cars.</Description>
      <Sector>City</Sector>
      <Flags>Dark</Flags>
      <Exits>
        <Exit>
          <Direction>North</Direction>
          <Destination>17620</Destination>
          <Display>the door north</Display>
          <Keywords></Keywords>
          <Description></Description>
          <Flags></Flags>
          <Keys>0</Keys>
          <ExitSize>Giant</ExitSize>
        </Exit>
        <Exit>
          <Direction>East</Direction>
          <Destination>17608</Destination>
          <Display>the door east</Display>
          <Keywords></Keywords>
          <Description></Description>
          <Flags></Flags>
          <Keys>0</Keys>
          <ExitSize>Giant</ExitSize>
        </Exit>
        <Exit>
          <Direction>West</Direction>
          <Destination>17610</Destination>
          <Display>the door west</Display>
          <Keywords></Keywords>
          <Description></Description>
          <Flags></Flags>
          <Keys>0</Keys>
          <ExitSize>Giant</ExitSize>
        </Exit>
      </Exits>
      <ExtraDescriptions />
    </Room>
    <Room>
      <VNum>17610</VNum>
      <Name>A small sidewalk</Name>
      <Description>This small concrete sidewalk leads east west along with train tracks. The
sidewalk is lit by a series of old rusty streetlights. The shadows of the
old train cars leaves an eerie feeling all around you. You can here voices
and grumbles from the hobo's living inside the train cars.</Description>
      <Sector>City</Sector>
      <Flags>Dark</Flags>
      <Exits>
        <Exit>
          <Direction>North</Direction>
          <Destination>17621</Destination>
          <Display>the door north</Display>
          <Keywords></Keywords>
          <Description></Description>
          <Flags></Flags>
          <Keys>0</Keys>
          <ExitSize>Giant</ExitSize>
        </Exit>
        <Exit>
          <Direction>East</Direction>
          <Destination>17609</Destination>
          <Display>the door east</Display>
          <Keywords></Keywords>
          <Description></Description>
          <Flags></Flags>
          <Keys>0</Keys>
          <ExitSize>Giant</ExitSize>
        </Exit>
        <Exit>
          <Direction>West</Direction>
          <Destination>17611</Destination>
          <Display>the door west</Display>
          <Keywords></Keywords>
          <Description></Description>
          <Flags></Flags>
          <Keys>0</Keys>
          <ExitSize>Giant</ExitSize>
        </Exit>
      </Exits>
      <ExtraDescriptions />
    </Room>
    <Room>
      <VNum>17611</VNum>
      <Name>A small sidewalk</Name>
      <Description>This small concrete sidewalk leads east west along with train tracks. The
sidewalk is lit by a series of old rusty streetlights. The shadows of the
old train cars leaves an eerie feeling all around you. You can here voices
and grumbles from the hobo's living inside the train cars.</Description>
      <Sector>City</Sector>
      <Flags>Dark</Flags>
      <Exits>
        <Exit>
          <Direction>North</Direction>
          <Destination>17622</Destination>
          <Display>the door north</Display>
          <Keywords></Keywords>
          <Description></Description>
          <Flags></Flags>
          <Keys>0</Keys>
          <ExitSize>Giant</ExitSize>
        </Exit>
        <Exit>
          <Direction>East</Direction>
          <Destination>17610</Destination>
          <Display>the door east</Display>
          <Keywords></Keywords>
          <Description></Description>
          <Flags></Flags>
          <Keys>0</Keys>
          <ExitSize>Giant</ExitSize>
        </Exit>
      </Exits>
      <ExtraDescriptions />
    </Room>
    <Room>
      <VNum>17612</VNum>
      <Name>A small sidewalk</Name>
      <Description>This small concrete sidewalk leads east west along with train tracks. The
sidewalk is lit by a series of old rusty streetlights. The shadows of the
old train cars leaves an eerie feeling all around you. You can here voices
and grumbles from the hobo's living inside the train cars.</Description>
      <Sector>City</Sector>
      <Flags>Dark</Flags>
      <Exits>
        <Exit>
          <Direction>North</Direction>
          <Destination>17623</Destination>
          <Display>the door north</Display>
          <Keywords></Keywords>
          <Description></Description>
          <Flags></Flags>
          <Keys>0</Keys>
          <ExitSize>Giant</ExitSize>
        </Exit>
        <Exit>
          <Direction>East</Direction>
          <Destination>17613</Destination>
          <Display>the door east</Display>
          <Keywords></Keywords>
          <Description></Description>
          <Flags></Flags>
          <Keys>0</Keys>
          <ExitSize>Giant</ExitSize>
        </Exit>
        <Exit>
          <Direction>West</Direction>
          <Destination>17606</Destination>
          <Display>the door west</Display>
          <Keywords></Keywords>
          <Description></Description>
          <Flags></Flags>
          <Keys>0</Keys>
          <ExitSize>Giant</ExitSize>
        </Exit>
      </Exits>
      <ExtraDescriptions />
    </Room>
    <Room>
      <VNum>17613</VNum>
      <Name>A small sidewalk</Name>
      <Description>This small concrete sidewalk leads east west along with train tracks. The
sidewalk is lit by a series of old rusty streetlights. The shadows of the
old train cars leaves an eerie feeling all around you. You can here voices
and grumbles from the hobo's living inside the train cars.</Description>
      <Sector>City</Sector>
      <Flags>Dark</Flags>
      <Exits>
        <Exit>
          <Direction>North</Direction>
          <Destination>17624</Destination>
          <Display>the door north</Display>
          <Keywords></Keywords>
          <Description></Description>
          <Flags></Flags>
          <Keys>0</Keys>
          <ExitSize>Giant</ExitSize>
        </Exit>
        <Exit>
          <Direction>East</Direction>
          <Destination>17614</Destination>
          <Display>the door east</Display>
          <Keywords></Keywords>
          <Description></Description>
          <Flags></Flags>
          <Keys>0</Keys>
          <ExitSize>Giant</ExitSize>
        </Exit>
        <Exit>
          <Direction>West</Direction>
          <Destination>17612</Destination>
          <Display>the door west</Display>
          <Keywords></Keywords>
          <Description></Description>
          <Flags></Flags>
          <Keys>0</Keys>
          <ExitSize>Giant</ExitSize>
        </Exit>
      </Exits>
      <ExtraDescriptions />
    </Room>
    <Room>
      <VNum>17614</VNum>
      <Name>A small sidewalk</Name>
      <Description>This small concrete sidewalk leads east west along with train tracks. The
sidewalk is lit by a series of old rusty streetlights. The shadows of the
old train cars leaves an eerie feeling all around you. You can here voices
and grumbles from the hobo's living inside the train cars.</Description>
      <Sector>City</Sector>
      <Flags>Dark</Flags>
      <Exits>
        <Exit>
          <Direction>North</Direction>
          <Destination>17625</Destination>
          <Display>the door north</Display>
          <Keywords></Keywords>
          <Description></Description>
          <Flags></Flags>
          <Keys>0</Keys>
          <ExitSize>Giant</ExitSize>
        </Exit>
        <Exit>
          <Direction>East</Direction>
          <Destination>17615</Destination>
          <Display>the door east</Display>
          <Keywords></Keywords>
          <Description></Description>
          <Flags></Flags>
          <Keys>0</Keys>
          <ExitSize>Giant</ExitSize>
        </Exit>
        <Exit>
          <Direction>West</Direction>
          <Destination>17613</Destination>
          <Display>the door west</Display>
          <Keywords></Keywords>
          <Description></Description>
          <Flags></Flags>
          <Keys>0</Keys>
          <ExitSize>Giant</ExitSize>
        </Exit>
      </Exits>
      <ExtraDescriptions />
    </Room>
    <Room>
      <VNum>17615</VNum>
      <Name>A small sidewalk</Name>
      <Description>This small concrete sidewalk leads east west along with train tracks. The
sidewalk is lit by a series of old rusty streetlights. The shadows of the
old train cars leaves an eerie feeling all around you. You can here voices
and grumbles from the hobo's living inside the train cars.</Description>
      <Sector>City</Sector>
      <Flags>Dark</Flags>
      <Exits>
        <Exit>
          <Direction>North</Direction>
          <Destination>17626</Destination>
          <Display>the door north</Display>
          <Keywords></Keywords>
          <Description></Description>
          <Flags></Flags>
          <Keys>0</Keys>
          <ExitSize>Giant</ExitSize>
        </Exit>
        <Exit>
          <Direction>East</Direction>
          <Destination>17616</Destination>
          <Display>the door east</Display>
          <Keywords></Keywords>
          <Description></Description>
          <Flags></Flags>
          <Keys>0</Keys>
          <ExitSize>Giant</ExitSize>
        </Exit>
        <Exit>
          <Direction>West</Direction>
          <Destination>17614</Destination>
          <Display>the door west</Display>
          <Keywords></Keywords>
          <Description></Description>
          <Flags></Flags>
          <Keys>0</Keys>
          <ExitSize>Giant</ExitSize>
        </Exit>
      </Exits>
      <ExtraDescriptions />
    </Room>
    <Room>
      <VNum>17616</VNum>
      <Name>A small sidewalk</Name>
      <Description>This small concrete sidewalk leads east west along with train tracks. The
sidewalk is lit by a series of old rusty streetlights. The shadows of the
old train cars leaves an eerie feeling all around you. You can here voices
and grumbles from the hobo's living inside the train cars.</Description>
      <Sector>City</Sector>
      <Flags>Dark</Flags>
      <Exits>
        <Exit>
          <Direction>North</Direction>
          <Destination>17627</Destination>
          <Display>the door north</Display>
          <Keywords></Keywords>
          <Description></Description>
          <Flags></Flags>
          <Keys>0</Keys>
          <ExitSize>Giant</ExitSize>
        </Exit>
        <Exit>
          <Direction>West</Direction>
          <Destination>17615</Destination>
          <Display>the door west</Display>
          <Keywords></Keywords>
          <Description></Description>
          <Flags></Flags>
          <Keys>0</Keys>
          <ExitSize>Giant</ExitSize>
        </Exit>
      </Exits>
      <ExtraDescriptions />
    </Room>
    <Room>
      <VNum>17617</VNum>
      <Name>A boxcar</Name>
      <Description>A family of white trash, low-income hoboes, occupies this old, wooden
boxcar. A small fire lights and heats the area. A small woman and child are
huddled near the fire. A large, gray-bearded wife beater is snarling towards
the corner of the boxcar. The northern exit opposite the door you entered is
nailed shut.</Description>
      <Sector>Inside</Sector>
      <Flags>NoMob</Flags>
      <Exits>
        <Exit>
          <Direction>South</Direction>
          <Destination>17606</Destination>
          <Display>the door south</Display>
          <Keywords></Keywords>
          <Description></Description>
          <Flags></Flags>
          <Keys>0</Keys>
          <ExitSize>Giant</ExitSize>
        </Exit>
      </Exits>
      <ExtraDescriptions />
    </Room>
    <Room>
      <VNum>17618</VNum>
      <Name>A boxcar</Name>
      <Description>This old, rotting boxcar is empty for even the lowest, poorest, cheapest
hobo in all of Orthos would not take the shame of living here. The only
remains are a few scraps of paper and rusted bolts. The old wooden door to
the north is closed.</Description>
      <Sector>Inside</Sector>
      <Flags>Dark NoMob</Flags>
      <Exits>
        <Exit>
          <Direction>North</Direction>
          <Destination>17634</Destination>
          <Display>the door north</Display>
          <Keywords></Keywords>
          <Description></Description>
          <Flags>Door Closed</Flags>
          <Keys>0</Keys>
          <ExitSize>Giant</ExitSize>
        </Exit>
        <Exit>
          <Direction>South</Direction>
          <Destination>17607</Destination>
          <Display>the door south</Display>
          <Keywords></Keywords>
          <Description></Description>
          <Flags></Flags>
          <Keys>0</Keys>
          <ExitSize>Giant</ExitSize>
        </Exit>
      </Exits>
      <ExtraDescriptions />
    </Room>
    <Room>
      <VNum>17619</VNum>
      <Name>A platform</Name>
      <Description>This steel platform was once used for transporting logs and pipes,
although now it's only purpose is a boxing arena. Large wooden pegs hold the
police tape around the platform making a fighting ring. Near the sides are
broken bottles and iron pipes used as weapons. When two hobo's get into a
fight, it is resolved here.</Description>
      <Sector>Inside</Sector>
      <Flags>Dark</Flags>
      <Exits>
        <Exit>
          <Direction>North</Direction>
          <Destination>17635</Destination>
          <Display>the door north</Display>
          <Keywords></Keywords>
          <Description></Description>
          <Flags></Flags>
          <Keys>0</Keys>
          <ExitSize>Giant</ExitSize>
        </Exit>
        <Exit>
          <Direction>South</Direction>
          <Destination>17608</Destination>
          <Display>the door south</Display>
          <Keywords></Keywords>
          <Description></Description>
          <Flags></Flags>
          <Keys>0</Keys>
          <ExitSize>Giant</ExitSize>
        </Exit>
      </Exits>
      <ExtraDescriptions />
    </Room>
    <Room>
      <VNum>17620</VNum>
      <Name>An oil tanker</Name>
      <Description>This dark, smelly tanker is inches deep in dark, cold water. The hole
above is the only source of light. Although this place really is a shit-hole
the two children swimming in the piss-infected water seems as happy as if
they where swimming in the ocean.</Description>
      <Sector>Inside</Sector>
      <Flags>Dark NoMob</Flags>
      <Exits>
        <Exit>
          <Direction>South</Direction>
          <Destination>17609</Destination>
          <Display>the door south</Display>
          <Keywords></Keywords>
          <Description></Description>
          <Flags></Flags>
          <Keys>0</Keys>
          <ExitSize>Giant</ExitSize>
        </Exit>
      </Exits>
      <ExtraDescriptions />
    </Room>
    <Room>
      <VNum>17621</VNum>
      <Name>A boxcar</Name>
      <Description>This boxcar looks to be the best of them all. Not a single cracked board
or broken window. Yes, this boxcar is the Beverly Hills of trailer trash
heaven. A group of pretty fucked up looking people occupy the area. A large
lantern and bug-zapper light the entire area. A large hole opens north.</Description>
      <Sector>Inside</Sector>
      <Flags>NoMob</Flags>
      <Exits>
        <Exit>
          <Direction>North</Direction>
          <Destination>17637</Destination>
          <Display>the door north</Display>
          <Keywords></Keywords>
          <Description></Description>
          <Flags></Flags>
          <Keys>0</Keys>
          <ExitSize>Giant</ExitSize>
        </Exit>
        <Exit>
          <Direction>South</Direction>
          <Destination>17610</Destination>
          <Display>the door south</Display>
          <Keywords></Keywords>
          <Description></Description>
          <Flags></Flags>
          <Keys>0</Keys>
          <ExitSize>Giant</ExitSize>
        </Exit>
      </Exits>
      <ExtraDescriptions />
    </Room>
    <Room>
      <VNum>17622</VNum>
      <Name>The caboose</Name>
      <Description>You find yourself in the caboose of the old, hobo train. This car is
empty and seems to be used as storage for all of the hobo's. The entire room
is filled with boxes and crates, of course, none of them less than 20 years
old. The old door to the north is open.</Description>
      <Sector>Inside</Sector>
      <Flags>NoMob</Flags>
      <Exits>
        <Exit>
          <Direction>North</Direction>
          <Destination>17638</Destination>
          <Display>the door north</Display>
          <Keywords></Keywords>
          <Description></Description>
          <Flags></Flags>
          <Keys>0</Keys>
          <ExitSize>Giant</ExitSize>
        </Exit>
        <Exit>
          <Direction>South</Direction>
          <Destination>17611</Destination>
          <Display>the door south</Display>
          <Keywords></Keywords>
          <Description></Description>
          <Flags></Flags>
          <Keys>0</Keys>
          <ExitSize>Giant</ExitSize>
        </Exit>
      </Exits>
      <ExtraDescriptions />
    </Room>
    <Room>
      <VNum>17623</VNum>
      <Name>A platform</Name>
      <Description>This platform is smaller than the others on the train. The unstable
wooden floor gives you an unsafe feeling. The platform is clear except for a
collection of the worlds biggest hicks and hobo's.</Description>
      <Sector>Inside</Sector>
      <Flags>Dark</Flags>
      <Exits>
        <Exit>
          <Direction>North</Direction>
          <Destination>17632</Destination>
          <Display>the door north</Display>
          <Keywords></Keywords>
          <Description></Description>
          <Flags></Flags>
          <Keys>0</Keys>
          <ExitSize>Giant</ExitSize>
        </Exit>
        <Exit>
          <Direction>South</Direction>
          <Destination>17612</Destination>
          <Display>the door south</Display>
          <Keywords></Keywords>
          <Description></Description>
          <Flags></Flags>
          <Keys>0</Keys>
          <ExitSize>Giant</ExitSize>
        </Exit>
      </Exits>
      <ExtraDescriptions />
    </Room>
    <Room>
      <VNum>17624</VNum>
      <Name>A boxcar</Name>
      <Description>Whoever occupies this boxcar has made a sad attempt to lock it using an
old master lock with no dial that simply pops right open. The floor is dry
and cracked, the walls warped and the paint scratched off. Towards the
eastern end of the boxcar is an old man shivering back and fourth. A small
open door exits north.</Description>
      <Sector>Inside</Sector>
      <Flags>Dark</Flags>
      <Exits>
        <Exit>
          <Direction>North</Direction>
          <Destination>17631</Destination>
          <Display>the door north</Display>
          <Keywords></Keywords>
          <Description></Description>
          <Flags></Flags>
          <Keys>0</Keys>
          <ExitSize>Giant</ExitSize>
        </Exit>
        <Exit>
          <Direction>South</Direction>
          <Destination>17613</Destination>
          <Display>the door south</Display>
          <Keywords></Keywords>
          <Description></Description>
          <Flags></Flags>
          <Keys>0</Keys>
          <ExitSize>Giant</ExitSize>
        </Exit>
      </Exits>
      <ExtraDescriptions />
    </Room>
    <Room>
      <VNum>17625</VNum>
      <Name>A collapsed boxcar</Name>
      <Description>You stand within the ruins of an aged boxcar. The piles of broken wood
and maimed iron look ages old. This wreck is not occupied by anyone except
the small children crawling upon it.</Description>
      <Sector>Inside</Sector>
      <Flags>Dark</Flags>
      <Exits>
        <Exit>
          <Direction>South</Direction>
          <Destination>17614</Destination>
          <Display>the door south</Display>
          <Keywords></Keywords>
          <Description></Description>
          <Flags></Flags>
          <Keys>0</Keys>
          <ExitSize>Giant</ExitSize>
        </Exit>
      </Exits>
      <ExtraDescriptions />
    </Room>
    <Room>
      <VNum>17626</VNum>
      <Name>The passenger car</Name>
      <Description>This once well-decorated car now lies in ruins. The lights all broken and
walls torn and warped. The window are shattered and glass is all over the
floor. There is no exit to the north.</Description>
      <Sector>Inside</Sector>
      <Flags>Dark NoMob</Flags>
      <Exits>
        <Exit>
          <Direction>South</Direction>
          <Destination>17615</Destination>
          <Display>the door south</Display>
          <Keywords></Keywords>
          <Description></Description>
          <Flags></Flags>
          <Keys>0</Keys>
          <ExitSize>Giant</ExitSize>
        </Exit>
      </Exits>
      <ExtraDescriptions />
    </Room>
    <Room>
      <VNum>17627</VNum>
      <Name>The engine room</Name>
      <Description>This small car is cluttered with controls, levers, and ropes. The small
light still flickers from above. Despite the fact that the controls look
un-touched it is doubtful the train would ever move. Right at the front of
the train is a rope marked "Horn". A small door and ladders leads out both
north and south.</Description>
      <Sector>Inside</Sector>
      <Flags>Dark NoMob</Flags>
      <Exits>
        <Exit>
          <Direction>North</Direction>
          <Destination>17628</Destination>
          <Display>the door north</Display>
          <Keywords></Keywords>
          <Description></Description>
          <Flags></Flags>
          <Keys>0</Keys>
          <ExitSize>Giant</ExitSize>
        </Exit>
        <Exit>
          <Direction>South</Direction>
          <Destination>17616</Destination>
          <Display>the door south</Display>
          <Keywords></Keywords>
          <Description></Description>
          <Flags></Flags>
          <Keys>0</Keys>
          <ExitSize>Giant</ExitSize>
        </Exit>
      </Exits>
      <ExtraDescriptions />
    </Room>
    <Room>
      <VNum>17628</VNum>
      <Name>A small sidewalk</Name>
      <Description>This small concrete sidewalk leads east west along with train tracks. The
sidewalk is lit by a series of old rusty streetlights. The shadows of the
old train cars leaves an eerie feeling all around you. You can here voices
and grumbles from the hobo's living inside the train cars.</Description>
      <Sector>City</Sector>
      <Flags>Dark</Flags>
      <Exits>
        <Exit>
          <Direction>South</Direction>
          <Destination>17627</Destination>
          <Display>the door south</Display>
          <Keywords></Keywords>
          <Description></Description>
          <Flags></Flags>
          <Keys>0</Keys>
          <ExitSize>Giant</ExitSize>
        </Exit>
        <Exit>
          <Direction>West</Direction>
          <Destination>17629</Destination>
          <Display>the door west</Display>
          <Keywords></Keywords>
          <Description></Description>
          <Flags></Flags>
          <Keys>0</Keys>
          <ExitSize>Giant</ExitSize>
        </Exit>
      </Exits>
      <ExtraDescriptions />
    </Room>
    <Room>
      <VNum>17629</VNum>
      <Name>A small sidewalk</Name>
      <Description>This small concrete sidewalk leads east west along with train tracks. The
sidewalk is lit by a series of old rusty streetlights. The shadows of the
old train cars leaves an eerie feeling all around you. You can here voices
and grumbles from the hobo's living inside the train cars.</Description>
      <Sector>City</Sector>
      <Flags>Dark</Flags>
      <Exits>
        <Exit>
          <Direction>East</Direction>
          <Destination>17628</Destination>
          <Display>the door east</Display>
          <Keywords></Keywords>
          <Description></Description>
          <Flags></Flags>
          <Keys>0</Keys>
          <ExitSize>Giant</ExitSize>
        </Exit>
        <Exit>
          <Direction>West</Direction>
          <Destination>17630</Destination>
          <Display>the door west</Display>
          <Keywords></Keywords>
          <Description></Description>
          <Flags></Flags>
          <Keys>0</Keys>
          <ExitSize>Giant</ExitSize>
        </Exit>
      </Exits>
      <ExtraDescriptions />
    </Room>
    <Room>
      <VNum>17630</VNum>
      <Name>A small sidewalk</Name>
      <Description>This small concrete sidewalk leads east west along with train tracks. The
sidewalk is lit by a series of old rusty streetlights. The shadows of the
old train cars leaves an eerie feeling all around you. You can here voices
and grumbles from the hobo's living inside the train cars.</Description>
      <Sector>City</Sector>
      <Flags>Dark</Flags>
      <Exits>
        <Exit>
          <Direction>East</Direction>
          <Destination>17629</Destination>
          <Display>the door east</Display>
          <Keywords></Keywords>
          <Description></Description>
          <Flags></Flags>
          <Keys>0</Keys>
          <ExitSize>Giant</ExitSize>
        </Exit>
        <Exit>
          <Direction>West</Direction>
          <Destination>17631</Destination>
          <Display>the door west</Display>
          <Keywords></Keywords>
          <Description></Description>
          <Flags></Flags>
          <Keys>0</Keys>
          <ExitSize>Giant</ExitSize>
        </Exit>
      </Exits>
      <ExtraDescriptions />
    </Room>
    <Room>
      <VNum>17631</VNum>
      <Name>A small sidewalk</Name>
      <Description>This small concrete sidewalk leads east west along with train tracks. The
sidewalk is lit by a series of old rusty streetlights. The shadows of the
old train cars leaves an eerie feeling all around you. You can here voices
and grumbles from the hobo's living inside the train cars.</Description>
      <Sector>City</Sector>
      <Flags>Dark</Flags>
      <Exits>
        <Exit>
          <Direction>East</Direction>
          <Destination>17630</Destination>
          <Display>the door east</Display>
          <Keywords></Keywords>
          <Description></Description>
          <Flags></Flags>
          <Keys>0</Keys>
          <ExitSize>Giant</ExitSize>
        </Exit>
        <Exit>
          <Direction>South</Direction>
          <Destination>17624</Destination>
          <Display>the door south</Display>
          <Keywords></Keywords>
          <Description></Description>
          <Flags></Flags>
          <Keys>0</Keys>
          <ExitSize>Giant</ExitSize>
        </Exit>
        <Exit>
          <Direction>West</Direction>
          <Destination>17632</Destination>
          <Display>the door west</Display>
          <Keywords></Keywords>
          <Description></Description>
          <Flags></Flags>
          <Keys>0</Keys>
          <ExitSize>Giant</ExitSize>
        </Exit>
      </Exits>
      <ExtraDescriptions />
    </Room>
    <Room>
      <VNum>17632</VNum>
      <Name>A small sidewalk</Name>
      <Description>This small concrete sidewalk leads east west along with train tracks. The
sidewalk is lit by a series of old rusty streetlights. The shadows of the
old train cars leaves an eerie feeling all around you. You can here voices
and grumbles from the hobo's living inside the train cars.</Description>
      <Sector>City</Sector>
      <Flags>Dark</Flags>
      <Exits>
        <Exit>
          <Direction>East</Direction>
          <Destination>17631</Destination>
          <Display>the door east</Display>
          <Keywords></Keywords>
          <Description></Description>
          <Flags></Flags>
          <Keys>0</Keys>
          <ExitSize>Giant</ExitSize>
        </Exit>
        <Exit>
          <Direction>South</Direction>
          <Destination>17623</Destination>
          <Display>the door south</Display>
          <Keywords></Keywords>
          <Description></Description>
          <Flags></Flags>
          <Keys>0</Keys>
          <ExitSize>Giant</ExitSize>
        </Exit>
        <Exit>
          <Direction>West</Direction>
          <Destination>17633</Destination>
          <Display>the door west</Display>
          <Keywords></Keywords>
          <Description></Description>
          <Flags></Flags>
          <Keys>0</Keys>
          <ExitSize>Giant</ExitSize>
        </Exit>
      </Exits>
      <ExtraDescriptions />
    </Room>
    <Room>
      <VNum>17633</VNum>
      <Name>A small sidewalk</Name>
      <Description>This small concrete sidewalk leads east west along with train tracks. The
sidewalk is lit by a series of old rusty streetlights. The shadows of the
old train cars leaves an eerie feeling all around you. You can here voices
and grumbles from the hobo's living inside the train cars.</Description>
      <Sector>City</Sector>
      <Flags>Dark</Flags>
      <Exits>
        <Exit>
          <Direction>East</Direction>
          <Destination>17632</Destination>
          <Display>the door east</Display>
          <Keywords></Keywords>
          <Description></Description>
          <Flags></Flags>
          <Keys>0</Keys>
          <ExitSize>Giant</ExitSize>
        </Exit>
        <Exit>
          <Direction>West</Direction>
          <Destination>17634</Destination>
          <Display>the door west</Display>
          <Keywords></Keywords>
          <Description></Description>
          <Flags></Flags>
          <Keys>0</Keys>
          <ExitSize>Giant</ExitSize>
        </Exit>
      </Exits>
      <ExtraDescriptions />
    </Room>
    <Room>
      <VNum>17634</VNum>
      <Name>A small sidewalk</Name>
      <Description>This small concrete sidewalk leads east west along with train tracks. The
sidewalk is lit by a series of old rusty streetlights. The shadows of the
old train cars leaves an eerie feeling all around you. You can here voices
and grumbles from the hobo's living inside the train cars.</Description>
      <Sector>City</Sector>
      <Flags>Dark</Flags>
      <Exits>
        <Exit>
          <Direction>East</Direction>
          <Destination>17633</Destination>
          <Display>the door east</Display>
          <Keywords></Keywords>
          <Description></Description>
          <Flags></Flags>
          <Keys>0</Keys>
          <ExitSize>Giant</ExitSize>
        </Exit>
        <Exit>
          <Direction>South</Direction>
          <Destination>17618</Destination>
          <Display>the door south</Display>
          <Keywords></Keywords>
          <Description></Description>
          <Flags>Door Closed</Flags>
          <Keys>0</Keys>
          <ExitSize>Giant</ExitSize>
        </Exit>
        <Exit>
          <Direction>West</Direction>
          <Destination>17635</Destination>
          <Display>the door west</Display>
          <Keywords></Keywords>
          <Description></Description>
          <Flags></Flags>
          <Keys>0</Keys>
          <ExitSize>Giant</ExitSize>
        </Exit>
      </Exits>
      <ExtraDescriptions />
    </Room>
    <Room>
      <VNum>17635</VNum>
      <Name>A small sidewalk</Name>
      <Description>This small concrete sidewalk leads east west along with train tracks. The
sidewalk is lit by a series of old rusty streetlights. The shadows of the
old train cars leaves an eerie feeling all around you. You can here voices
and grumbles from the hobo's living inside the train cars.</Description>
      <Sector>City</Sector>
      <Flags>Dark</Flags>
      <Exits>
        <Exit>
          <Direction>East</Direction>
          <Destination>17634</Destination>
          <Display>the door east</Display>
          <Keywords></Keywords>
          <Description></Description>
          <Flags></Flags>
          <Keys>0</Keys>
          <ExitSize>Giant</ExitSize>
        </Exit>
        <Exit>
          <Direction>South</Direction>
          <Destination>17619</Destination>
          <Display>the door south</Display>
          <Keywords></Keywords>
          <Description></Description>
          <Flags></Flags>
          <Keys>0</Keys>
          <ExitSize>Giant</ExitSize>
        </Exit>
        <Exit>
          <Direction>West</Direction>
          <Destination>17636</Destination>
          <Display>the door west</Display>
          <Keywords></Keywords>
          <Description></Description>
          <Flags></Flags>
          <Keys>0</Keys>
          <ExitSize>Giant</ExitSize>
        </Exit>
      </Exits>
      <ExtraDescriptions />
    </Room>
    <Room>
      <VNum>17636</VNum>
      <Name>A small sidewalk</Name>
      <Description>This small concrete sidewalk leads east west along with train tracks. The
sidewalk is lit by a series of old rusty streetlights. The shadows of the
old train cars leaves an eerie feeling all around you. You can here voices
and grumbles from the hobo's living inside the train cars.</Description>
      <Sector>City</Sector>
      <Flags>Dark</Flags>
      <Exits>
        <Exit>
          <Direction>East</Direction>
          <Destination>17635</Destination>
          <Display>the door east</Display>
          <Keywords></Keywords>
          <Description></Description>
          <Flags></Flags>
          <Keys>0</Keys>
          <ExitSize>Giant</ExitSize>
        </Exit>
        <Exit>
          <Direction>West</Direction>
          <Destination>17637</Destination>
          <Display>the door west</Display>
          <Keywords></Keywords>
          <Description></Description>
          <Flags></Flags>
          <Keys>0</Keys>
          <ExitSize>Giant</ExitSize>
        </Exit>
      </Exits>
      <ExtraDescriptions />
    </Room>
    <Room>
      <VNum>17637</VNum>
      <Name>A small sidewalk</Name>
      <Description>This small concrete sidewalk leads east west along with train tracks. The
sidewalk is lit by a series of old rusty streetlights. The shadows of the
old train cars leaves an eerie feeling all around you. You can here voices
and grumbles from the hobo's living inside the train cars.</Description>
      <Sector>City</Sector>
      <Flags>Dark</Flags>
      <Exits>
        <Exit>
          <Direction>East</Direction>
          <Destination>17636</Destination>
          <Display>the door east</Display>
          <Keywords></Keywords>
          <Description></Description>
          <Flags></Flags>
          <Keys>0</Keys>
          <ExitSize>Giant</ExitSize>
        </Exit>
        <Exit>
          <Direction>South</Direction>
          <Destination>17621</Destination>
          <Display>the door south</Display>
          <Keywords></Keywords>
          <Description></Description>
          <Flags></Flags>
          <Keys>0</Keys>
          <ExitSize>Giant</ExitSize>
        </Exit>
        <Exit>
          <Direction>West</Direction>
          <Destination>17638</Destination>
          <Display>the door west</Display>
          <Keywords></Keywords>
          <Description></Description>
          <Flags></Flags>
          <Keys>0</Keys>
          <ExitSize>Giant</ExitSize>
        </Exit>
      </Exits>
      <ExtraDescriptions />
    </Room>
    <Room>
      <VNum>17638</VNum>
      <Name>A small sidewalk</Name>
      <Description>This small concrete sidewalk leads east west along with train tracks. The
sidewalk is lit by a series of old rusty streetlights. The shadows of the
old train cars leaves an eerie feeling all around you. You can here voices
and grumbles from the hobo's living inside the train cars.</Description>
      <Sector>City</Sector>
      <Flags>Dark</Flags>
      <Exits>
        <Exit>
          <Direction>East</Direction>
          <Destination>17637</Destination>
          <Display>the door east</Display>
          <Keywords></Keywords>
          <Description></Description>
          <Flags></Flags>
          <Keys>0</Keys>
          <ExitSize>Giant</ExitSize>
        </Exit>
        <Exit>
          <Direction>South</Direction>
          <Destination>17622</Destination>
          <Display>the door south</Display>
          <Keywords></Keywords>
          <Description></Description>
          <Flags></Flags>
          <Keys>0</Keys>
          <ExitSize>Giant</ExitSize>
        </Exit>
      </Exits>
      <ExtraDescriptions />
    </Room>
  </Rooms>
  <NPCs>
    <NPC>
      <Vnum>17600</Vnum>
      <name>watchman</name>
      <description>This stinky old bastard sits on his ass all day for not a cent more than
minimum wage. His dark brown hair looks as if it hasn't been washed since
his he last brushed what's left of his teeth, which was 8 years ago.</description>
      <longDescription>The Watchman is sleeping on his old, green cot.</longDescription>
      <shortDescription>the watchman</shortDescription>
      <Sex>Male</Sex>
      <level>45</level>
      <HitPointDiceSides>25</HitPointDiceSides>
      <HitPointDiceCount>10</HitPointDiceCount>
      <HitPointDiceBonus>11000</HitPointDiceBonus>
      <ManaPointDiceSides>0</ManaPointDiceSides>
      <ManaPointDiceCount>0</ManaPointDiceCount>
      <ManaPointDiceBonus>0</ManaPointDiceBonus>
      <trust>45</trust>
      <hitpoints>900</hitpoints>
      <maxhitpoints>900</maxhitpoints>
      <manapoints>0</manapoints>
      <maxmanapoints>0</maxmanapoints>
      <movementpoints>0</movementpoints>
      <maxmovementpoints>0</maxmovementpoints>
      <ArmorBash>-150</ArmorBash>
      <ArmorSlash>-150</ArmorSlash>
      <ArmorPierce>-150</ArmorPierce>
      <ArmorExotic>-150</ArmorExotic>
      <size>Medium</size>
      <race>human</race>
      <alignment>Neutral</alignment>
      <ethos>0</ethos>
      <hitroll>60</hitroll>
      <damRoll>45</damRoll>
      <armorclass>0</armorclass>
      <silver>0</silver>
      <gold>0</gold>
      <SavingThrow>0</SavingThrow>
      <Guild>warrior</Guild>
      <flags>NPC Sentinel StayArea Warrior</flags>
      <immune></immune>
      <resist></resist>
      <vulnerable></vulnerable>
      <affectedBy>DetectInvis DetectHidden ProtectEvil ProtectGood DetectIllusion</affectedBy>
      <WiznetFlags></WiznetFlags>
      <WeaponDamageMessage>punch</WeaponDamageMessage>
      <DamageDiceSides>7</DamageDiceSides>
      <DamageDiceCount>8</DamageDiceCount>
      <DamageDiceBonus>0</DamageDiceBonus>
      <PermanentStats>
        <Strength>16</Strength>
        <Wisdom>16</Wisdom>
        <Intelligence>16</Intelligence>
        <Dexterity>16</Dexterity>
        <Constitution>16</Constitution>
        <Charisma>16</Charisma>
      </PermanentStats>
    </NPC>
    <NPC>
      <Vnum>17601</Vnum>
      <name>hobo child</name>
      <description>This small girl is dressed in rags, her tiny tits nearly showing. Her
blue eyes are faded and bloodshot. Her blond hair is roughly cut and crusted
with dirt.</description>
      <longDescription>A small child huddles next to the fire, ashamed at her hobo life.</longDescription>
      <shortDescription>a small child</shortDescription>
      <Sex>Female</Sex>
      <level>30</level>
      <HitPointDiceSides>6</HitPointDiceSides>
      <HitPointDiceCount>12</HitPointDiceCount>
      <HitPointDiceBonus>853</HitPointDiceBonus>
      <ManaPointDiceSides>0</ManaPointDiceSides>
      <ManaPointDiceCount>0</ManaPointDiceCount>
      <ManaPointDiceBonus>0</ManaPointDiceBonus>
      <trust>30</trust>
      <hitpoints>600</hitpoints>
      <maxhitpoints>600</maxhitpoints>
      <manapoints>0</manapoints>
      <maxmanapoints>0</maxmanapoints>
      <movementpoints>0</movementpoints>
      <maxmovementpoints>0</maxmovementpoints>
      <ArmorBash>-90</ArmorBash>
      <ArmorSlash>-90</ArmorSlash>
      <ArmorPierce>-90</ArmorPierce>
      <ArmorExotic>-90</ArmorExotic>
      <size>Small</size>
      <race>human</race>
      <alignment>Neutral</alignment>
      <ethos>0</ethos>
      <hitroll>5</hitroll>
      <damRoll>30</damRoll>
      <armorclass>0</armorclass>
      <silver>0</silver>
      <gold>0</gold>
      <SavingThrow>0</SavingThrow>
      <Guild></Guild>
      <flags>NPC Sentinel StayArea</flags>
      <immune></immune>
      <resist></resist>
      <vulnerable></vulnerable>
      <affectedBy>DetectHidden DarkVision DetectIllusion</affectedBy>
      <WiznetFlags></WiznetFlags>
      <WeaponDamageMessage>punch</WeaponDamageMessage>
      <DamageDiceSides>4</DamageDiceSides>
      <DamageDiceCount>6</DamageDiceCount>
      <DamageDiceBonus>8</DamageDiceBonus>
      <PermanentStats>
        <Strength>16</Strength>
        <Wisdom>16</Wisdom>
        <Intelligence>16</Intelligence>
        <Dexterity>16</Dexterity>
        <Constitution>16</Constitution>
        <Charisma>16</Charisma>
      </PermanentStats>
    </NPC>
    <NPC>
      <Vnum>17602</Vnum>
      <name>sad woman</name>
      <description>This woman looks like pure shit. She has obviously not eaten in days, nor
has she bathed in months. Her frizzy hair is a tangled mess. She is here
comforting her daughter trying to survive.</description>
      <longDescription>A sad woman is here hugging her daughter.</longDescription>
      <shortDescription>a sad woman</shortDescription>
      <Sex>Female</Sex>
      <level>35</level>
      <HitPointDiceSides>10</HitPointDiceSides>
      <HitPointDiceCount>10</HitPointDiceCount>
      <HitPointDiceBonus>1300</HitPointDiceBonus>
      <ManaPointDiceSides>0</ManaPointDiceSides>
      <ManaPointDiceCount>0</ManaPointDiceCount>
      <ManaPointDiceBonus>0</ManaPointDiceBonus>
      <trust>35</trust>
      <hitpoints>700</hitpoints>
      <maxhitpoints>700</maxhitpoints>
      <manapoints>0</manapoints>
      <maxmanapoints>0</maxmanapoints>
      <movementpoints>0</movementpoints>
      <maxmovementpoints>0</maxmovementpoints>
      <ArmorBash>-110</ArmorBash>
      <ArmorSlash>-110</ArmorSlash>
      <ArmorPierce>-110</ArmorPierce>
      <ArmorExotic>-110</ArmorExotic>
      <size>Small</size>
      <race>human</race>
      <alignment>Good</alignment>
      <ethos>0</ethos>
      <hitroll>0</hitroll>
      <damRoll>35</damRoll>
      <armorclass>0</armorclass>
      <silver>0</silver>
      <gold>0</gold>
      <SavingThrow>0</SavingThrow>
      <Guild></Guild>
      <flags>NPC Sentinel StayArea</flags>
      <immune></immune>
      <resist></resist>
      <vulnerable></vulnerable>
      <affectedBy>DetectInvis Sanctuary DetectIllusion</affectedBy>
      <WiznetFlags></WiznetFlags>
      <WeaponDamageMessage>punch</WeaponDamageMessage>
      <DamageDiceSides>4</DamageDiceSides>
      <DamageDiceCount>7</DamageDiceCount>
      <DamageDiceBonus>11</DamageDiceBonus>
      <PermanentStats>
        <Strength>16</Strength>
        <Wisdom>16</Wisdom>
        <Intelligence>16</Intelligence>
        <Dexterity>16</Dexterity>
        <Constitution>16</Constitution>
        <Charisma>16</Charisma>
      </PermanentStats>
    </NPC>
    <NPC>
      <Vnum>17603</Vnum>
      <name>bearbed man wife beater</name>
      <description>This crazed looking wife beater stands towards the back of the boxcar,
ashamed to look at his family. He holds a twisted, demented golf club in his
hands.</description>
      <longDescription>An old bearbed wife beater stands towards the back of the boxcar.</longDescription>
      <shortDescription>a wife beater</shortDescription>
      <Sex>Male</Sex>
      <level>45</level>
      <HitPointDiceSides>25</HitPointDiceSides>
      <HitPointDiceCount>10</HitPointDiceCount>
      <HitPointDiceBonus>6000</HitPointDiceBonus>
      <ManaPointDiceSides>0</ManaPointDiceSides>
      <ManaPointDiceCount>0</ManaPointDiceCount>
      <ManaPointDiceBonus>0</ManaPointDiceBonus>
      <trust>45</trust>
      <hitpoints>900</hitpoints>
      <maxhitpoints>900</maxhitpoints>
      <manapoints>0</manapoints>
      <maxmanapoints>0</maxmanapoints>
      <movementpoints>0</movementpoints>
      <maxmovementpoints>0</maxmovementpoints>
      <ArmorBash>-150</ArmorBash>
      <ArmorSlash>-150</ArmorSlash>
      <ArmorPierce>-150</ArmorPierce>
      <ArmorExotic>-150</ArmorExotic>
      <size>Medium</size>
      <race>human</race>
      <alignment>Neutral</alignment>
      <ethos>0</ethos>
      <hitroll>20</hitroll>
      <damRoll>45</damRoll>
      <armorclass>0</armorclass>
      <silver>0</silver>
      <gold>10</gold>
      <SavingThrow>0</SavingThrow>
      <Guild></Guild>
      <flags>NPC Sentinel StayArea</flags>
      <immune></immune>
      <resist></resist>
      <vulnerable></vulnerable>
      <affectedBy>DetectInvis DetectHidden ProtectEvil ProtectGood Haste DetectIllusion</affectedBy>
      <WiznetFlags></WiznetFlags>
      <WeaponDamageMessage>punch</WeaponDamageMessage>
      <DamageDiceSides>40</DamageDiceSides>
      <DamageDiceCount>2</DamageDiceCount>
      <DamageDiceBonus>5</DamageDiceBonus>
      <PermanentStats>
        <Strength>16</Strength>
        <Wisdom>16</Wisdom>
        <Intelligence>16</Intelligence>
        <Dexterity>16</Dexterity>
        <Constitution>16</Constitution>
        <Charisma>16</Charisma>
      </PermanentStats>
    </NPC>
    <NPC>
      <Vnum>17604</Vnum>
      <name>racoon</name>
      <description>It's fuzzy, soft, and would gladly eat even your balls for a decent meal.</description>
      <longDescription>A small racoon is hiding here, looking for tonights meal.</longDescription>
      <shortDescription>a racoon</shortDescription>
      <Sex>Male</Sex>
      <level>25</level>
      <HitPointDiceSides>5</HitPointDiceSides>
      <HitPointDiceCount>10</HitPointDiceCount>
      <HitPointDiceBonus>550</HitPointDiceBonus>
      <ManaPointDiceSides>0</ManaPointDiceSides>
      <ManaPointDiceCount>0</ManaPointDiceCount>
      <ManaPointDiceBonus>0</ManaPointDiceBonus>
      <trust>25</trust>
      <hitpoints>500</hitpoints>
      <maxhitpoints>500</maxhitpoints>
      <manapoints>0</manapoints>
      <maxmanapoints>0</maxmanapoints>
      <movementpoints>0</movementpoints>
      <maxmovementpoints>0</maxmovementpoints>
      <ArmorBash>-70</ArmorBash>
      <ArmorSlash>-70</ArmorSlash>
      <ArmorPierce>-70</ArmorPierce>
      <ArmorExotic>-70</ArmorExotic>
      <size>Tiny</size>
      <race>rabbit</race>
      <alignment>Neutral</alignment>
      <ethos>0</ethos>
      <hitroll>0</hitroll>
      <damRoll>25</damRoll>
      <armorclass>0</armorclass>
      <silver>0</silver>
      <gold>0</gold>
      <SavingThrow>0</SavingThrow>
      <Guild></Guild>
      <flags>NPC Sentinel StayArea</flags>
      <immune></immune>
      <resist></resist>
      <vulnerable></vulnerable>
      <affectedBy>Hide Haste DetectIllusion</affectedBy>
      <WiznetFlags></WiznetFlags>
      <WeaponDamageMessage>punch</WeaponDamageMessage>
      <DamageDiceSides>2</DamageDiceSides>
      <DamageDiceCount>10</DamageDiceCount>
      <DamageDiceBonus>7</DamageDiceBonus>
      <PermanentStats>
        <Strength>16</Strength>
        <Wisdom>16</Wisdom>
        <Intelligence>16</Intelligence>
        <Dexterity>16</Dexterity>
        <Constitution>16</Constitution>
        <Charisma>16</Charisma>
      </PermanentStats>
      <Learned>
        <SkillSpell Name="dodge" Value="80" Level="1" />
        <SkillSpell Name="second attack" Value="80" Level="1" />
      </Learned>
    </NPC>
    <NPC>
      <Vnum>17605</Vnum>
      <name>small child boy</name>
      <description>This small boy is soaking wet in dirty, smelly water. His dark black hair
is unwashed, despite the piss-dirty water he's swimming in.</description>
      <longDescription>A small boy is here flopping around in the muddy water.</longDescription>
      <shortDescription>a small boy</shortDescription>
      <Sex>Male</Sex>
      <level>35</level>
      <HitPointDiceSides>10</HitPointDiceSides>
      <HitPointDiceCount>10</HitPointDiceCount>
      <HitPointDiceBonus>1300</HitPointDiceBonus>
      <ManaPointDiceSides>0</ManaPointDiceSides>
      <ManaPointDiceCount>0</ManaPointDiceCount>
      <ManaPointDiceBonus>0</ManaPointDiceBonus>
      <trust>35</trust>
      <hitpoints>700</hitpoints>
      <maxhitpoints>700</maxhitpoints>
      <manapoints>0</manapoints>
      <maxmanapoints>0</maxmanapoints>
      <movementpoints>0</movementpoints>
      <maxmovementpoints>0</maxmovementpoints>
      <ArmorBash>-110</ArmorBash>
      <ArmorSlash>-110</ArmorSlash>
      <ArmorPierce>-110</ArmorPierce>
      <ArmorExotic>-110</ArmorExotic>
      <size>Small</size>
      <race>human</race>
      <alignment>Neutral</alignment>
      <ethos>0</ethos>
      <hitroll>0</hitroll>
      <damRoll>35</damRoll>
      <armorclass>0</armorclass>
      <silver>0</silver>
      <gold>12</gold>
      <SavingThrow>0</SavingThrow>
      <Guild></Guild>
      <flags>NPC Sentinel StayArea</flags>
      <immune></immune>
      <resist></resist>
      <vulnerable></vulnerable>
      <affectedBy>DetectIllusion</affectedBy>
      <WiznetFlags></WiznetFlags>
      <WeaponDamageMessage>punch</WeaponDamageMessage>
      <DamageDiceSides>4</DamageDiceSides>
      <DamageDiceCount>7</DamageDiceCount>
      <DamageDiceBonus>11</DamageDiceBonus>
      <PermanentStats>
        <Strength>16</Strength>
        <Wisdom>16</Wisdom>
        <Intelligence>16</Intelligence>
        <Dexterity>16</Dexterity>
        <Constitution>16</Constitution>
        <Charisma>16</Charisma>
      </PermanentStats>
    </NPC>
    <NPC>
      <Vnum>17606</Vnum>
      <name>hobo</name>
      <description>He looks like complete shit.</description>
      <longDescription>A dirty hobo walks the sidewalk, begging all the other hobo's for food.</longDescription>
      <shortDescription>a hobo</shortDescription>
      <Sex>None</Sex>
      <level>40</level>
      <HitPointDiceSides>15</HitPointDiceSides>
      <HitPointDiceCount>10</HitPointDiceCount>
      <HitPointDiceBonus>9000</HitPointDiceBonus>
      <ManaPointDiceSides>0</ManaPointDiceSides>
      <ManaPointDiceCount>0</ManaPointDiceCount>
      <ManaPointDiceBonus>0</ManaPointDiceBonus>
      <trust>40</trust>
      <hitpoints>800</hitpoints>
      <maxhitpoints>800</maxhitpoints>
      <manapoints>0</manapoints>
      <maxmanapoints>0</maxmanapoints>
      <movementpoints>0</movementpoints>
      <maxmovementpoints>0</maxmovementpoints>
      <ArmorBash>-130</ArmorBash>
      <ArmorSlash>-130</ArmorSlash>
      <ArmorPierce>-130</ArmorPierce>
      <ArmorExotic>-130</ArmorExotic>
      <size>Tiny</size>
      <race>human</race>
      <alignment>Neutral</alignment>
      <ethos>0</ethos>
      <hitroll>0</hitroll>
      <damRoll>40</damRoll>
      <armorclass>0</armorclass>
      <silver>0</silver>
      <gold>0</gold>
      <SavingThrow>0</SavingThrow>
      <Guild></Guild>
      <flags>NPC Sentinel StayArea</flags>
      <immune></immune>
      <resist></resist>
      <vulnerable></vulnerable>
      <affectedBy>DetectInvis DetectHidden Haste DetectIllusion</affectedBy>
      <WiznetFlags></WiznetFlags>
      <WeaponDamageMessage>punch</WeaponDamageMessage>
      <DamageDiceSides>22</DamageDiceSides>
      <DamageDiceCount>5</DamageDiceCount>
      <DamageDiceBonus>13</DamageDiceBonus>
      <PermanentStats>
        <Strength>16</Strength>
        <Wisdom>16</Wisdom>
        <Intelligence>16</Intelligence>
        <Dexterity>16</Dexterity>
        <Constitution>16</Constitution>
        <Charisma>16</Charisma>
      </PermanentStats>
    </NPC>
    <NPC>
      <Vnum>17607</Vnum>
      <name>hobo paul</name>
      <description>This sad excuse for a human being stands here rolling a joint. His
glasses are cracked and his fingernails are embedded with dirt.</description>
      <longDescription>Here stands a hobo wearing blue overalls, his name tage says "Paul".</longDescription>
      <shortDescription>paul, the hobo</shortDescription>
      <Sex>Male</Sex>
      <level>51</level>
      <HitPointDiceSides>90</HitPointDiceSides>
      <HitPointDiceCount>20</HitPointDiceCount>
      <HitPointDiceBonus>5000</HitPointDiceBonus>
      <ManaPointDiceSides>0</ManaPointDiceSides>
      <ManaPointDiceCount>0</ManaPointDiceCount>
      <ManaPointDiceBonus>0</ManaPointDiceBonus>
      <trust>51</trust>
      <hitpoints>1020</hitpoints>
      <maxhitpoints>1020</maxhitpoints>
      <manapoints>0</manapoints>
      <maxmanapoints>0</maxmanapoints>
      <movementpoints>0</movementpoints>
      <maxmovementpoints>0</maxmovementpoints>
      <ArmorBash>-210</ArmorBash>
      <ArmorSlash>-210</ArmorSlash>
      <ArmorPierce>-210</ArmorPierce>
      <ArmorExotic>-210</ArmorExotic>
      <size>Medium</size>
      <race>human</race>
      <alignment>Evil</alignment>
      <ethos>0</ethos>
      <hitroll>5</hitroll>
      <damRoll>51</damRoll>
      <armorclass>0</armorclass>
      <silver>0</silver>
      <gold>500</gold>
      <SavingThrow>0</SavingThrow>
      <Guild>warrior</Guild>
      <flags>NPC Sentinel StayArea Warrior</flags>
      <immune></immune>
      <resist></resist>
      <vulnerable></vulnerable>
      <affectedBy>Sanctuary Haste DetectIllusion</affectedBy>
      <WiznetFlags></WiznetFlags>
      <WeaponDamageMessage>punch</WeaponDamageMessage>
      <DamageDiceSides>10</DamageDiceSides>
      <DamageDiceCount>40</DamageDiceCount>
      <DamageDiceBonus>20</DamageDiceBonus>
      <PermanentStats>
        <Strength>16</Strength>
        <Wisdom>16</Wisdom>
        <Intelligence>16</Intelligence>
        <Dexterity>16</Dexterity>
        <Constitution>16</Constitution>
        <Charisma>16</Charisma>
      </PermanentStats>
    </NPC>
    <NPC>
      <Vnum>17608</Vnum>
      <name>begger</name>
      <description>This man has a truly sad, pathetic look on his face. Although me may have
no valuable skill in the world, he is a damn good begger.</description>
      <longDescription>A pale-faced begger is here rattling a tin cup.</longDescription>
      <shortDescription>a begger</shortDescription>
      <Sex>Male</Sex>
      <level>45</level>
      <HitPointDiceSides>25</HitPointDiceSides>
      <HitPointDiceCount>55</HitPointDiceCount>
      <HitPointDiceBonus>3000</HitPointDiceBonus>
      <ManaPointDiceSides>0</ManaPointDiceSides>
      <ManaPointDiceCount>0</ManaPointDiceCount>
      <ManaPointDiceBonus>0</ManaPointDiceBonus>
      <trust>45</trust>
      <hitpoints>900</hitpoints>
      <maxhitpoints>900</maxhitpoints>
      <manapoints>0</manapoints>
      <maxmanapoints>0</maxmanapoints>
      <movementpoints>0</movementpoints>
      <maxmovementpoints>0</maxmovementpoints>
      <ArmorBash>-150</ArmorBash>
      <ArmorSlash>-150</ArmorSlash>
      <ArmorPierce>-150</ArmorPierce>
      <ArmorExotic>-150</ArmorExotic>
      <size>Small</size>
      <race>human</race>
      <alignment>Good</alignment>
      <ethos>0</ethos>
      <hitroll>0</hitroll>
      <damRoll>45</damRoll>
      <armorclass>0</armorclass>
      <silver>0</silver>
      <gold>34</gold>
      <SavingThrow>0</SavingThrow>
      <Guild></Guild>
      <flags>NPC Sentinel StayArea</flags>
      <immune></immune>
      <resist></resist>
      <vulnerable></vulnerable>
      <affectedBy>Slow DetectIllusion</affectedBy>
      <WiznetFlags></WiznetFlags>
      <WeaponDamageMessage>punch</WeaponDamageMessage>
      <DamageDiceSides>12</DamageDiceSides>
      <DamageDiceCount>4</DamageDiceCount>
      <DamageDiceBonus>16</DamageDiceBonus>
      <PermanentStats>
        <Strength>16</Strength>
        <Wisdom>16</Wisdom>
        <Intelligence>16</Intelligence>
        <Dexterity>16</Dexterity>
        <Constitution>16</Constitution>
        <Charisma>16</Charisma>
      </PermanentStats>
    </NPC>
    <NPC>
      <Vnum>17609</Vnum>
      <name>old man</name>
      <description>This old, nasty man rocks back and fourth in denial over his pathetic life.</description>
      <longDescription>An old man shivers back and forth, mutters to himself.</longDescription>
      <shortDescription>an old man</shortDescription>
      <Sex>Male</Sex>
      <level>30</level>
      <HitPointDiceSides>6</HitPointDiceSides>
      <HitPointDiceCount>12</HitPointDiceCount>
      <HitPointDiceBonus>853</HitPointDiceBonus>
      <ManaPointDiceSides>0</ManaPointDiceSides>
      <ManaPointDiceCount>0</ManaPointDiceCount>
      <ManaPointDiceBonus>0</ManaPointDiceBonus>
      <trust>30</trust>
      <hitpoints>600</hitpoints>
      <maxhitpoints>600</maxhitpoints>
      <manapoints>0</manapoints>
      <maxmanapoints>0</maxmanapoints>
      <movementpoints>0</movementpoints>
      <maxmovementpoints>0</maxmovementpoints>
      <ArmorBash>-90</ArmorBash>
      <ArmorSlash>-90</ArmorSlash>
      <ArmorPierce>-90</ArmorPierce>
      <ArmorExotic>-90</ArmorExotic>
      <size>Medium</size>
      <race>human</race>
      <alignment>Neutral</alignment>
      <ethos>0</ethos>
      <hitroll>5</hitroll>
      <damRoll>30</damRoll>
      <armorclass>0</armorclass>
      <silver>0</silver>
      <gold>0</gold>
      <SavingThrow>0</SavingThrow>
      <Guild></Guild>
      <flags>NPC Sentinel StayArea</flags>
      <immune></immune>
      <resist></resist>
      <vulnerable></vulnerable>
      <affectedBy>DetectHidden DetectIllusion</affectedBy>
      <WiznetFlags></WiznetFlags>
      <WeaponDamageMessage>punch</WeaponDamageMessage>
      <DamageDiceSides>4</DamageDiceSides>
      <DamageDiceCount>6</DamageDiceCount>
      <DamageDiceBonus>8</DamageDiceBonus>
      <PermanentStats>
        <Strength>16</Strength>
        <Wisdom>16</Wisdom>
        <Intelligence>16</Intelligence>
        <Dexterity>16</Dexterity>
        <Constitution>16</Constitution>
        <Charisma>16</Charisma>
      </PermanentStats>
    </NPC>
    <NPC>
      <Vnum>17610</Vnum>
      <name>dwarf conductor</name>
      <description>This old dwarf is dressed in white overalls, a black conductors hat and a
silver pocket watch.</description>
      <longDescription>A grumpy dwarf stands here, by his clothing you can tell he is the
 conductor.</longDescription>
      <shortDescription>the conductor</shortDescription>
      <Sex>Male</Sex>
      <level>60</level>
      <HitPointDiceSides>50</HitPointDiceSides>
      <HitPointDiceCount>10</HitPointDiceCount>
      <HitPointDiceBonus>22000</HitPointDiceBonus>
      <ManaPointDiceSides>0</ManaPointDiceSides>
      <ManaPointDiceCount>0</ManaPointDiceCount>
      <ManaPointDiceBonus>0</ManaPointDiceBonus>
      <trust>60</trust>
      <hitpoints>1200</hitpoints>
      <maxhitpoints>1200</maxhitpoints>
      <manapoints>0</manapoints>
      <maxmanapoints>0</maxmanapoints>
      <movementpoints>0</movementpoints>
      <maxmovementpoints>0</maxmovementpoints>
      <ArmorBash>-300</ArmorBash>
      <ArmorSlash>-300</ArmorSlash>
      <ArmorPierce>-300</ArmorPierce>
      <ArmorExotic>-300</ArmorExotic>
      <size>Large</size>
      <race>dwarf</race>
      <alignment>Neutral</alignment>
      <ethos>0</ethos>
      <hitroll>0</hitroll>
      <damRoll>60</damRoll>
      <armorclass>0</armorclass>
      <silver>0</silver>
      <gold>5000</gold>
      <SavingThrow>0</SavingThrow>
      <Guild></Guild>
      <flags>NPC Sentinel StayArea</flags>
      <immune></immune>
      <resist></resist>
      <vulnerable></vulnerable>
      <affectedBy>DetectHidden Sanctuary Infrared ProtectEvil ProtectGood Haste</affectedBy>
      <WiznetFlags></WiznetFlags>
      <WeaponDamageMessage>punch</WeaponDamageMessage>
      <DamageDiceSides>60</DamageDiceSides>
      <DamageDiceCount>3</DamageDiceCount>
      <DamageDiceBonus>28</DamageDiceBonus>
      <PermanentStats>
        <Strength>16</Strength>
        <Wisdom>16</Wisdom>
        <Intelligence>16</Intelligence>
        <Dexterity>16</Dexterity>
        <Constitution>16</Constitution>
        <Charisma>16</Charisma>
      </PermanentStats>
    </NPC>
    <NPC>
      <Vnum>17611</Vnum>
      <name>bob strangler</name>
      <description>This old man has white hair and dark skin. He wears a plain white shirt
and dark blue jeans. He is smoking a cigerette and snarls. As you approuch
he says "I'll break your arm!"</description>
      <longDescription>Bob, the silent strangler crouches here awaiting his next victim.</longDescription>
      <shortDescription>bob the strangler</shortDescription>
      <Sex>Male</Sex>
      <level>60</level>
      <HitPointDiceSides>50</HitPointDiceSides>
      <HitPointDiceCount>10</HitPointDiceCount>
      <HitPointDiceBonus>25000</HitPointDiceBonus>
      <ManaPointDiceSides>0</ManaPointDiceSides>
      <ManaPointDiceCount>0</ManaPointDiceCount>
      <ManaPointDiceBonus>0</ManaPointDiceBonus>
      <trust>60</trust>
      <hitpoints>1200</hitpoints>
      <maxhitpoints>1200</maxhitpoints>
      <manapoints>0</manapoints>
      <maxmanapoints>0</maxmanapoints>
      <movementpoints>0</movementpoints>
      <maxmovementpoints>0</maxmovementpoints>
      <ArmorBash>-300</ArmorBash>
      <ArmorSlash>-300</ArmorSlash>
      <ArmorPierce>-300</ArmorPierce>
      <ArmorExotic>-300</ArmorExotic>
      <size>Large</size>
      <race>human</race>
      <alignment>Evil</alignment>
      <ethos>0</ethos>
      <hitroll>30</hitroll>
      <damRoll>60</damRoll>
      <armorclass>0</armorclass>
      <silver>0</silver>
      <gold>0</gold>
      <SavingThrow>0</SavingThrow>
      <Guild></Guild>
      <flags>NPC Sentinel StayArea</flags>
      <immune></immune>
      <resist></resist>
      <vulnerable></vulnerable>
      <affectedBy>DetectInvis DetectHidden Sanctuary ProtectEvil ProtectGood Hide PassDoor Haste DarkVision DetectIllusion</affectedBy>
      <WiznetFlags></WiznetFlags>
      <WeaponDamageMessage>punch</WeaponDamageMessage>
      <DamageDiceSides>70</DamageDiceSides>
      <DamageDiceCount>4</DamageDiceCount>
      <DamageDiceBonus>28</DamageDiceBonus>
      <PermanentStats>
        <Strength>16</Strength>
        <Wisdom>16</Wisdom>
        <Intelligence>16</Intelligence>
        <Dexterity>16</Dexterity>
        <Constitution>16</Constitution>
        <Charisma>16</Charisma>
      </PermanentStats>
    </NPC>
  </NPCs>
  <Items>
    <Item>
      <VNum>17600</VNum>
      <Name>nightstick</Name>
      <ShortDescription>a nightstick</ShortDescription>
      <LongDescription>A black, iron nightstick lies here.</LongDescription>
      <Description></Description>
      <Level>45</Level>
      <WeaponDamageType>beating</WeaponDamageType>
      <WeaponType>Mace</WeaponType>
      <DiceSides>7</DiceSides>
      <DiceCount>8</DiceCount>
      <DiceBonus>0</DiceBonus>
      <Weight>0</Weight>
      <WearFlags>Take Wield</WearFlags>
      <ExtraFlags>Hum</ExtraFlags>
      <ItemTypes>Weapon</ItemTypes>
      <Affects>
        <Affect where="ToObject" level="0" duration="-1" location="None" modifier="0" hidden="False" affectType="Spell">
          <ExtraState />
        </Affect>
        <Affect where="ToObject" level="0" duration="-1" location="None" modifier="0" hidden="False" affectType="Spell">
          <ExtraState />
        </Affect>
        <Affect where="ToObject" level="0" duration="-1" location="Saves" modifier="-10" hidden="False" affectType="Spell">
          <ExtraState />
        </Affect>
        <Affect where="ToObject" level="0" duration="-1" location="Hitroll" modifier="6" hidden="False" affectType="Spell">
          <ExtraState />
        </Affect>
        <Affect where="ToObject" level="0" duration="-1" location="Damroll" modifier="8" hidden="False" affectType="Spell">
          <ExtraState />
        </Affect>
      </Affects>
      <Silver>0</Silver>
      <Gold>0</Gold>
      <Cost>0</Cost>
      <Nutrition>0</Nutrition>
      <Liquid></Liquid>
      <MaxWeight>0</MaxWeight>
      <Material>iron</Material>
      <Charges>0</Charges>
      <MaxCharges>0</MaxCharges>
      <MaxDurability>100</MaxDurability>
      <ArmorBash>0</ArmorBash>
      <ArmorSlash>0</ArmorSlash>
      <ArmorPierce>0</ArmorPierce>
      <ArmorExotic>0</ArmorExotic>
      <ExtraDescriptions />
    </Item>
    <Item>
      <VNum>17601</VNum>
      <Name>twisted golf club</Name>
      <ShortDescription>a twisted golf club</ShortDescription>
      <LongDescription>A demented, twisted golf club lies at your feet.</LongDescription>
      <Description></Description>
      <Level>45</Level>
      <WeaponDamageType>smash</WeaponDamageType>
      <WeaponType>Mace</WeaponType>
      <DiceSides>6</DiceSides>
      <DiceCount>10</DiceCount>
      <DiceBonus>0</DiceBonus>
      <Weight>8</Weight>
      <WearFlags>Take Wield</WearFlags>
      <ExtraFlags>Glow</ExtraFlags>
      <ItemTypes>Weapon</ItemTypes>
      <Affects>
        <Affect where="ToObject" level="0" duration="-1" location="Damroll" modifier="6" hidden="False" affectType="Spell">
          <ExtraState />
        </Affect>
        <Affect where="ToObject" level="0" duration="-1" location="None" modifier="0" hidden="False" affectType="Spell">
          <ExtraState />
        </Affect>
        <Affect where="ToObject" level="0" duration="-1" location="Hitroll" modifier="4" hidden="False" affectType="Spell">
          <ExtraState />
        </Affect>
      </Affects>
      <Silver>0</Silver>
      <Gold>0</Gold>
      <Cost>0</Cost>
      <Nutrition>0</Nutrition>
      <Liquid></Liquid>
      <MaxWeight>0</MaxWeight>
      <Material>steel</Material>
      <Charges>0</Charges>
      <MaxCharges>0</MaxCharges>
      <MaxDurability>100</MaxDurability>
      <ArmorBash>0</ArmorBash>
      <ArmorSlash>0</ArmorSlash>
      <ArmorPierce>0</ArmorPierce>
      <ArmorExotic>0</ArmorExotic>
      <ExtraDescriptions />
    </Item>
    <Item>
      <VNum>17602</VNum>
      <Name>switchblade</Name>
      <ShortDescription>a Switchblade</ShortDescription>
      <LongDescription>A switchblade lies here, glinting in the dirt.</LongDescription>
      <Description></Description>
      <Level>51</Level>
      <WeaponDamageType>acbite</WeaponDamageType>
      <WeaponType>Dagger</WeaponType>
      <DiceSides>7</DiceSides>
      <DiceCount>10</DiceCount>
      <DiceBonus>0</DiceBonus>
      <Weight>0.5</Weight>
      <WearFlags>Take Wield</WearFlags>
      <ExtraFlags>Glow Vorpal TwoHands Shocking Poison</ExtraFlags>
      <ItemTypes>Weapon</ItemTypes>
      <Affects>
        <Affect where="ToObject" level="0" duration="-1" location="None" modifier="0" hidden="False" affectType="Spell">
          <ExtraState />
        </Affect>
        <Affect where="ToResist" level="0" duration="-1" location="None" flags="Poison" modifier="0" hidden="False" affectType="Spell">
          <ExtraState />
        </Affect>
        <Affect where="ToObject" level="0" duration="-1" location="Hitroll" modifier="5" hidden="False" affectType="Spell">
          <ExtraState />
        </Affect>
        <Affect where="ToObject" level="0" duration="-1" location="Damroll" modifier="5" hidden="False" affectType="Spell">
          <ExtraState />
        </Affect>
        <Affect where="ToImmune" level="0" duration="-1" location="None" DamageTypes="Acid" modifier="0" hidden="False" affectType="Spell">
          <ExtraState />
        </Affect>
      </Affects>
      <Silver>0</Silver>
      <Gold>0</Gold>
      <Cost>1000</Cost>
      <Nutrition>0</Nutrition>
      <Liquid></Liquid>
      <MaxWeight>0</MaxWeight>
      <Material>silver</Material>
      <Charges>0</Charges>
      <MaxCharges>0</MaxCharges>
      <MaxDurability>100</MaxDurability>
      <ArmorBash>0</ArmorBash>
      <ArmorSlash>0</ArmorSlash>
      <ArmorPierce>0</ArmorPierce>
      <ArmorExotic>0</ArmorExotic>
      <ExtraDescriptions />
    </Item>
    <Item>
      <VNum>17603</VNum>
      <Name>black cap</Name>
      <ShortDescription>the conductors cap</ShortDescription>
      <LongDescription>The black conductors cap lies here.</LongDescription>
      <Description></Description>
      <Level>58</Level>
      <WeaponDamageType>none</WeaponDamageType>
      <WeaponType>None</WeaponType>
      <DiceSides>1</DiceSides>
      <DiceCount>1</DiceCount>
      <DiceBonus>1</DiceBonus>
      <Weight>0</Weight>
      <WearFlags>Take Head</WearFlags>
      <ExtraFlags>Glow Hum VisDeath</ExtraFlags>
      <ItemTypes>Armor</ItemTypes>
      <Affects>
        <Affect where="ToObject" level="0" duration="-1" location="Str" modifier="-2" hidden="False" affectType="Spell">
          <ExtraState />
        </Affect>
        <Affect where="ToObject" level="0" duration="-1" location="Hitroll" modifier="3" hidden="False" affectType="Spell">
          <ExtraState />
        </Affect>
        <Affect where="ToObject" level="0" duration="-1" location="Damroll" modifier="3" hidden="False" affectType="Spell">
          <ExtraState />
        </Affect>
        <Affect where="ToObject" level="0" duration="-1" location="None" modifier="0" hidden="False" affectType="Spell">
          <ExtraState />
        </Affect>
        <Affect where="ToAffects" level="0" duration="-1" location="None" flags="DetectHidden" modifier="0" hidden="False" affectType="Spell">
          <ExtraState />
        </Affect>
      </Affects>
      <Silver>0</Silver>
      <Gold>0</Gold>
      <Cost>0</Cost>
      <Nutrition>0</Nutrition>
      <Liquid></Liquid>
      <MaxWeight>0</MaxWeight>
      <Material>cotton</Material>
      <Charges>0</Charges>
      <MaxCharges>0</MaxCharges>
      <MaxDurability>100</MaxDurability>
      <ArmorBash>12</ArmorBash>
      <ArmorSlash>12</ArmorSlash>
      <ArmorPierce>12</ArmorPierce>
      <ArmorExotic>12</ArmorExotic>
      <ExtraDescriptions />
    </Item>
    <Item>
      <VNum>17604</VNum>
      <Name>white overalls</Name>
      <ShortDescription>pair of white overalls</ShortDescription>
      <LongDescription>A pair of white overalls lay before you.</LongDescription>
      <Description></Description>
      <Level>58</Level>
      <WeaponDamageType>none</WeaponDamageType>
      <WeaponType>None</WeaponType>
      <DiceSides>1</DiceSides>
      <DiceCount>1</DiceCount>
      <DiceBonus>1</DiceBonus>
      <Weight>0.8</Weight>
      <WearFlags>Take About</WearFlags>
      <ExtraFlags>Glow Magic NoRemove VisDeath</ExtraFlags>
      <ItemTypes>Armor</ItemTypes>
      <Affects>
        <Affect where="ToObject" level="0" duration="-1" location="Damroll" modifier="3" hidden="False" affectType="Spell">
          <ExtraState />
        </Affect>
        <Affect where="ToObject" level="0" duration="-1" location="Dexterity" modifier="3" hidden="False" affectType="Spell">
          <ExtraState />
        </Affect>
        <Affect where="ToObject" level="0" duration="-1" location="None" modifier="0" hidden="False" affectType="Spell">
          <ExtraState />
        </Affect>
        <Affect where="ToAffects" level="0" duration="-1" location="None" flags="Regeneration" modifier="0" hidden="False" affectType="Spell">
          <ExtraState />
        </Affect>
        <Affect where="ToObject" level="0" duration="-1" location="Armor" modifier="50" hidden="False" affectType="Spell">
          <ExtraState />
        </Affect>
      </Affects>
      <Silver>0</Silver>
      <Gold>0</Gold>
      <Cost>0</Cost>
      <Nutrition>0</Nutrition>
      <Liquid></Liquid>
      <MaxWeight>0</MaxWeight>
      <Material>flanal</Material>
      <Charges>0</Charges>
      <MaxCharges>0</MaxCharges>
      <MaxDurability>100</MaxDurability>
      <ArmorBash>10</ArmorBash>
      <ArmorSlash>10</ArmorSlash>
      <ArmorPierce>10</ArmorPierce>
      <ArmorExotic>10</ArmorExotic>
      <ExtraDescriptions />
    </Item>
    <Item>
      <VNum>17605</VNum>
      <Name>pocket watch pocketwatch</Name>
      <ShortDescription>a pocket watch</ShortDescription>
      <LongDescription>A silver pocket watch lies here, connected to a silver chain.</LongDescription>
      <Description></Description>
      <Level>58</Level>
      <WeaponDamageType>none</WeaponDamageType>
      <WeaponType>None</WeaponType>
      <DiceSides>1</DiceSides>
      <DiceCount>1</DiceCount>
      <DiceBonus>1</DiceBonus>
      <Weight>0</Weight>
      <WearFlags>Take Hold</WearFlags>
      <ExtraFlags>Glow NoDrop NoRemove VisDeath</ExtraFlags>
      <ItemTypes>Trash</ItemTypes>
      <Affects>
        <Affect where="ToObject" level="0" duration="-1" location="None" modifier="0" hidden="False" affectType="Spell">
          <ExtraState />
        </Affect>
        <Affect where="ToAffects" level="0" duration="-1" location="None" flags="DetectInvis DetectHidden Flying PassDoor Haste" modifier="0" hidden="False" affectType="Spell">
          <ExtraState />
        </Affect>
      </Affects>
      <Silver>0</Silver>
      <Gold>0</Gold>
      <Cost>0</Cost>
      <Nutrition>0</Nutrition>
      <Liquid></Liquid>
      <MaxWeight>0</MaxWeight>
      <Material>silver</Material>
      <Charges>0</Charges>
      <MaxCharges>0</MaxCharges>
      <MaxDurability>100</MaxDurability>
      <ArmorBash>0</ArmorBash>
      <ArmorSlash>0</ArmorSlash>
      <ArmorPierce>0</ArmorPierce>
      <ArmorExotic>0</ArmorExotic>
      <ExtraDescriptions />
    </Item>
    <Item>
      <VNum>17606</VNum>
      <Name>extension cord</Name>
      <ShortDescription>an extension cord</ShortDescription>
      <LongDescription>A freezing extension cord lies before you, on the handle it reads "Bob, the Strangler".</LongDescription>
      <Description></Description>
      <Level>60</Level>
      <WeaponDamageType>frbite</WeaponDamageType>
      <WeaponType>Whip</WeaponType>
      <DiceSides>8</DiceSides>
      <DiceCount>10</DiceCount>
      <DiceBonus>0</DiceBonus>
      <Weight>0</Weight>
      <WearFlags>Take Wield</WearFlags>
      <ExtraFlags>Glow Hum Evil NoRemove VisDeath NoUncurse Flaming Frost Vorpal TwoHands Shocking Poison Unholy</ExtraFlags>
      <ItemTypes>Weapon</ItemTypes>
      <Affects>
        <Affect where="ToObject" level="0" duration="-1" location="None" modifier="0" hidden="False" affectType="Spell">
          <ExtraState />
        </Affect>
        <Affect where="ToObject" level="0" duration="-1" location="None" modifier="0" hidden="False" affectType="Spell">
          <ExtraState />
        </Affect>
        <Affect where="ToObject" level="0" duration="-1" location="Armor" modifier="-50" hidden="False" affectType="Spell">
          <ExtraState />
        </Affect>
        <Affect where="ToObject" level="0" duration="-1" location="Damroll" modifier="10" hidden="False" affectType="Spell">
          <ExtraState />
        </Affect>
        <Affect where="ToObject" level="0" duration="-1" location="Hitroll" modifier="10" hidden="False" affectType="Spell">
          <ExtraState />
        </Affect>
      </Affects>
      <Silver>0</Silver>
      <Gold>0</Gold>
      <Cost>0</Cost>
      <Nutrition>0</Nutrition>
      <Liquid></Liquid>
      <MaxWeight>0</MaxWeight>
      <Material>wire</Material>
      <Charges>0</Charges>
      <MaxCharges>0</MaxCharges>
      <MaxDurability>100</MaxDurability>
      <ArmorBash>0</ArmorBash>
      <ArmorSlash>0</ArmorSlash>
      <ArmorPierce>0</ArmorPierce>
      <ArmorExotic>0</ArmorExotic>
      <ExtraDescriptions />
    </Item>
  </Items>
  <Resets>
    <Reset Type="NPC" Destination="17605" Count="1" Max="1" Vnum="17600">
      <!--Spawn the watchman to The watchman's shack-->
    </Reset>
    <Reset Type="Equip" Destination="0" Count="0" Max="0" Vnum="17600">
      <!--Spawn a nightstick to the watchman-->
    </Reset>
    <Reset Type="NPC" Destination="17607" Count="1" Max="1" Vnum="17606">
      <!--Spawn a hobo to A small sidewalk-->
    </Reset>
    <Reset Type="NPC" Destination="17608" Count="1" Max="1" Vnum="17611">
      <!--Spawn bob the strangler to A small sidewalk-->
    </Reset>
    <Reset Type="Equip" Destination="0" Count="0" Max="0" Vnum="17606">
      <!--Spawn an extension cord to bob the strangler-->
    </Reset>
    <Reset Type="NPC" Destination="17609" Count="1" Max="1" Vnum="17606">
      <!--Spawn a hobo to A small sidewalk-->
    </Reset>
    <Reset Type="NPC" Destination="17611" Count="1" Max="1" Vnum="17606">
      <!--Spawn a hobo to A small sidewalk-->
    </Reset>
    <Reset Type="NPC" Destination="17612" Count="1" Max="1" Vnum="17606">
      <!--Spawn a hobo to A small sidewalk-->
    </Reset>
    <Reset Type="NPC" Destination="17614" Count="1" Max="1" Vnum="17606">
      <!--Spawn a hobo to A small sidewalk-->
    </Reset>
    <Reset Type="NPC" Destination="17616" Count="1" Max="1" Vnum="17606">
      <!--Spawn a hobo to A small sidewalk-->
    </Reset>
    <Reset Type="NPC" Destination="17617" Count="1" Max="1" Vnum="17601">
      <!--Spawn a small child to A boxcar-->
    </Reset>
    <Reset Type="NPC" Destination="17617" Count="1" Max="1" Vnum="17602">
      <!--Spawn a sad woman to A boxcar-->
    </Reset>
    <Reset Type="NPC" Destination="17617" Count="1" Max="1" Vnum="17603">
      <!--Spawn a wife beater to A boxcar-->
    </Reset>
    <Reset Type="Equip" Destination="0" Count="0" Max="0" Vnum="17601">
      <!--Spawn a twisted golf club to a wife beater-->
    </Reset>
    <Reset Type="NPC" Destination="17618" Count="1" Max="1" Vnum="17604">
      <!--Spawn a racoon to A boxcar-->
    </Reset>
    <Reset Type="NPC" Destination="17620" Count="2" Max="2" Vnum="17605">
      <!--Spawn a small boy to An oil tanker-->
    </Reset>
    <Reset Type="NPC" Destination="17620" Count="2" Max="2" Vnum="17605">
      <!--Spawn a small boy to An oil tanker-->
    </Reset>
    <Reset Type="NPC" Destination="17623" Count="1" Max="1" Vnum="17608">
      <!--Spawn a begger to A platform-->
    </Reset>
    <Reset Type="NPC" Destination="17623" Count="1" Max="1" Vnum="17607">
      <!--Spawn paul, the hobo to A platform-->
    </Reset>
    <Reset Type="Equip" Destination="0" Count="0" Max="0" Vnum="17602">
      <!--Spawn a Switchblade to paul, the hobo-->
    </Reset>
    <Reset Type="NPC" Destination="17624" Count="1" Max="1" Vnum="17609">
      <!--Spawn an old man to A boxcar-->
    </Reset>
    <Reset Type="NPC" Destination="17627" Count="1" Max="1" Vnum="17610">
      <!--Spawn the conductor to The engine room-->
    </Reset>
    <Reset Type="Equip" Destination="0" Count="0" Max="0" Vnum="17605">
      <!--Spawn a pocket watch to the conductor-->
    </Reset>
    <Reset Type="Equip" Destination="0" Count="0" Max="0" Vnum="17604">
      <!--Spawn pair of white overalls to the conductor-->
    </Reset>
    <Reset Type="Equip" Destination="0" Count="0" Max="0" Vnum="17603">
      <!--Spawn the conductors cap to the conductor-->
    </Reset>
    <Reset Type="NPC" Destination="17629" Count="1" Max="1" Vnum="17606">
      <!--Spawn a hobo to A small sidewalk-->
    </Reset>
    <Reset Type="NPC" Destination="17631" Count="1" Max="1" Vnum="17606">
      <!--Spawn a hobo to A small sidewalk-->
    </Reset>
    <Reset Type="NPC" Destination="17633" Count="1" Max="1" Vnum="17606">
      <!--Spawn a hobo to A small sidewalk-->
    </Reset>
    <Reset Type="NPC" Destination="17635" Count="1" Max="1" Vnum="17606">
      <!--Spawn a hobo to A small sidewalk-->
    </Reset>
    <Reset Type="NPC" Destination="17637" Count="1" Max="1" Vnum="17606">
      <!--Spawn a hobo to A small sidewalk-->
    </Reset>
  </Resets>
</Area>