﻿<?xml version="1.0" encoding="utf-8"?>
<Area>
  <AreaData>
    <Name>The Docks</Name>
    <Info></Info>
    <VnumStart>60000</VnumStart>
    <VnumEnd>60299</VnumEnd>
    <MinimumLevel>0</MinimumLevel>
    <MaximumLevel>1</MaximumLevel>
    <Builders></Builders>
    <Security>0</Security>
    <Credits></Credits>
    <Continent>Mainland</Continent>
    <OverRoomVnum>0</OverRoomVnum>
  </AreaData>
  <Rooms>
    <Room>
      <VNum>60000</VNum>
      <Name>The Docks</Name>
      <Description>Despite its dusty appearance and infestations, the docks are an important part
of the city. Many visitors arrive by boat, and need to have a safe place to
land. You decide to watch your step, since the sweepers have not cleaned this
area up yet.</Description>
      <Sector>Inside</Sector>
      <Flags></Flags>
      <Exits>
        <Exit>
          <Direction>North</Direction>
          <Destination>19099</Destination>
          <Display>the door north</Display>
          <Keywords></Keywords>
          <Description></Description>
          <Flags></Flags>
          <Keys></Keys>
          <ExitSize>Giant</ExitSize>
        </Exit>
        <Exit>
          <Direction>East</Direction>
          <Destination>60002</Destination>
          <Display>the door east</Display>
          <Keywords></Keywords>
          <Description></Description>
          <Flags></Flags>
          <Keys></Keys>
          <ExitSize>Giant</ExitSize>
        </Exit>
        <Exit>
          <Direction>South</Direction>
          <Destination>60004</Destination>
          <Display>the door south</Display>
          <Keywords></Keywords>
          <Description></Description>
          <Flags></Flags>
          <Keys></Keys>
          <ExitSize>Giant</ExitSize>
        </Exit>
        <Exit>
          <Direction>West</Direction>
          <Destination>60003</Destination>
          <Display>the door west</Display>
          <Keywords></Keywords>
          <Description></Description>
          <Flags></Flags>
          <Keys></Keys>
          <ExitSize>Giant</ExitSize>
        </Exit>
      </Exits>
      <ExtraDescriptions />
    </Room>
    <Room>
      <VNum>60001</VNum>
      <Name>The Docks</Name>
      <Description></Description>
      <Sector>Inside</Sector>
      <Flags></Flags>
      <Exits>
        <Exit>
          <Direction>North</Direction>
          <Destination>60000</Destination>
          <Display>the door north</Display>
          <Keywords></Keywords>
          <Description></Description>
          <Flags></Flags>
          <Keys></Keys>
          <ExitSize>Giant</ExitSize>
        </Exit>
      </Exits>
      <ExtraDescriptions />
    </Room>
    <Room>
      <VNum>60002</VNum>
      <Name>Boat Shop</Name>
      <Description></Description>
      <Sector>Inside</Sector>
      <Flags></Flags>
      <Exits>
        <Exit>
          <Direction>West</Direction>
          <Destination>60000</Destination>
          <Display>the door west</Display>
          <Keywords></Keywords>
          <Description></Description>
          <Flags></Flags>
          <Keys></Keys>
          <ExitSize>Giant</ExitSize>
        </Exit>
      </Exits>
      <ExtraDescriptions />
    </Room>
    <Room>
      <VNum>60003</VNum>
      <Name>Homeless Shelter</Name>
      <Description></Description>
      <Sector>Inside</Sector>
      <Flags></Flags>
      <Exits>
        <Exit>
          <Direction>East</Direction>
          <Destination>60000</Destination>
          <Display>the door east</Display>
          <Keywords></Keywords>
          <Description></Description>
          <Flags></Flags>
          <Keys></Keys>
          <ExitSize>Giant</ExitSize>
        </Exit>
      </Exits>
      <ExtraDescriptions />
    </Room>
    <Room>
      <VNum>60004</VNum>
      <Name>Tigris River</Name>
      <Description>The river widens here, to accomodate embarking and disembarking boat passengers
on both sides of the docks. A pleasent musty smell rises from the river water,
no doubt from whatever chemical is used to clean and sanitize it this close to
the city.</Description>
      <Sector>River</Sector>
      <Flags></Flags>
      <Exits>
        <Exit>
          <Direction>North</Direction>
          <Destination>60000</Destination>
          <Display>the door north</Display>
          <Keywords></Keywords>
          <Description></Description>
          <Flags></Flags>
          <Keys></Keys>
          <ExitSize>Giant</ExitSize>
        </Exit>
        <Exit>
          <Direction>East</Direction>
          <Destination>60005</Destination>
          <Display>the door east</Display>
          <Keywords></Keywords>
          <Description></Description>
          <Flags></Flags>
          <Keys></Keys>
          <ExitSize>Giant</ExitSize>
        </Exit>
        <Exit>
          <Direction>South</Direction>
          <Destination>60013</Destination>
          <Display>the door south</Display>
          <Keywords></Keywords>
          <Description></Description>
          <Flags></Flags>
          <Keys></Keys>
          <ExitSize>Giant</ExitSize>
        </Exit>
        <Exit>
          <Direction>West</Direction>
          <Destination>60008</Destination>
          <Display>the door west</Display>
          <Keywords></Keywords>
          <Description></Description>
          <Flags></Flags>
          <Keys></Keys>
          <ExitSize>Giant</ExitSize>
        </Exit>
      </Exits>
      <ExtraDescriptions />
    </Room>
    <Room>
      <VNum>60005</VNum>
      <Name>Tigris River</Name>
      <Description>The river widens here, to accomodate embarking and disembarking boat passengers
on both sides of the docks. A pleasent musty smell rises from the river water,
no doubt from whatever chemical is used to clean and sanitize it this close to
the city.</Description>
      <Sector>River</Sector>
      <Flags></Flags>
      <Exits>
        <Exit>
          <Direction>East</Direction>
          <Destination>60006</Destination>
          <Display>the door east</Display>
          <Keywords></Keywords>
          <Description></Description>
          <Flags></Flags>
          <Keys></Keys>
          <ExitSize>Giant</ExitSize>
        </Exit>
        <Exit>
          <Direction>South</Direction>
          <Destination>60014</Destination>
          <Display>the door south</Display>
          <Keywords></Keywords>
          <Description></Description>
          <Flags></Flags>
          <Keys></Keys>
          <ExitSize>Giant</ExitSize>
        </Exit>
        <Exit>
          <Direction>West</Direction>
          <Destination>60004</Destination>
          <Display>the door west</Display>
          <Keywords></Keywords>
          <Description></Description>
          <Flags></Flags>
          <Keys></Keys>
          <ExitSize>Giant</ExitSize>
        </Exit>
      </Exits>
      <ExtraDescriptions />
    </Room>
    <Room>
      <VNum>60006</VNum>
      <Name>Tigris River</Name>
      <Description>The river widens here, to accomodate embarking and disembarking boat passengers
on both sides of the docks. A pleasent musty smell rises from the river water,
no doubt from whatever chemical is used to clean and sanitize it this close to
the city.</Description>
      <Sector>River</Sector>
      <Flags></Flags>
      <Exits>
        <Exit>
          <Direction>East</Direction>
          <Destination>60007</Destination>
          <Display>the door east</Display>
          <Keywords></Keywords>
          <Description></Description>
          <Flags></Flags>
          <Keys></Keys>
          <ExitSize>Giant</ExitSize>
        </Exit>
        <Exit>
          <Direction>South</Direction>
          <Destination>60015</Destination>
          <Display>the door south</Display>
          <Keywords></Keywords>
          <Description></Description>
          <Flags></Flags>
          <Keys></Keys>
          <ExitSize>Giant</ExitSize>
        </Exit>
        <Exit>
          <Direction>West</Direction>
          <Destination>60005</Destination>
          <Display>the door west</Display>
          <Keywords></Keywords>
          <Description></Description>
          <Flags></Flags>
          <Keys></Keys>
          <ExitSize>Giant</ExitSize>
        </Exit>
      </Exits>
      <ExtraDescriptions />
    </Room>
    <Room>
      <VNum>60007</VNum>
      <Name>Tigris River</Name>
      <Description>The river widens here, to accomodate embarking and disembarking boat passengers
on both sides of the docks. A pleasent musty smell rises from the river water,
no doubt from whatever chemical is used to clean and sanitize it this close to
the city.</Description>
      <Sector>River</Sector>
      <Flags></Flags>
      <Exits>
        <Exit>
          <Direction>East</Direction>
          <Destination>19578</Destination>
          <Display>the door east</Display>
          <Keywords></Keywords>
          <Description></Description>
          <Flags></Flags>
          <Keys></Keys>
          <ExitSize>Giant</ExitSize>
        </Exit>
        <Exit>
          <Direction>West</Direction>
          <Destination>60006</Destination>
          <Display>the door west</Display>
          <Keywords></Keywords>
          <Description></Description>
          <Flags></Flags>
          <Keys></Keys>
          <ExitSize>Giant</ExitSize>
        </Exit>
      </Exits>
      <ExtraDescriptions />
    </Room>
    <Room>
      <VNum>60008</VNum>
      <Name>Tigris River</Name>
      <Description>The river widens here, to accomodate embarking and disembarking boat passengers
on both sides of the docks. A pleasent musty smell rises from the river water,
no doubt from whatever chemical is used to clean and sanitize it this close to
the city.</Description>
      <Sector>River</Sector>
      <Flags></Flags>
      <Exits>
        <Exit>
          <Direction>East</Direction>
          <Destination>60004</Destination>
          <Display>the door east</Display>
          <Keywords></Keywords>
          <Description></Description>
          <Flags></Flags>
          <Keys></Keys>
          <ExitSize>Giant</ExitSize>
        </Exit>
        <Exit>
          <Direction>South</Direction>
          <Destination>60012</Destination>
          <Display>the door south</Display>
          <Keywords></Keywords>
          <Description></Description>
          <Flags></Flags>
          <Keys></Keys>
          <ExitSize>Giant</ExitSize>
        </Exit>
        <Exit>
          <Direction>West</Direction>
          <Destination>60009</Destination>
          <Display>the door west</Display>
          <Keywords></Keywords>
          <Description></Description>
          <Flags></Flags>
          <Keys></Keys>
          <ExitSize>Giant</ExitSize>
        </Exit>
      </Exits>
      <ExtraDescriptions />
    </Room>
    <Room>
      <VNum>60009</VNum>
      <Name>Tigris River</Name>
      <Description>The river widens here, to accomodate embarking and disembarking boat passengers
on both sides of the docks. A pleasent musty smell rises from the river water,
no doubt from whatever chemical is used to clean and sanitize it this close to
the city.</Description>
      <Sector>River</Sector>
      <Flags></Flags>
      <Exits>
        <Exit>
          <Direction>East</Direction>
          <Destination>60008</Destination>
          <Display>the door east</Display>
          <Keywords></Keywords>
          <Description></Description>
          <Flags></Flags>
          <Keys></Keys>
          <ExitSize>Giant</ExitSize>
        </Exit>
        <Exit>
          <Direction>South</Direction>
          <Destination>60011</Destination>
          <Display>the door south</Display>
          <Keywords></Keywords>
          <Description></Description>
          <Flags></Flags>
          <Keys></Keys>
          <ExitSize>Giant</ExitSize>
        </Exit>
        <Exit>
          <Direction>West</Direction>
          <Destination>19116</Destination>
          <Display>the door west</Display>
          <Keywords></Keywords>
          <Description></Description>
          <Flags></Flags>
          <Keys></Keys>
          <ExitSize>Giant</ExitSize>
        </Exit>
      </Exits>
      <ExtraDescriptions />
    </Room>
    <Room>
      <VNum>60010</VNum>
      <Name>River</Name>
      <Description></Description>
      <Sector>Inside</Sector>
      <Flags></Flags>
      <Exits />
      <ExtraDescriptions />
    </Room>
    <Room>
      <VNum>60011</VNum>
      <Name>The Docks</Name>
      <Description>Despite its dusty appearance and infestations, the docks are an important part
of the city. Many visitors arrive by boat, and need to have a safe place to
land. You decide to watch your step, since the sweepers have not cleaned this
area up yet.</Description>
      <Sector>Inside</Sector>
      <Flags></Flags>
      <Exits>
        <Exit>
          <Direction>North</Direction>
          <Destination>60009</Destination>
          <Display>the door north</Display>
          <Keywords></Keywords>
          <Description></Description>
          <Flags></Flags>
          <Keys></Keys>
          <ExitSize>Giant</ExitSize>
        </Exit>
        <Exit>
          <Direction>East</Direction>
          <Destination>60012</Destination>
          <Display>the door east</Display>
          <Keywords></Keywords>
          <Description></Description>
          <Flags></Flags>
          <Keys></Keys>
          <ExitSize>Giant</ExitSize>
        </Exit>
        <Exit>
          <Direction>South</Direction>
          <Destination>60020</Destination>
          <Display>the door south</Display>
          <Keywords></Keywords>
          <Description></Description>
          <Flags></Flags>
          <Keys></Keys>
          <ExitSize>Giant</ExitSize>
        </Exit>
      </Exits>
      <ExtraDescriptions />
    </Room>
    <Room>
      <VNum>60012</VNum>
      <Name>The Docks</Name>
      <Description>Despite its dusty appearance and infestations, the docks are an important part
of the city. Many visitors arrive by boat, and need to have a safe place to
land. You decide to watch your step, since the sweepers have not cleaned this
area up yet.</Description>
      <Sector>Inside</Sector>
      <Flags></Flags>
      <Exits>
        <Exit>
          <Direction>North</Direction>
          <Destination>60008</Destination>
          <Display>the door north</Display>
          <Keywords></Keywords>
          <Description></Description>
          <Flags></Flags>
          <Keys></Keys>
          <ExitSize>Giant</ExitSize>
        </Exit>
        <Exit>
          <Direction>East</Direction>
          <Destination>60013</Destination>
          <Display>the door east</Display>
          <Keywords></Keywords>
          <Description></Description>
          <Flags></Flags>
          <Keys></Keys>
          <ExitSize>Giant</ExitSize>
        </Exit>
        <Exit>
          <Direction>West</Direction>
          <Destination>60011</Destination>
          <Display>the door west</Display>
          <Keywords></Keywords>
          <Description></Description>
          <Flags></Flags>
          <Keys></Keys>
          <ExitSize>Giant</ExitSize>
        </Exit>
      </Exits>
      <ExtraDescriptions />
    </Room>
    <Room>
      <VNum>60013</VNum>
      <Name>The Docks</Name>
      <Description>Despite its dusty appearance and infestations, the docks are an important part
of the city. Many visitors arrive by boat, and need to have a safe place to
land. You decide to watch your step, since the sweepers have not cleaned this
area up yet.</Description>
      <Sector>Inside</Sector>
      <Flags></Flags>
      <Exits>
        <Exit>
          <Direction>North</Direction>
          <Destination>60004</Destination>
          <Display>the door north</Display>
          <Keywords></Keywords>
          <Description></Description>
          <Flags></Flags>
          <Keys></Keys>
          <ExitSize>Giant</ExitSize>
        </Exit>
        <Exit>
          <Direction>East</Direction>
          <Destination>60014</Destination>
          <Display>the door east</Display>
          <Keywords></Keywords>
          <Description></Description>
          <Flags></Flags>
          <Keys></Keys>
          <ExitSize>Giant</ExitSize>
        </Exit>
        <Exit>
          <Direction>West</Direction>
          <Destination>60012</Destination>
          <Display>the door west</Display>
          <Keywords></Keywords>
          <Description></Description>
          <Flags></Flags>
          <Keys></Keys>
          <ExitSize>Giant</ExitSize>
        </Exit>
      </Exits>
      <ExtraDescriptions />
    </Room>
    <Room>
      <VNum>60014</VNum>
      <Name>The Docks</Name>
      <Description>Despite its dusty appearance and infestations, the docks are an important part
of the city. Many visitors arrive by boat, and need to have a safe place to
land. You decide to watch your step, since the sweepers have not cleaned this
area up yet.</Description>
      <Sector>Inside</Sector>
      <Flags></Flags>
      <Exits>
        <Exit>
          <Direction>North</Direction>
          <Destination>60005</Destination>
          <Display>the door north</Display>
          <Keywords></Keywords>
          <Description></Description>
          <Flags></Flags>
          <Keys></Keys>
          <ExitSize>Giant</ExitSize>
        </Exit>
        <Exit>
          <Direction>East</Direction>
          <Destination>60015</Destination>
          <Display>the door east</Display>
          <Keywords></Keywords>
          <Description></Description>
          <Flags></Flags>
          <Keys></Keys>
          <ExitSize>Giant</ExitSize>
        </Exit>
        <Exit>
          <Direction>West</Direction>
          <Destination>60013</Destination>
          <Display>the door west</Display>
          <Keywords></Keywords>
          <Description></Description>
          <Flags></Flags>
          <Keys></Keys>
          <ExitSize>Giant</ExitSize>
        </Exit>
      </Exits>
      <ExtraDescriptions />
    </Room>
    <Room>
      <VNum>60015</VNum>
      <Name>The Docks</Name>
      <Description>Despite its dusty appearance and infestations, the docks are an important part
of the city. Many visitors arrive by boat, and need to have a safe place to
land. You decide to watch your step, since the sweepers have not cleaned this
area up yet.</Description>
      <Sector>Inside</Sector>
      <Flags></Flags>
      <Exits>
        <Exit>
          <Direction>North</Direction>
          <Destination>60006</Destination>
          <Display>the door north</Display>
          <Keywords></Keywords>
          <Description></Description>
          <Flags></Flags>
          <Keys></Keys>
          <ExitSize>Giant</ExitSize>
        </Exit>
        <Exit>
          <Direction>South</Direction>
          <Destination>60016</Destination>
          <Display>the door south</Display>
          <Keywords></Keywords>
          <Description></Description>
          <Flags></Flags>
          <Keys></Keys>
          <ExitSize>Giant</ExitSize>
        </Exit>
        <Exit>
          <Direction>West</Direction>
          <Destination>60014</Destination>
          <Display>the door west</Display>
          <Keywords></Keywords>
          <Description></Description>
          <Flags></Flags>
          <Keys></Keys>
          <ExitSize>Giant</ExitSize>
        </Exit>
      </Exits>
      <ExtraDescriptions />
    </Room>
    <Room>
      <VNum>60016</VNum>
      <Name>The Docks</Name>
      <Description>Despite its dusty appearance and infestations, the docks are an important part
of the city. Many visitors arrive by boat, and need to have a safe place to
land. You decide to watch your step, since the sweepers have not cleaned this
area up yet.</Description>
      <Sector>Inside</Sector>
      <Flags></Flags>
      <Exits>
        <Exit>
          <Direction>North</Direction>
          <Destination>60015</Destination>
          <Display>the door north</Display>
          <Keywords></Keywords>
          <Description></Description>
          <Flags></Flags>
          <Keys></Keys>
          <ExitSize>Giant</ExitSize>
        </Exit>
        <Exit>
          <Direction>South</Direction>
          <Destination>60021</Destination>
          <Display>the door south</Display>
          <Keywords></Keywords>
          <Description></Description>
          <Flags></Flags>
          <Keys></Keys>
          <ExitSize>Giant</ExitSize>
        </Exit>
        <Exit>
          <Direction>West</Direction>
          <Destination>60017</Destination>
          <Display>the door west</Display>
          <Keywords></Keywords>
          <Description></Description>
          <Flags></Flags>
          <Keys></Keys>
          <ExitSize>Giant</ExitSize>
        </Exit>
      </Exits>
      <ExtraDescriptions />
    </Room>
    <Room>
      <VNum>60017</VNum>
      <Name>The Docks</Name>
      <Description>Despite its dusty appearance and infestations, the docks are an important part
of the city. Many visitors arrive by boat, and need to have a safe place to
land. You decide to watch your step, since the sweepers have not cleaned this
area up yet.</Description>
      <Sector>Inside</Sector>
      <Flags></Flags>
      <Exits>
        <Exit>
          <Direction>East</Direction>
          <Destination>60016</Destination>
          <Display>the door east</Display>
          <Keywords></Keywords>
          <Description></Description>
          <Flags></Flags>
          <Keys></Keys>
          <ExitSize>Giant</ExitSize>
        </Exit>
        <Exit>
          <Direction>South</Direction>
          <Destination>60041</Destination>
          <Display>the door south</Display>
          <Keywords></Keywords>
          <Description></Description>
          <Flags></Flags>
          <Keys></Keys>
          <ExitSize>Giant</ExitSize>
        </Exit>
        <Exit>
          <Direction>West</Direction>
          <Destination>60018</Destination>
          <Display>the door west</Display>
          <Keywords></Keywords>
          <Description></Description>
          <Flags></Flags>
          <Keys></Keys>
          <ExitSize>Giant</ExitSize>
        </Exit>
      </Exits>
      <ExtraDescriptions />
    </Room>
    <Room>
      <VNum>60018</VNum>
      <Name>The Docks</Name>
      <Description>Despite its dusty appearance and infestations, the docks are an important part
of the city. Many visitors arrive by boat, and need to have a safe place to
land. You decide to watch your step, since the sweepers have not cleaned this
area up yet.</Description>
      <Sector>Inside</Sector>
      <Flags></Flags>
      <Exits>
        <Exit>
          <Direction>East</Direction>
          <Destination>60017</Destination>
          <Display>the door east</Display>
          <Keywords></Keywords>
          <Description></Description>
          <Flags></Flags>
          <Keys></Keys>
          <ExitSize>Giant</ExitSize>
        </Exit>
        <Exit>
          <Direction>West</Direction>
          <Destination>60019</Destination>
          <Display>the door west</Display>
          <Keywords></Keywords>
          <Description></Description>
          <Flags></Flags>
          <Keys></Keys>
          <ExitSize>Giant</ExitSize>
        </Exit>
      </Exits>
      <ExtraDescriptions />
    </Room>
    <Room>
      <VNum>60019</VNum>
      <Name>The Docks</Name>
      <Description>Despite its dusty appearance and infestations, the docks are an important part
of the city. Many visitors arrive by boat, and need to have a safe place to
land. You decide to watch your step, since the sweepers have not cleaned this
area up yet.</Description>
      <Sector>Inside</Sector>
      <Flags></Flags>
      <Exits>
        <Exit>
          <Direction>East</Direction>
          <Destination>60018</Destination>
          <Display>the door east</Display>
          <Keywords></Keywords>
          <Description></Description>
          <Flags></Flags>
          <Keys></Keys>
          <ExitSize>Giant</ExitSize>
        </Exit>
        <Exit>
          <Direction>South</Direction>
          <Destination>60042</Destination>
          <Display>the door south</Display>
          <Keywords></Keywords>
          <Description></Description>
          <Flags></Flags>
          <Keys></Keys>
          <ExitSize>Giant</ExitSize>
        </Exit>
        <Exit>
          <Direction>West</Direction>
          <Destination>60020</Destination>
          <Display>the door west</Display>
          <Keywords></Keywords>
          <Description></Description>
          <Flags></Flags>
          <Keys></Keys>
          <ExitSize>Giant</ExitSize>
        </Exit>
      </Exits>
      <ExtraDescriptions />
    </Room>
    <Room>
      <VNum>60020</VNum>
      <Name>The Docks</Name>
      <Description>Despite its dusty appearance and infestations, the docks are an important part
of the city. Many visitors arrive by boat, and need to have a safe place to
land. You decide to watch your step, since the sweepers have not cleaned this
area up yet.</Description>
      <Sector>Inside</Sector>
      <Flags></Flags>
      <Exits>
        <Exit>
          <Direction>North</Direction>
          <Destination>60011</Destination>
          <Display>the door north</Display>
          <Keywords></Keywords>
          <Description></Description>
          <Flags></Flags>
          <Keys></Keys>
          <ExitSize>Giant</ExitSize>
        </Exit>
        <Exit>
          <Direction>East</Direction>
          <Destination>60019</Destination>
          <Display>the door east</Display>
          <Keywords></Keywords>
          <Description></Description>
          <Flags></Flags>
          <Keys></Keys>
          <ExitSize>Giant</ExitSize>
        </Exit>
      </Exits>
      <ExtraDescriptions />
    </Room>
    <Room>
      <VNum>60021</VNum>
      <Name>The Docks</Name>
      <Description>Despite its dusty appearance and infestations, the docks are an important part
of the city. Many visitors arrive by boat, and need to have a safe place to
land. You decide to watch your step, since the sweepers have not cleaned this
area up yet.</Description>
      <Sector>Inside</Sector>
      <Flags></Flags>
      <Exits>
        <Exit>
          <Direction>North</Direction>
          <Destination>60016</Destination>
          <Display>the door north</Display>
          <Keywords></Keywords>
          <Description></Description>
          <Flags></Flags>
          <Keys></Keys>
          <ExitSize>Giant</ExitSize>
        </Exit>
        <Exit>
          <Direction>Up</Direction>
          <Destination>60022</Destination>
          <Display>the door up</Display>
          <Keywords></Keywords>
          <Description></Description>
          <Flags></Flags>
          <Keys></Keys>
          <ExitSize>Giant</ExitSize>
        </Exit>
      </Exits>
      <ExtraDescriptions />
    </Room>
    <Room>
      <VNum>60022</VNum>
      <Name>The Catwalk</Name>
      <Description>The catwalk above the docks is basically roughed in, wood beams supporting the
upstairs office, along with various lanterns hanging down to light up the docks
below. Ventilation openings allow birds to enter, making nests for their young.</Description>
      <Sector>Inside</Sector>
      <Flags></Flags>
      <Exits>
        <Exit>
          <Direction>North</Direction>
          <Destination>60023</Destination>
          <Display>the door north</Display>
          <Keywords></Keywords>
          <Description></Description>
          <Flags></Flags>
          <Keys></Keys>
          <ExitSize>Giant</ExitSize>
        </Exit>
        <Exit>
          <Direction>Down</Direction>
          <Destination>60021</Destination>
          <Display>the door down</Display>
          <Keywords></Keywords>
          <Description></Description>
          <Flags></Flags>
          <Keys></Keys>
          <ExitSize>Giant</ExitSize>
        </Exit>
      </Exits>
      <ExtraDescriptions />
    </Room>
    <Room>
      <VNum>60023</VNum>
      <Name>The Catwalk</Name>
      <Description>The catwalk above the docks is basically roughed in, wood beams supporting the
upstairs office, along with various lanterns hanging down to light up the docks
below. Ventilation openings allow birds to enter, making nests for their young.</Description>
      <Sector>Inside</Sector>
      <Flags></Flags>
      <Exits>
        <Exit>
          <Direction>North</Direction>
          <Destination>60039</Destination>
          <Display>the door north</Display>
          <Keywords></Keywords>
          <Description></Description>
          <Flags>Door</Flags>
          <Keys></Keys>
          <ExitSize>Giant</ExitSize>
        </Exit>
        <Exit>
          <Direction>South</Direction>
          <Destination>60022</Destination>
          <Display>the door south</Display>
          <Keywords></Keywords>
          <Description></Description>
          <Flags></Flags>
          <Keys></Keys>
          <ExitSize>Giant</ExitSize>
        </Exit>
        <Exit>
          <Direction>West</Direction>
          <Destination>60024</Destination>
          <Display>the door west</Display>
          <Keywords></Keywords>
          <Description></Description>
          <Flags></Flags>
          <Keys></Keys>
          <ExitSize>Giant</ExitSize>
        </Exit>
      </Exits>
      <ExtraDescriptions />
    </Room>
    <Room>
      <VNum>60024</VNum>
      <Name>The Catwalk</Name>
      <Description>The catwalk above the docks is basically roughed in, wood beams supporting the
upstairs office, along with various lanterns hanging down to light up the docks
below. Ventilation openings allow birds to enter, making nests for their young.</Description>
      <Sector>Inside</Sector>
      <Flags></Flags>
      <Exits>
        <Exit>
          <Direction>East</Direction>
          <Destination>60023</Destination>
          <Display>the door east</Display>
          <Keywords></Keywords>
          <Description></Description>
          <Flags></Flags>
          <Keys></Keys>
          <ExitSize>Giant</ExitSize>
        </Exit>
        <Exit>
          <Direction>West</Direction>
          <Destination>60025</Destination>
          <Display>the door west</Display>
          <Keywords></Keywords>
          <Description></Description>
          <Flags></Flags>
          <Keys></Keys>
          <ExitSize>Giant</ExitSize>
        </Exit>
      </Exits>
      <ExtraDescriptions />
    </Room>
    <Room>
      <VNum>60025</VNum>
      <Name>The Catwalk</Name>
      <Description>The catwalk above the docks is basically roughed in, wood beams supporting the
upstairs office, along with various lanterns hanging down to light up the docks
below. Ventilation openings allow birds to enter, making nests for their young.</Description>
      <Sector>Inside</Sector>
      <Flags></Flags>
      <Exits>
        <Exit>
          <Direction>North</Direction>
          <Destination>60038</Destination>
          <Display>the door north</Display>
          <Keywords></Keywords>
          <Description></Description>
          <Flags></Flags>
          <Keys></Keys>
          <ExitSize>Giant</ExitSize>
        </Exit>
        <Exit>
          <Direction>East</Direction>
          <Destination>60024</Destination>
          <Display>the door east</Display>
          <Keywords></Keywords>
          <Description></Description>
          <Flags></Flags>
          <Keys></Keys>
          <ExitSize>Giant</ExitSize>
        </Exit>
        <Exit>
          <Direction>West</Direction>
          <Destination>60026</Destination>
          <Display>the door west</Display>
          <Keywords></Keywords>
          <Description></Description>
          <Flags></Flags>
          <Keys></Keys>
          <ExitSize>Giant</ExitSize>
        </Exit>
      </Exits>
      <ExtraDescriptions />
    </Room>
    <Room>
      <VNum>60026</VNum>
      <Name>The Catwalk</Name>
      <Description>The catwalk above the docks is basically roughed in, wood beams supporting the
upstairs office, along with various lanterns hanging down to light up the docks
below. Ventilation openings allow birds to enter, making nests for their young.</Description>
      <Sector>Inside</Sector>
      <Flags></Flags>
      <Exits>
        <Exit>
          <Direction>East</Direction>
          <Destination>60025</Destination>
          <Display>the door east</Display>
          <Keywords></Keywords>
          <Description></Description>
          <Flags></Flags>
          <Keys></Keys>
          <ExitSize>Giant</ExitSize>
        </Exit>
        <Exit>
          <Direction>West</Direction>
          <Destination>60027</Destination>
          <Display>the door west</Display>
          <Keywords></Keywords>
          <Description></Description>
          <Flags></Flags>
          <Keys></Keys>
          <ExitSize>Giant</ExitSize>
        </Exit>
      </Exits>
      <ExtraDescriptions />
    </Room>
    <Room>
      <VNum>60027</VNum>
      <Name>The Catwalk</Name>
      <Description>The catwalk above the docks is basically roughed in, wood beams supporting the
upstairs office, along with various lanterns hanging down to light up the docks
below. Ventilation openings allow birds to enter, making nests for their young.</Description>
      <Sector>Inside</Sector>
      <Flags></Flags>
      <Exits>
        <Exit>
          <Direction>North</Direction>
          <Destination>60028</Destination>
          <Display>the door north</Display>
          <Keywords></Keywords>
          <Description></Description>
          <Flags></Flags>
          <Keys></Keys>
          <ExitSize>Giant</ExitSize>
        </Exit>
        <Exit>
          <Direction>East</Direction>
          <Destination>60026</Destination>
          <Display>the door east</Display>
          <Keywords></Keywords>
          <Description></Description>
          <Flags></Flags>
          <Keys></Keys>
          <ExitSize>Giant</ExitSize>
        </Exit>
      </Exits>
      <ExtraDescriptions />
    </Room>
    <Room>
      <VNum>60028</VNum>
      <Name>The Catwalk</Name>
      <Description>The catwalk above the docks is basically roughed in, wood beams supporting the
upstairs office, along with various lanterns hanging down to light up the docks
below. Ventilation openings allow birds to enter, making nests for their young.</Description>
      <Sector>Inside</Sector>
      <Flags></Flags>
      <Exits>
        <Exit>
          <Direction>North</Direction>
          <Destination>60029</Destination>
          <Display>the door north</Display>
          <Keywords></Keywords>
          <Description></Description>
          <Flags></Flags>
          <Keys></Keys>
          <ExitSize>Giant</ExitSize>
        </Exit>
        <Exit>
          <Direction>South</Direction>
          <Destination>60027</Destination>
          <Display>the door south</Display>
          <Keywords></Keywords>
          <Description></Description>
          <Flags></Flags>
          <Keys></Keys>
          <ExitSize>Giant</ExitSize>
        </Exit>
      </Exits>
      <ExtraDescriptions />
    </Room>
    <Room>
      <VNum>60029</VNum>
      <Name>The Catwalk</Name>
      <Description>The catwalk above the docks is basically roughed in, wood beams supporting the
upstairs office, along with various lanterns hanging down to light up the docks
below. Ventilation openings allow birds to enter, making nests for their young.</Description>
      <Sector>Inside</Sector>
      <Flags></Flags>
      <Exits>
        <Exit>
          <Direction>North</Direction>
          <Destination>60030</Destination>
          <Display>the door north</Display>
          <Keywords></Keywords>
          <Description></Description>
          <Flags></Flags>
          <Keys></Keys>
          <ExitSize>Giant</ExitSize>
        </Exit>
        <Exit>
          <Direction>South</Direction>
          <Destination>60028</Destination>
          <Display>the door south</Display>
          <Keywords></Keywords>
          <Description></Description>
          <Flags></Flags>
          <Keys></Keys>
          <ExitSize>Giant</ExitSize>
        </Exit>
      </Exits>
      <ExtraDescriptions />
    </Room>
    <Room>
      <VNum>60030</VNum>
      <Name>The Catwalk</Name>
      <Description>The catwalk above the docks is basically roughed in, wood beams supporting the
upstairs office, along with various lanterns hanging down to light up the docks
below. Ventilation openings allow birds to enter, making nests for their young.</Description>
      <Sector>Inside</Sector>
      <Flags></Flags>
      <Exits>
        <Exit>
          <Direction>North</Direction>
          <Destination>60031</Destination>
          <Display>the door north</Display>
          <Keywords></Keywords>
          <Description></Description>
          <Flags></Flags>
          <Keys></Keys>
          <ExitSize>Giant</ExitSize>
        </Exit>
        <Exit>
          <Direction>South</Direction>
          <Destination>60029</Destination>
          <Display>the door south</Display>
          <Keywords></Keywords>
          <Description></Description>
          <Flags></Flags>
          <Keys></Keys>
          <ExitSize>Giant</ExitSize>
        </Exit>
      </Exits>
      <ExtraDescriptions />
    </Room>
    <Room>
      <VNum>60031</VNum>
      <Name>The Catwalk</Name>
      <Description>The catwalk above the docks is basically roughed in, wood beams supporting the
upstairs office, along with various lanterns hanging down to light up the docks
below. Ventilation openings allow birds to enter, making nests for their young.</Description>
      <Sector>Inside</Sector>
      <Flags></Flags>
      <Exits>
        <Exit>
          <Direction>East</Direction>
          <Destination>60032</Destination>
          <Display>the door east</Display>
          <Keywords></Keywords>
          <Description></Description>
          <Flags></Flags>
          <Keys></Keys>
          <ExitSize>Giant</ExitSize>
        </Exit>
        <Exit>
          <Direction>South</Direction>
          <Destination>60030</Destination>
          <Display>the door south</Display>
          <Keywords></Keywords>
          <Description></Description>
          <Flags></Flags>
          <Keys></Keys>
          <ExitSize>Giant</ExitSize>
        </Exit>
      </Exits>
      <ExtraDescriptions />
    </Room>
    <Room>
      <VNum>60032</VNum>
      <Name>The Catwalk</Name>
      <Description>The catwalk above the docks is basically roughed in, wood beams supporting the
upstairs office, along with various lanterns hanging down to light up the docks
below. Ventilation openings allow birds to enter, making nests for their young.</Description>
      <Sector>Inside</Sector>
      <Flags></Flags>
      <Exits>
        <Exit>
          <Direction>East</Direction>
          <Destination>60033</Destination>
          <Display>the door east</Display>
          <Keywords></Keywords>
          <Description></Description>
          <Flags></Flags>
          <Keys></Keys>
          <ExitSize>Giant</ExitSize>
        </Exit>
        <Exit>
          <Direction>West</Direction>
          <Destination>60031</Destination>
          <Display>the door west</Display>
          <Keywords></Keywords>
          <Description></Description>
          <Flags></Flags>
          <Keys></Keys>
          <ExitSize>Giant</ExitSize>
        </Exit>
      </Exits>
      <ExtraDescriptions />
    </Room>
    <Room>
      <VNum>60033</VNum>
      <Name>The Catwalk</Name>
      <Description>The catwalk above the docks is basically roughed in, wood beams supporting the
upstairs office, along with various lanterns hanging down to light up the docks
below. Ventilation openings allow birds to enter, making nests for their young.</Description>
      <Sector>Inside</Sector>
      <Flags></Flags>
      <Exits>
        <Exit>
          <Direction>East</Direction>
          <Destination>60034</Destination>
          <Display>the door east</Display>
          <Keywords></Keywords>
          <Description></Description>
          <Flags></Flags>
          <Keys></Keys>
          <ExitSize>Giant</ExitSize>
        </Exit>
        <Exit>
          <Direction>South</Direction>
          <Destination>60036</Destination>
          <Display>the door south</Display>
          <Keywords></Keywords>
          <Description></Description>
          <Flags></Flags>
          <Keys></Keys>
          <ExitSize>Giant</ExitSize>
        </Exit>
        <Exit>
          <Direction>West</Direction>
          <Destination>60032</Destination>
          <Display>the door west</Display>
          <Keywords></Keywords>
          <Description></Description>
          <Flags></Flags>
          <Keys></Keys>
          <ExitSize>Giant</ExitSize>
        </Exit>
      </Exits>
      <ExtraDescriptions />
    </Room>
    <Room>
      <VNum>60034</VNum>
      <Name>The Catwalk</Name>
      <Description>The catwalk above the docks is basically roughed in, wood beams supporting the
upstairs office, along with various lanterns hanging down to light up the docks
below. Ventilation openings allow birds to enter, making nests for their young.</Description>
      <Sector>Inside</Sector>
      <Flags></Flags>
      <Exits>
        <Exit>
          <Direction>East</Direction>
          <Destination>60035</Destination>
          <Display>the door east</Display>
          <Keywords></Keywords>
          <Description></Description>
          <Flags></Flags>
          <Keys></Keys>
          <ExitSize>Giant</ExitSize>
        </Exit>
        <Exit>
          <Direction>West</Direction>
          <Destination>60033</Destination>
          <Display>the door west</Display>
          <Keywords></Keywords>
          <Description></Description>
          <Flags></Flags>
          <Keys></Keys>
          <ExitSize>Giant</ExitSize>
        </Exit>
      </Exits>
      <ExtraDescriptions />
    </Room>
    <Room>
      <VNum>60035</VNum>
      <Name>The Catwalk</Name>
      <Description>The catwalk above the docks is basically roughed in, wood beams supporting the
upstairs office, along with various lanterns hanging down to light up the docks
below. Ventilation openings allow birds to enter, making nests for their young.</Description>
      <Sector>Inside</Sector>
      <Flags></Flags>
      <Exits>
        <Exit>
          <Direction>West</Direction>
          <Destination>60034</Destination>
          <Display>the door west</Display>
          <Keywords></Keywords>
          <Description></Description>
          <Flags></Flags>
          <Keys></Keys>
          <ExitSize>Giant</ExitSize>
        </Exit>
      </Exits>
      <ExtraDescriptions />
    </Room>
    <Room>
      <VNum>60036</VNum>
      <Name>The Catwalk</Name>
      <Description>The catwalk above the docks is basically roughed in, wood beams supporting the
upstairs office, along with various lanterns hanging down to light up the docks
below. Ventilation openings allow birds to enter, making nests for their young.</Description>
      <Sector>Inside</Sector>
      <Flags></Flags>
      <Exits>
        <Exit>
          <Direction>North</Direction>
          <Destination>60033</Destination>
          <Display>the door north</Display>
          <Keywords></Keywords>
          <Description></Description>
          <Flags></Flags>
          <Keys></Keys>
          <ExitSize>Giant</ExitSize>
        </Exit>
        <Exit>
          <Direction>South</Direction>
          <Destination>60037</Destination>
          <Display>the door south</Display>
          <Keywords></Keywords>
          <Description></Description>
          <Flags></Flags>
          <Keys></Keys>
          <ExitSize>Giant</ExitSize>
        </Exit>
      </Exits>
      <ExtraDescriptions />
    </Room>
    <Room>
      <VNum>60037</VNum>
      <Name>The Catwalk</Name>
      <Description>The catwalk above the docks is basically roughed in, wood beams supporting the
upstairs office, along with various lanterns hanging down to light up the docks
below. Ventilation openings allow birds to enter, making nests for their young.</Description>
      <Sector>Inside</Sector>
      <Flags></Flags>
      <Exits>
        <Exit>
          <Direction>North</Direction>
          <Destination>60036</Destination>
          <Display>the door north</Display>
          <Keywords></Keywords>
          <Description></Description>
          <Flags></Flags>
          <Keys></Keys>
          <ExitSize>Giant</ExitSize>
        </Exit>
        <Exit>
          <Direction>South</Direction>
          <Destination>60038</Destination>
          <Display>the door south</Display>
          <Keywords></Keywords>
          <Description></Description>
          <Flags></Flags>
          <Keys></Keys>
          <ExitSize>Giant</ExitSize>
        </Exit>
      </Exits>
      <ExtraDescriptions />
    </Room>
    <Room>
      <VNum>60038</VNum>
      <Name>The Catwalk</Name>
      <Description>The catwalk above the docks is basically roughed in, wood beams supporting the
upstairs office, along with various lanterns hanging down to light up the docks
below. Ventilation openings allow birds to enter, making nests for their young.</Description>
      <Sector>Inside</Sector>
      <Flags></Flags>
      <Exits>
        <Exit>
          <Direction>North</Direction>
          <Destination>60037</Destination>
          <Display>the door north</Display>
          <Keywords></Keywords>
          <Description></Description>
          <Flags></Flags>
          <Keys></Keys>
          <ExitSize>Giant</ExitSize>
        </Exit>
        <Exit>
          <Direction>South</Direction>
          <Destination>60025</Destination>
          <Display>the door south</Display>
          <Keywords></Keywords>
          <Description></Description>
          <Flags></Flags>
          <Keys></Keys>
          <ExitSize>Giant</ExitSize>
        </Exit>
      </Exits>
      <ExtraDescriptions />
    </Room>
    <Room>
      <VNum>60039</VNum>
      <Name>Foreman's Ofice</Name>
      <Description>Dispite the disarray of the docks, this office is clean and well cared for. The
foreman must care about appearance, even his desk is fresly waxed and sealed.</Description>
      <Sector>Inside</Sector>
      <Flags></Flags>
      <Exits>
        <Exit>
          <Direction>North</Direction>
          <Destination>60040</Destination>
          <Display>the door north</Display>
          <Keywords></Keywords>
          <Description></Description>
          <Flags></Flags>
          <Keys></Keys>
          <ExitSize>Giant</ExitSize>
        </Exit>
        <Exit>
          <Direction>South</Direction>
          <Destination>60023</Destination>
          <Display>the door south</Display>
          <Keywords></Keywords>
          <Description></Description>
          <Flags>Door</Flags>
          <Keys></Keys>
          <ExitSize>Giant</ExitSize>
        </Exit>
      </Exits>
      <ExtraDescriptions />
    </Room>
    <Room>
      <VNum>60040</VNum>
      <Name>Back Office</Name>
      <Description>Well-kept and clean, the back office has a big comfortable chair in the corner
where someone having a bad day could take a relaxing break. A bottle of some
sort can be seen through the glass of a cabinet against the wall.</Description>
      <Sector>Inside</Sector>
      <Flags></Flags>
      <Exits>
        <Exit>
          <Direction>South</Direction>
          <Destination>60039</Destination>
          <Display>the door south</Display>
          <Keywords></Keywords>
          <Description></Description>
          <Flags></Flags>
          <Keys></Keys>
          <ExitSize>Giant</ExitSize>
        </Exit>
      </Exits>
      <ExtraDescriptions />
    </Room>
    <Room>
      <VNum>60041</VNum>
      <Name>Storage Room</Name>
      <Description>This storage closet is full of brooms, mops, and other cleaning equipment,
along with a wide variety of solvents. Despite being full of tools for
cleaning, it is anything but. Rats and critters have made this home.</Description>
      <Sector>Inside</Sector>
      <Flags></Flags>
      <Exits>
        <Exit>
          <Direction>North</Direction>
          <Destination>60017</Destination>
          <Display>the door north</Display>
          <Keywords></Keywords>
          <Description></Description>
          <Flags></Flags>
          <Keys></Keys>
          <ExitSize>Giant</ExitSize>
        </Exit>
      </Exits>
      <ExtraDescriptions />
    </Room>
    <Room>
      <VNum>60042</VNum>
      <Name>Storage Room</Name>
      <Description>This storage closet is full of brooms, mops, and other cleaning equipment,
along with a wide variety of solvents. Despite being full of tools for
cleaning, it is anything but. Rats and critters have made this home.</Description>
      <Sector>Inside</Sector>
      <Flags></Flags>
      <Exits>
        <Exit>
          <Direction>North</Direction>
          <Destination>60019</Destination>
          <Display>the door north</Display>
          <Keywords></Keywords>
          <Description></Description>
          <Flags></Flags>
          <Keys></Keys>
          <ExitSize>Giant</ExitSize>
        </Exit>
      </Exits>
      <ExtraDescriptions />
    </Room>
  </Rooms>
  <NPCs>
    <NPC>
      <Vnum>60000</Vnum>
      <name>Theodore foreman</name>
      <description>A short and stocky dwarf is here, concentrationg on the desk full of papers in
front of him.</description>
      <longDescription>The foreman of the docks is here.</longDescription>
      <shortDescription>the foreman</shortDescription>
      <Sex>Male</Sex>
      <level>10</level>
      <HitPointDiceSides>2</HitPointDiceSides>
      <HitPointDiceCount>300</HitPointDiceCount>
      <HitPointDiceBonus>400</HitPointDiceBonus>
      <ManaPointDiceSides>20</ManaPointDiceSides>
      <ManaPointDiceCount>10</ManaPointDiceCount>
      <ManaPointDiceBonus>300</ManaPointDiceBonus>
      <trust>10</trust>
      <hitpoints>1000</hitpoints>
      <maxhitpoints>2200</maxhitpoints>
      <manapoints>0</manapoints>
      <maxmanapoints>0</maxmanapoints>
      <movementpoints>0</movementpoints>
      <maxmovementpoints>0</maxmovementpoints>
      <ArmorBash>-5</ArmorBash>
      <ArmorSlash>-5</ArmorSlash>
      <ArmorPierce>-5</ArmorPierce>
      <ArmorExotic>-5</ArmorExotic>
      <size>Medium</size>
      <race>dwarf</race>
      <alignment>Neutral</alignment>
      <ethos>0</ethos>
      <hitroll>8</hitroll>
      <damRoll>8</damRoll>
      <armorclass>0</armorclass>
      <silver>0</silver>
      <gold>0</gold>
      <SavingThrow>0</SavingThrow>
      <Guild>warrior</Guild>
      <flags>NoWander StayArea</flags>
      <immune></immune>
      <resist></resist>
      <vulnerable></vulnerable>
      <affectedBy>Swim</affectedBy>
      <WiznetFlags></WiznetFlags>
      <WeaponDamageMessage>punch</WeaponDamageMessage>
      <DamageDiceSides>7</DamageDiceSides>
      <DamageDiceCount>3</DamageDiceCount>
      <DamageDiceBonus>6</DamageDiceBonus>
      <PermanentStats>
        <Strength>16</Strength>
        <Wisdom>16</Wisdom>
        <Intelligence>16</Intelligence>
        <Dexterity>16</Dexterity>
        <Constitution>16</Constitution>
        <Charisma>16</Charisma>
      </PermanentStats>
      <Programs>
        <Program Name="ForemanRespondProgram" />
        <Program Name="DocksBountyQuestProgram" />
      </Programs>
    </NPC>
    <NPC>
      <Vnum>60001</Vnum>
      <name>rat</name>
      <description>A rat is not happy with you disturbing its adventure to find food.</description>
      <longDescription>A rat is here.</longDescription>
      <shortDescription>the rat</shortDescription>
      <Sex>Male</Sex>
      <level>6</level>
      <HitPointDiceSides>10</HitPointDiceSides>
      <HitPointDiceCount>10</HitPointDiceCount>
      <HitPointDiceBonus>50</HitPointDiceBonus>
      <ManaPointDiceSides>20</ManaPointDiceSides>
      <ManaPointDiceCount>10</ManaPointDiceCount>
      <ManaPointDiceBonus>300</ManaPointDiceBonus>
      <trust>6</trust>
      <hitpoints>150</hitpoints>
      <maxhitpoints>150</maxhitpoints>
      <manapoints>0</manapoints>
      <maxmanapoints>0</maxmanapoints>
      <movementpoints>0</movementpoints>
      <maxmovementpoints>0</maxmovementpoints>
      <ArmorBash>10</ArmorBash>
      <ArmorSlash>10</ArmorSlash>
      <ArmorPierce>10</ArmorPierce>
      <ArmorExotic>10</ArmorExotic>
      <size>Small</size>
      <race>rat</race>
      <alignment>Neutral</alignment>
      <ethos>0</ethos>
      <hitroll>8</hitroll>
      <damRoll>8</damRoll>
      <armorclass>0</armorclass>
      <silver>0</silver>
      <gold>0</gold>
      <SavingThrow>0</SavingThrow>
      <Guild></Guild>
      <flags>StayArea Aggressive</flags>
      <immune></immune>
      <resist></resist>
      <vulnerable></vulnerable>
      <affectedBy>DetectIllusion</affectedBy>
      <WiznetFlags></WiznetFlags>
      <WeaponDamageMessage>bite</WeaponDamageMessage>
      <DamageDiceSides>3</DamageDiceSides>
      <DamageDiceCount>2</DamageDiceCount>
      <DamageDiceBonus>1</DamageDiceBonus>
      <PermanentStats>
        <Strength>16</Strength>
        <Wisdom>16</Wisdom>
        <Intelligence>16</Intelligence>
        <Dexterity>16</Dexterity>
        <Constitution>16</Constitution>
        <Charisma>16</Charisma>
      </PermanentStats>
      <Learned>
        <SkillSpell Name="dodge" Value="80" Level="1" />
        <SkillSpell Name="second attack" Value="80" Level="1" />
      </Learned>
      <Programs>
        <Program Name="DocksBountyQuestProgram" />
      </Programs>
    </NPC>
    <NPC>
      <Vnum>60002</Vnum>
      <name>centipede</name>
      <description>A centipede tries to inch away from the center of the room.</description>
      <longDescription>A centipede is here.</longDescription>
      <shortDescription>the centipede</shortDescription>
      <Sex>Female</Sex>
      <level>5</level>
      <HitPointDiceSides>10</HitPointDiceSides>
      <HitPointDiceCount>10</HitPointDiceCount>
      <HitPointDiceBonus>20</HitPointDiceBonus>
      <ManaPointDiceSides>20</ManaPointDiceSides>
      <ManaPointDiceCount>10</ManaPointDiceCount>
      <ManaPointDiceBonus>300</ManaPointDiceBonus>
      <trust>5</trust>
      <hitpoints>150</hitpoints>
      <maxhitpoints>150</maxhitpoints>
      <manapoints>0</manapoints>
      <maxmanapoints>0</maxmanapoints>
      <movementpoints>0</movementpoints>
      <maxmovementpoints>0</maxmovementpoints>
      <ArmorBash>20</ArmorBash>
      <ArmorSlash>20</ArmorSlash>
      <ArmorPierce>20</ArmorPierce>
      <ArmorExotic>20</ArmorExotic>
      <size>Small</size>
      <race>centipede</race>
      <alignment>Neutral</alignment>
      <ethos>0</ethos>
      <hitroll>5</hitroll>
      <damRoll>5</damRoll>
      <armorclass>0</armorclass>
      <silver>0</silver>
      <gold>0</gold>
      <SavingThrow>0</SavingThrow>
      <Guild></Guild>
      <flags>StayArea</flags>
      <immune></immune>
      <resist></resist>
      <vulnerable></vulnerable>
      <affectedBy>DarkVision</affectedBy>
      <WiznetFlags></WiznetFlags>
      <WeaponDamageMessage>suction</WeaponDamageMessage>
      <DamageDiceSides>2</DamageDiceSides>
      <DamageDiceCount>2</DamageDiceCount>
      <DamageDiceBonus>2</DamageDiceBonus>
      <PermanentStats>
        <Strength>16</Strength>
        <Wisdom>16</Wisdom>
        <Intelligence>16</Intelligence>
        <Dexterity>16</Dexterity>
        <Constitution>16</Constitution>
        <Charisma>16</Charisma>
      </PermanentStats>
      <Programs>
        <Program Name="DocksBountyQuestProgram" />
      </Programs>
    </NPC>
    <NPC>
      <Vnum>60003</Vnum>
      <name>spider</name>
      <description>A spider tries to scurry from your footsteps.</description>
      <longDescription>A spider is here.</longDescription>
      <shortDescription>the spider</shortDescription>
      <Sex>Female</Sex>
      <level>5</level>
      <HitPointDiceSides>10</HitPointDiceSides>
      <HitPointDiceCount>10</HitPointDiceCount>
      <HitPointDiceBonus>20</HitPointDiceBonus>
      <ManaPointDiceSides>20</ManaPointDiceSides>
      <ManaPointDiceCount>10</ManaPointDiceCount>
      <ManaPointDiceBonus>300</ManaPointDiceBonus>
      <trust>5</trust>
      <hitpoints>150</hitpoints>
      <maxhitpoints>150</maxhitpoints>
      <manapoints>0</manapoints>
      <maxmanapoints>0</maxmanapoints>
      <movementpoints>0</movementpoints>
      <maxmovementpoints>0</maxmovementpoints>
      <ArmorBash>20</ArmorBash>
      <ArmorSlash>20</ArmorSlash>
      <ArmorPierce>20</ArmorPierce>
      <ArmorExotic>20</ArmorExotic>
      <size>Small</size>
      <race>centipede</race>
      <alignment>Neutral</alignment>
      <ethos>0</ethos>
      <hitroll>5</hitroll>
      <damRoll>5</damRoll>
      <armorclass>0</armorclass>
      <silver>0</silver>
      <gold>0</gold>
      <SavingThrow>0</SavingThrow>
      <Guild></Guild>
      <flags>StayArea</flags>
      <immune></immune>
      <resist></resist>
      <vulnerable></vulnerable>
      <affectedBy>DarkVision</affectedBy>
      <WiznetFlags></WiznetFlags>
      <WeaponDamageMessage>bite</WeaponDamageMessage>
      <DamageDiceSides>2</DamageDiceSides>
      <DamageDiceCount>2</DamageDiceCount>
      <DamageDiceBonus>4</DamageDiceBonus>
      <PermanentStats>
        <Strength>16</Strength>
        <Wisdom>16</Wisdom>
        <Intelligence>16</Intelligence>
        <Dexterity>16</Dexterity>
        <Constitution>16</Constitution>
        <Charisma>16</Charisma>
      </PermanentStats>
      <Programs>
        <Program Name="DocksBountyQuestProgram" />
      </Programs>
    </NPC>
    <NPC>
      <Vnum>60004</Vnum>
      <name>pigeon</name>
      <description>A pigeon is looking for nesting materials.</description>
      <longDescription>A pigeon is here.</longDescription>
      <shortDescription>the pigeon</shortDescription>
      <Sex>Female</Sex>
      <level>10</level>
      <HitPointDiceSides>2</HitPointDiceSides>
      <HitPointDiceCount>100</HitPointDiceCount>
      <HitPointDiceBonus>200</HitPointDiceBonus>
      <ManaPointDiceSides>20</ManaPointDiceSides>
      <ManaPointDiceCount>10</ManaPointDiceCount>
      <ManaPointDiceBonus>300</ManaPointDiceBonus>
      <trust>10</trust>
      <hitpoints>200</hitpoints>
      <maxhitpoints>400</maxhitpoints>
      <manapoints>0</manapoints>
      <maxmanapoints>0</maxmanapoints>
      <movementpoints>0</movementpoints>
      <maxmovementpoints>0</maxmovementpoints>
      <ArmorBash>20</ArmorBash>
      <ArmorSlash>20</ArmorSlash>
      <ArmorPierce>20</ArmorPierce>
      <ArmorExotic>20</ArmorExotic>
      <size>Small</size>
      <race>bird</race>
      <alignment>Neutral</alignment>
      <ethos>0</ethos>
      <hitroll>10</hitroll>
      <damRoll>10</damRoll>
      <armorclass>0</armorclass>
      <silver>0</silver>
      <gold>0</gold>
      <SavingThrow>0</SavingThrow>
      <Guild></Guild>
      <flags>StayArea</flags>
      <immune></immune>
      <resist></resist>
      <vulnerable></vulnerable>
      <affectedBy>Flying</affectedBy>
      <WiznetFlags></WiznetFlags>
      <WeaponDamageMessage>peck</WeaponDamageMessage>
      <DamageDiceSides>4</DamageDiceSides>
      <DamageDiceCount>4</DamageDiceCount>
      <DamageDiceBonus>4</DamageDiceBonus>
      <PermanentStats>
        <Strength>16</Strength>
        <Wisdom>16</Wisdom>
        <Intelligence>16</Intelligence>
        <Dexterity>16</Dexterity>
        <Constitution>16</Constitution>
        <Charisma>16</Charisma>
      </PermanentStats>
    </NPC>
    <NPC>
      <Vnum>60005</Vnum>
      <name>starling</name>
      <description>A beautiful starling is looking for nesting materials.</description>
      <longDescription>A starling is here.</longDescription>
      <shortDescription>the starling</shortDescription>
      <Sex>Female</Sex>
      <level>10</level>
      <HitPointDiceSides>2</HitPointDiceSides>
      <HitPointDiceCount>100</HitPointDiceCount>
      <HitPointDiceBonus>200</HitPointDiceBonus>
      <ManaPointDiceSides>20</ManaPointDiceSides>
      <ManaPointDiceCount>10</ManaPointDiceCount>
      <ManaPointDiceBonus>300</ManaPointDiceBonus>
      <trust>10</trust>
      <hitpoints>200</hitpoints>
      <maxhitpoints>400</maxhitpoints>
      <manapoints>0</manapoints>
      <maxmanapoints>0</maxmanapoints>
      <movementpoints>0</movementpoints>
      <maxmovementpoints>0</maxmovementpoints>
      <ArmorBash>20</ArmorBash>
      <ArmorSlash>20</ArmorSlash>
      <ArmorPierce>20</ArmorPierce>
      <ArmorExotic>20</ArmorExotic>
      <size>Small</size>
      <race>bird</race>
      <alignment>Neutral</alignment>
      <ethos>0</ethos>
      <hitroll>10</hitroll>
      <damRoll>10</damRoll>
      <armorclass>0</armorclass>
      <silver>0</silver>
      <gold>0</gold>
      <SavingThrow>0</SavingThrow>
      <Guild></Guild>
      <flags>StayArea</flags>
      <immune></immune>
      <resist></resist>
      <vulnerable></vulnerable>
      <affectedBy>Flying</affectedBy>
      <WiznetFlags></WiznetFlags>
      <WeaponDamageMessage>peck</WeaponDamageMessage>
      <DamageDiceSides>4</DamageDiceSides>
      <DamageDiceCount>4</DamageDiceCount>
      <DamageDiceBonus>5</DamageDiceBonus>
      <PermanentStats>
        <Strength>16</Strength>
        <Wisdom>16</Wisdom>
        <Intelligence>16</Intelligence>
        <Dexterity>16</Dexterity>
        <Constitution>16</Constitution>
        <Charisma>16</Charisma>
      </PermanentStats>
    </NPC>
    <NPC>
      <Vnum>60006</Vnum>
      <name>sparrow</name>
      <description>A small sparrow is trapped and looking for a way to escape.</description>
      <longDescription>A sparrow is here.</longDescription>
      <shortDescription>the sparrow</shortDescription>
      <Sex>Female</Sex>
      <level>12</level>
      <HitPointDiceSides>3</HitPointDiceSides>
      <HitPointDiceCount>200</HitPointDiceCount>
      <HitPointDiceBonus>100</HitPointDiceBonus>
      <ManaPointDiceSides>20</ManaPointDiceSides>
      <ManaPointDiceCount>10</ManaPointDiceCount>
      <ManaPointDiceBonus>300</ManaPointDiceBonus>
      <trust>12</trust>
      <hitpoints>200</hitpoints>
      <maxhitpoints>700</maxhitpoints>
      <manapoints>0</manapoints>
      <maxmanapoints>0</maxmanapoints>
      <movementpoints>0</movementpoints>
      <maxmovementpoints>0</maxmovementpoints>
      <ArmorBash>20</ArmorBash>
      <ArmorSlash>20</ArmorSlash>
      <ArmorPierce>20</ArmorPierce>
      <ArmorExotic>20</ArmorExotic>
      <size>Small</size>
      <race>bird</race>
      <alignment>Neutral</alignment>
      <ethos>0</ethos>
      <hitroll>12</hitroll>
      <damRoll>12</damRoll>
      <armorclass>0</armorclass>
      <silver>0</silver>
      <gold>0</gold>
      <SavingThrow>0</SavingThrow>
      <Guild></Guild>
      <flags>StayArea</flags>
      <immune></immune>
      <resist></resist>
      <vulnerable></vulnerable>
      <affectedBy>Flying</affectedBy>
      <WiznetFlags></WiznetFlags>
      <WeaponDamageMessage>peck</WeaponDamageMessage>
      <DamageDiceSides>4</DamageDiceSides>
      <DamageDiceCount>4</DamageDiceCount>
      <DamageDiceBonus>6</DamageDiceBonus>
      <PermanentStats>
        <Strength>16</Strength>
        <Wisdom>16</Wisdom>
        <Intelligence>16</Intelligence>
        <Dexterity>16</Dexterity>
        <Constitution>16</Constitution>
        <Charisma>16</Charisma>
      </PermanentStats>
    </NPC>
    <NPC>
      <Vnum>60007</Vnum>
      <name>Margaret Maggie Whitman</name>
      <description>Maggie Whitman is a hardy woman in her late sixties, running the renowned
"Whitman's Watercraft Wares" on the waterfront of Astoria. Her silver hair,
always neatly tied in a low bun, accentuates her twinkling azure eyes that
seem to hold stories as deep and fascinating as the Pacific itself.
Although age has bestowed her a few wrinkles, they add to the charm of her
character rather than detract from her beauty. Her attire consists of
practical, marine-styled clothing: a worn navy blue peacoat, a white
fisherman's sweater underneath, and sturdy brown boots. Around her neck,
she wears a brass pendant in the shape of an anchor, a memento from her own
days at sea. Her hands are strong and calloused from years of repairing,
restoring, and selling boats. She is straightforward, patient, and
possesses a warm humor that has made her a beloved figure in the community.
She has been a constant in Astoria, helping the city's residents and
visitors navigate their boating needs. Her extensive knowledge, gained from
decades of experience, makes her not only an excellent shopkeeper but also
an indispensable resource for all things maritime in Astoria.</description>
      <longDescription>Margaret "Maggie" Whitman is here tending to her shop and its patrons.</longDescription>
      <shortDescription>Margaret "Maggie" Whitman</shortDescription>
      <Sex>None</Sex>
      <level>55</level>
      <HitPointDiceSides>8</HitPointDiceSides>
      <HitPointDiceCount>20</HitPointDiceCount>
      <HitPointDiceBonus>2000</HitPointDiceBonus>
      <ManaPointDiceSides>8</ManaPointDiceSides>
      <ManaPointDiceCount>20</ManaPointDiceCount>
      <ManaPointDiceBonus>2000</ManaPointDiceBonus>
      <trust>55</trust>
      <hitpoints>20</hitpoints>
      <maxhitpoints>20</maxhitpoints>
      <manapoints>0</manapoints>
      <maxmanapoints>0</maxmanapoints>
      <movementpoints>0</movementpoints>
      <maxmovementpoints>0</maxmovementpoints>
      <ArmorBash>0</ArmorBash>
      <ArmorSlash>0</ArmorSlash>
      <ArmorPierce>0</ArmorPierce>
      <ArmorExotic>0</ArmorExotic>
      <size>Medium</size>
      <race>human</race>
      <alignment>Neutral</alignment>
      <ethos>0</ethos>
      <hitroll>60</hitroll>
      <damRoll>30</damRoll>
      <armorclass>0</armorclass>
      <silver>0</silver>
      <gold>0</gold>
      <SavingThrow>0</SavingThrow>
      <Guild></Guild>
      <flags>NoWander Shopkeeper</flags>
      <immune></immune>
      <resist></resist>
      <vulnerable></vulnerable>
      <affectedBy></affectedBy>
      <WiznetFlags></WiznetFlags>
      <WeaponDamageMessage>punch</WeaponDamageMessage>
      <DamageDiceSides>5</DamageDiceSides>
      <DamageDiceCount>7</DamageDiceCount>
      <DamageDiceBonus>10</DamageDiceBonus>
      <PermanentStats>
        <Strength>16</Strength>
        <Wisdom>16</Wisdom>
        <Intelligence>16</Intelligence>
        <Dexterity>16</Dexterity>
        <Constitution>16</Constitution>
        <Charisma>16</Charisma>
      </PermanentStats>
      <Shop ProfitBuy="100" ProfitSell="100" OpenHour="0" CloseHour="23" BuyTypes="Boat" />
    </NPC>
  </NPCs>
  <Items>
    <Item>
      <VNum>60000</VNum>
      <Name>bracer charred</Name>
      <ShortDescription>a charred bracer</ShortDescription>
      <LongDescription>You see a charred bracer here.</LongDescription>
      <Description>A charred leather bracer looks very comfortable wear.</Description>
      <Level>20</Level>
      <WeaponDamageType>none</WeaponDamageType>
      <WeaponType>None</WeaponType>
      <DiceSides>1</DiceSides>
      <DiceCount>1</DiceCount>
      <DiceBonus>1</DiceBonus>
      <Weight>10</Weight>
      <WearFlags>Take Wrist</WearFlags>
      <ExtraFlags>Magic</ExtraFlags>
      <ItemTypes>Armor</ItemTypes>
      <Affects>
        <Affect where="ToObject" level="0" duration="-1" location="SavingSpell" modifier="-10" hidden="False" affectType="Spell">
          <ExtraState />
        </Affect>
        <Affect where="ToObject" level="0" duration="-1" location="Hitroll" modifier="2" hidden="False" affectType="Spell">
          <ExtraState />
        </Affect>
        <Affect where="ToObject" level="0" duration="-1" location="Damroll" modifier="1" hidden="False" affectType="Spell">
          <ExtraState />
        </Affect>
      </Affects>
      <Silver>0</Silver>
      <Gold>0</Gold>
      <Cost>390</Cost>
      <Nutrition>0</Nutrition>
      <Liquid></Liquid>
      <MaxWeight>0</MaxWeight>
      <Material>leather</Material>
      <Charges>0</Charges>
      <MaxCharges>0</MaxCharges>
      <MaxDurability>100</MaxDurability>
      <ArmorBash>-1</ArmorBash>
      <ArmorSlash>-1</ArmorSlash>
      <ArmorPierce>-1</ArmorPierce>
      <ArmorExotic>-1</ArmorExotic>
      <ExtraDescriptions />
    </Item>
    <Item>
      <VNum>60001</VNum>
      <Name>black sleeves</Name>
      <ShortDescription>a pair of black sleeves</ShortDescription>
      <LongDescription>You see a pair of black sleeves here.</LongDescription>
      <Description>A pair of black sleeves look comfortable to wear.</Description>
      <Level>20</Level>
      <WeaponDamageType>none</WeaponDamageType>
      <WeaponType>None</WeaponType>
      <DiceSides>1</DiceSides>
      <DiceCount>1</DiceCount>
      <DiceBonus>1</DiceBonus>
      <Weight>10</Weight>
      <WearFlags>Take Arms</WearFlags>
      <ExtraFlags>Magic</ExtraFlags>
      <ItemTypes>Armor</ItemTypes>
      <Affects>
        <Affect where="ToObject" level="0" duration="-1" location="Hitpoints" modifier="10" hidden="False" affectType="Spell">
          <ExtraState />
        </Affect>
      </Affects>
      <Silver>0</Silver>
      <Gold>0</Gold>
      <Cost>390</Cost>
      <Nutrition>0</Nutrition>
      <Liquid></Liquid>
      <MaxWeight>0</MaxWeight>
      <Material>leather</Material>
      <Charges>0</Charges>
      <MaxCharges>0</MaxCharges>
      <MaxDurability>100</MaxDurability>
      <ArmorBash>-1</ArmorBash>
      <ArmorSlash>-1</ArmorSlash>
      <ArmorPierce>-1</ArmorPierce>
      <ArmorExotic>-1</ArmorExotic>
      <ExtraDescriptions />
    </Item>
    <Item>
      <VNum>60002</VNum>
      <Name>cabinet</Name>
      <ShortDescription>the cabinet</ShortDescription>
      <LongDescription>A cabinet is against the wall here.</LongDescription>
      <Description>A cabinet against the wall is covered with cobwebs.</Description>
      <Level>0</Level>
      <WeaponDamageType>none</WeaponDamageType>
      <WeaponType>None</WeaponType>
      <DiceSides>1</DiceSides>
      <DiceCount>1</DiceCount>
      <DiceBonus>1</DiceBonus>
      <Weight>0</Weight>
      <WearFlags></WearFlags>
      <ExtraFlags>Closed Closable Locked</ExtraFlags>
      <ItemTypes>Container</ItemTypes>
      <Keys>
        <Key vnum="60003" />
      </Keys>
      <Affects />
      <Silver>0</Silver>
      <Gold>0</Gold>
      <Cost>0</Cost>
      <Nutrition>0</Nutrition>
      <Liquid></Liquid>
      <MaxWeight>0</MaxWeight>
      <Material>stone</Material>
      <Charges>0</Charges>
      <MaxCharges>0</MaxCharges>
      <MaxDurability>100</MaxDurability>
      <ArmorBash>0</ArmorBash>
      <ArmorSlash>0</ArmorSlash>
      <ArmorPierce>0</ArmorPierce>
      <ArmorExotic>0</ArmorExotic>
      <ExtraDescriptions />
    </Item>
    <Item>
      <VNum>60003</VNum>
      <Name>key</Name>
      <ShortDescription>a key</ShortDescription>
      <LongDescription>A small key lies here.</LongDescription>
      <Description>It is a small key with no inscriptions or marks of any kind.</Description>
      <Level>0</Level>
      <WeaponDamageType>none</WeaponDamageType>
      <WeaponType>None</WeaponType>
      <DiceSides>1</DiceSides>
      <DiceCount>1</DiceCount>
      <DiceBonus>1</DiceBonus>
      <Weight>1</Weight>
      <WearFlags>Take</WearFlags>
      <ExtraFlags></ExtraFlags>
      <ItemTypes>Key</ItemTypes>
      <Affects />
      <Silver>0</Silver>
      <Gold>0</Gold>
      <Cost>0</Cost>
      <Nutrition>0</Nutrition>
      <Liquid></Liquid>
      <MaxWeight>0</MaxWeight>
      <Material>oldstyle</Material>
      <Charges>0</Charges>
      <MaxCharges>0</MaxCharges>
      <MaxDurability>100</MaxDurability>
      <ArmorBash>0</ArmorBash>
      <ArmorSlash>0</ArmorSlash>
      <ArmorPierce>0</ArmorPierce>
      <ArmorExotic>0</ArmorExotic>
      <ExtraDescriptions />
    </Item>
  </Items>
  <Resets>
    <Reset Type="NPC" Destination="60039" Count="1" Max="1" Vnum="60000">
      <!--Spawn the foreman to Foreman's Ofice-->
    </Reset>
    <Reset Type="Equip" Destination="0" Count="0" Max="0" Vnum="60000">
      <!--Spawn a charred bracer to a stronghold patrolman-->
    </Reset>
    <Reset Type="Equip" Destination="0" Count="0" Max="0" Vnum="60001">
      <!--Spawn a pair of black sleeves to a stronghold patrolman-->
    </Reset>
    <Reset Type="Give" Destination="0" Count="0" Max="0" Vnum="60003">
      <!--Spawn a key to a stronghold patrolman-->
    </Reset>
    <Reset Type="Item" Destination="60040" Count="1" Max="1" Vnum="60002">
      <!--Spawn the cabinet to Back Office-->
    </Reset>
    <Reset Type="Put" Destination="0" Count="0" Max="0" Vnum="19097">
      <!--Spawn the silver coins to previous item-->
    </Reset>
    <Reset Type="NPC" Destination="60015" Count="1" Max="1" Vnum="60001">
      <!--Spawn the rat to The Docks-->
    </Reset>
    <Reset Type="NPC" Destination="60013" Count="1" Max="1" Vnum="60001">
      <!--Spawn the rat to The Docks-->
    </Reset>
    <Reset Type="NPC" Destination="60011" Count="1" Max="1" Vnum="60001">
      <!--Spawn the rat to The Docks-->
    </Reset>
    <Reset Type="NPC" Destination="60019" Count="1" Max="1" Vnum="60001">
      <!--Spawn the rat to The Docks-->
    </Reset>
    <Reset Type="NPC" Destination="60042" Count="1" Max="1" Vnum="60001">
      <!--Spawn the rat to Storage Room-->
    </Reset>
    <Reset Type="NPC" Destination="60041" Count="1" Max="1" Vnum="60001">
      <!--Spawn the rat to Storage Room-->
    </Reset>
    <Reset Type="NPC" Destination="60021" Count="1" Max="1" Vnum="60001">
      <!--Spawn the rat to The Docks-->
    </Reset>
    <Reset Type="NPC" Destination="60000" Count="1" Max="1" Vnum="19019">
      <!--Spawn the cityguard to The Docks-->
    </Reset>
    <Reset Type="NPC" Destination="60041" Count="1" Max="1" Vnum="60002">
      <!--Spawn the centipede to Storage Room-->
    </Reset>
    <Reset Type="NPC" Destination="60042" Count="1" Max="1" Vnum="60002">
      <!--Spawn the centipede to Storage Room-->
    </Reset>
    <Reset Type="NPC" Destination="60042" Count="1" Max="1" Vnum="60003">
      <!--Spawn the spider to Storage Room-->
    </Reset>
    <Reset Type="NPC" Destination="60041" Count="1" Max="1" Vnum="60003">
      <!--Spawn the spider to Storage Room-->
    </Reset>
    <Reset Type="NPC" Destination="60024" Count="1" Max="1" Vnum="60004">
      <!--Spawn the pigeon to The Catwalk-->
    </Reset>
    <Reset Type="NPC" Destination="60025" Count="1" Max="1" Vnum="60005">
      <!--Spawn the starling to The Catwalk-->
    </Reset>
    <Reset Type="NPC" Destination="60026" Count="1" Max="1" Vnum="60006">
      <!--Spawn the sparrow to The Catwalk-->
    </Reset>
    <Reset Type="NPC" Destination="60028" Count="1" Max="1" Vnum="60004">
      <!--Spawn the pigeon to The Catwalk-->
    </Reset>
    <Reset Type="NPC" Destination="60029" Count="1" Max="1" Vnum="60005">
      <!--Spawn the starling to The Catwalk-->
    </Reset>
    <Reset Type="NPC" Destination="60030" Count="1" Max="1" Vnum="60006">
      <!--Spawn the sparrow to The Catwalk-->
    </Reset>
    <Reset Type="NPC" Destination="60032" Count="1" Max="1" Vnum="60004">
      <!--Spawn the pigeon to The Catwalk-->
    </Reset>
    <Reset Type="NPC" Destination="60033" Count="1" Max="1" Vnum="60005">
      <!--Spawn the starling to The Catwalk-->
    </Reset>
    <Reset Type="NPC" Destination="60035" Count="1" Max="1" Vnum="60006">
      <!--Spawn the sparrow to The Catwalk-->
    </Reset>
    <Reset Type="NPC" Destination="60036" Count="1" Max="1" Vnum="60004">
      <!--Spawn the pigeon to The Catwalk-->
    </Reset>
    <Reset Type="NPC" Destination="60037" Count="1" Max="1" Vnum="60004">
      <!--Spawn the pigeon to The Catwalk-->
    </Reset>
    <Reset Type="NPC" Destination="60038" Count="1" Max="1" Vnum="60005">
      <!--Spawn the starling to The Catwalk-->
    </Reset>
    <Reset Type="NPC" Destination="60002" Count="1" Max="1" Vnum="60007">
      <!--Spawn Margaret "Maggie" Whitman to Boat Shop-->
    </Reset>
    <Reset Type="Give" Destination="0" Count="0" Max="0" Vnum="3051">
      <!--Spawn a canoe to an elven noble-->
    </Reset>
  </Resets>
  <Quests>
    <Quest Vnum="60000">
      <Name>foreman_respond</Name>
      <Display>Respond to the Foreman</Display>
      <ShortDescription></ShortDescription>
      <Description>Respond to the Foreman's request for you to kill little critters on the docks.</Description>
      <StartLevel>0</StartLevel>
      <EndLevel>60</EndLevel>
      <RewardXp>100</RewardXp>
      <RewardGold>0</RewardGold>
      <ShowInQuests>true</ShowInQuests>
    </Quest>
    <Quest Vnum="60001">
      <Name>docks_critters_quest</Name>
      <Display>Docks Bounty</Display>
      <ShortDescription></ShortDescription>
      <Description>Kill little critters on the docks of Astoria.</Description>
      <StartLevel>0</StartLevel>
      <EndLevel>60</EndLevel>
      <RewardXp>1000</RewardXp>
      <RewardGold>50</RewardGold>
      <ShowInQuests>true</ShowInQuests>
    </Quest>
  </Quests>
</Area>