﻿<?xml version="1.0" encoding="utf-8"?>
<Area>
  <AreaData>
    <Name>The Sky Above</Name>
    <Info></Info>
    <VnumStart>101000</VnumStart>
    <VnumEnd>105099</VnumEnd>
    <MinimumLevel>0</MinimumLevel>
    <MaximumLevel>1</MaximumLevel>
    <Builders></Builders>
    <Security>0</Security>
    <Credits></Credits>
    <Continent>Mainland</Continent>
    <OverRoomVnum>0</OverRoomVnum>
  </AreaData>
  <Rooms>
    <Room>
      <VNum>101000</VNum>
      <Name>The Sky Above Astoria</Name>
      <Description>Clouds wisp by making it easy to glide with your wings spread out.</Description>
      <Sector>City</Sector>
      <Flags></Flags>
      <Exits>
        <Exit>
          <Direction>North</Direction>
          <Destination>101010</Destination>
          <Display>the door north</Display>
          <Keywords></Keywords>
          <Description></Description>
          <Flags></Flags>
          <Keys></Keys>
          <ExitSize>Giant</ExitSize>
        </Exit>
        <Exit>
          <Direction>East</Direction>
          <Destination>101011</Destination>
          <Display>the door east</Display>
          <Keywords></Keywords>
          <Description></Description>
          <Flags></Flags>
          <Keys></Keys>
          <ExitSize>Giant</ExitSize>
        </Exit>
        <Exit>
          <Direction>South</Direction>
          <Destination>101001</Destination>
          <Display>the door south</Display>
          <Keywords></Keywords>
          <Description></Description>
          <Flags></Flags>
          <Keys></Keys>
          <ExitSize>Giant</ExitSize>
        </Exit>
        <Exit>
          <Direction>West</Direction>
          <Destination>101008</Destination>
          <Display>the door west</Display>
          <Keywords></Keywords>
          <Description></Description>
          <Flags></Flags>
          <Keys></Keys>
          <ExitSize>Giant</ExitSize>
        </Exit>
        <Exit>
          <Direction>Down</Direction>
          <Destination>19007</Destination>
          <Display>the city of astoria</Display>
          <Keywords></Keywords>
          <Description></Description>
          <Flags></Flags>
          <Keys></Keys>
          <ExitSize>Giant</ExitSize>
        </Exit>
      </Exits>
      <ExtraDescriptions />
    </Room>
    <Room>
      <VNum>101001</VNum>
      <Name>The air above Miden'nir.</Name>
      <Description>Clouds wisp by making it easy to glide with your wings spread out.
Clouds wisp by making it easy to glide with your wings spread out.</Description>
      <Sector>Inside</Sector>
      <Flags></Flags>
      <Exits>
        <Exit>
          <Direction>North</Direction>
          <Destination>101000</Destination>
          <Display>the door north</Display>
          <Keywords></Keywords>
          <Description></Description>
          <Flags></Flags>
          <Keys></Keys>
          <ExitSize>Giant</ExitSize>
        </Exit>
        <Exit>
          <Direction>South</Direction>
          <Destination>101002</Destination>
          <Display>the door south</Display>
          <Keywords></Keywords>
          <Description></Description>
          <Flags></Flags>
          <Keys></Keys>
          <ExitSize>Giant</ExitSize>
        </Exit>
        <Exit>
          <Direction>Down</Direction>
          <Destination>40586</Destination>
          <Display>the door down</Display>
          <Keywords></Keywords>
          <Description></Description>
          <Flags></Flags>
          <Keys></Keys>
          <ExitSize>Giant</ExitSize>
        </Exit>
      </Exits>
      <ExtraDescriptions />
    </Room>
    <Room>
      <VNum>101002</VNum>
      <Name>The air above Miden'nir.</Name>
      <Description>Clouds wisp by making it easy to glide with your wings spread out.</Description>
      <Sector>Inside</Sector>
      <Flags></Flags>
      <Exits>
        <Exit>
          <Direction>North</Direction>
          <Destination>101001</Destination>
          <Display>the door north</Display>
          <Keywords></Keywords>
          <Description></Description>
          <Flags></Flags>
          <Keys></Keys>
          <ExitSize>Giant</ExitSize>
        </Exit>
        <Exit>
          <Direction>East</Direction>
          <Destination>20700</Destination>
          <Display>the door east</Display>
          <Keywords></Keywords>
          <Description></Description>
          <Flags></Flags>
          <Keys></Keys>
          <ExitSize>Giant</ExitSize>
        </Exit>
        <Exit>
          <Direction>West</Direction>
          <Destination>101003</Destination>
          <Display>the door west</Display>
          <Keywords></Keywords>
          <Description></Description>
          <Flags></Flags>
          <Keys></Keys>
          <ExitSize>Giant</ExitSize>
        </Exit>
        <Exit>
          <Direction>Down</Direction>
          <Destination>40591</Destination>
          <Display>the door down</Display>
          <Keywords></Keywords>
          <Description></Description>
          <Flags></Flags>
          <Keys></Keys>
          <ExitSize>Giant</ExitSize>
        </Exit>
      </Exits>
      <ExtraDescriptions />
    </Room>
    <Room>
      <VNum>101003</VNum>
      <Name>The air above Emerald Forest.</Name>
      <Description>Clouds wisp by making it easy to glide with your wings spread out.</Description>
      <Sector>Inside</Sector>
      <Flags></Flags>
      <Exits>
        <Exit>
          <Direction>East</Direction>
          <Destination>101002</Destination>
          <Display>the door east</Display>
          <Keywords></Keywords>
          <Description></Description>
          <Flags></Flags>
          <Keys></Keys>
          <ExitSize>Giant</ExitSize>
        </Exit>
        <Exit>
          <Direction>West</Direction>
          <Destination>101004</Destination>
          <Display>the door west</Display>
          <Keywords></Keywords>
          <Description></Description>
          <Flags></Flags>
          <Keys></Keys>
          <ExitSize>Giant</ExitSize>
        </Exit>
        <Exit>
          <Direction>Down</Direction>
          <Destination>20606</Destination>
          <Display>the door down</Display>
          <Keywords></Keywords>
          <Description></Description>
          <Flags></Flags>
          <Keys></Keys>
          <ExitSize>Giant</ExitSize>
        </Exit>
      </Exits>
      <ExtraDescriptions />
    </Room>
    <Room>
      <VNum>101004</VNum>
      <Name>The air above the Forest Road</Name>
      <Description>Clouds wisp by making it easy to glide with your wings spread out.</Description>
      <Sector>Inside</Sector>
      <Flags></Flags>
      <Exits>
        <Exit>
          <Direction>North</Direction>
          <Destination>101008</Destination>
          <Display>the door north</Display>
          <Keywords></Keywords>
          <Description></Description>
          <Flags></Flags>
          <Keys></Keys>
          <ExitSize>Giant</ExitSize>
        </Exit>
        <Exit>
          <Direction>East</Direction>
          <Destination>101003</Destination>
          <Display>the door east</Display>
          <Keywords></Keywords>
          <Description></Description>
          <Flags></Flags>
          <Keys></Keys>
          <ExitSize>Giant</ExitSize>
        </Exit>
        <Exit>
          <Direction>South</Direction>
          <Destination>101005</Destination>
          <Display>the door south</Display>
          <Keywords></Keywords>
          <Description></Description>
          <Flags></Flags>
          <Keys></Keys>
          <ExitSize>Giant</ExitSize>
        </Exit>
        <Exit>
          <Direction>Down</Direction>
          <Destination>50915</Destination>
          <Display>the door down</Display>
          <Keywords></Keywords>
          <Description></Description>
          <Flags></Flags>
          <Keys></Keys>
          <ExitSize>Giant</ExitSize>
        </Exit>
      </Exits>
      <ExtraDescriptions />
    </Room>
    <Room>
      <VNum>101005</VNum>
      <Name>The air above the Ruined Keep.</Name>
      <Description>Clouds wisp by making it easy to glide with your wings spread out.</Description>
      <Sector>Inside</Sector>
      <Flags></Flags>
      <Exits>
        <Exit>
          <Direction>North</Direction>
          <Destination>101004</Destination>
          <Display>the door north</Display>
          <Keywords></Keywords>
          <Description></Description>
          <Flags></Flags>
          <Keys></Keys>
          <ExitSize>Giant</ExitSize>
        </Exit>
        <Exit>
          <Direction>West</Direction>
          <Destination>101006</Destination>
          <Display>the door west</Display>
          <Keywords></Keywords>
          <Description></Description>
          <Flags></Flags>
          <Keys></Keys>
          <ExitSize>Giant</ExitSize>
        </Exit>
        <Exit>
          <Direction>Down</Direction>
          <Destination>51022</Destination>
          <Display>the door down</Display>
          <Keywords></Keywords>
          <Description></Description>
          <Flags></Flags>
          <Keys></Keys>
          <ExitSize>Giant</ExitSize>
        </Exit>
      </Exits>
      <ExtraDescriptions />
    </Room>
    <Room>
      <VNum>101006</VNum>
      <Name>The air above Naiadia.</Name>
      <Description>Clouds wisp by making it easy to glide with your wings spread out.</Description>
      <Sector>Inside</Sector>
      <Flags></Flags>
      <Exits>
        <Exit>
          <Direction>East</Direction>
          <Destination>101005</Destination>
          <Display>the door east</Display>
          <Keywords></Keywords>
          <Description></Description>
          <Flags></Flags>
          <Keys></Keys>
          <ExitSize>Giant</ExitSize>
        </Exit>
        <Exit>
          <Direction>South</Direction>
          <Destination>101007</Destination>
          <Display>the door south</Display>
          <Keywords></Keywords>
          <Description></Description>
          <Flags></Flags>
          <Keys></Keys>
          <ExitSize>Giant</ExitSize>
        </Exit>
        <Exit>
          <Direction>Down</Direction>
          <Destination>20463</Destination>
          <Display>the door down</Display>
          <Keywords></Keywords>
          <Description></Description>
          <Flags></Flags>
          <Keys></Keys>
          <ExitSize>Giant</ExitSize>
        </Exit>
      </Exits>
      <ExtraDescriptions />
    </Room>
    <Room>
      <VNum>101007</VNum>
      <Name>The air above Neraka</Name>
      <Description>Clouds wisp by making it easy to glide with your wings spread out.</Description>
      <Sector>Inside</Sector>
      <Flags></Flags>
      <Exits>
        <Exit>
          <Direction>North</Direction>
          <Destination>101006</Destination>
          <Display>the door north</Display>
          <Keywords></Keywords>
          <Description></Description>
          <Flags></Flags>
          <Keys></Keys>
          <ExitSize>Giant</ExitSize>
        </Exit>
        <Exit>
          <Direction>Down</Direction>
          <Destination>21604</Destination>
          <Display>the door down</Display>
          <Keywords></Keywords>
          <Description></Description>
          <Flags></Flags>
          <Keys></Keys>
          <ExitSize>Giant</ExitSize>
        </Exit>
      </Exits>
      <ExtraDescriptions />
    </Room>
    <Room>
      <VNum>101008</VNum>
      <Name>The air above Haon Dor.</Name>
      <Description>Clouds wisp by making it easy to glide with your wings spread out.</Description>
      <Sector>Inside</Sector>
      <Flags></Flags>
      <Exits>
        <Exit>
          <Direction>East</Direction>
          <Destination>101000</Destination>
          <Display>the door east</Display>
          <Keywords></Keywords>
          <Description></Description>
          <Flags></Flags>
          <Keys></Keys>
          <ExitSize>Giant</ExitSize>
        </Exit>
        <Exit>
          <Direction>South</Direction>
          <Destination>101004</Destination>
          <Display>the door south</Display>
          <Keywords></Keywords>
          <Description></Description>
          <Flags></Flags>
          <Keys></Keys>
          <ExitSize>Giant</ExitSize>
        </Exit>
        <Exit>
          <Direction>West</Direction>
          <Destination>101009</Destination>
          <Display>the door west</Display>
          <Keywords></Keywords>
          <Description></Description>
          <Flags></Flags>
          <Keys></Keys>
          <ExitSize>Giant</ExitSize>
        </Exit>
        <Exit>
          <Direction>Down</Direction>
          <Destination>51503</Destination>
          <Display>the door down</Display>
          <Keywords></Keywords>
          <Description></Description>
          <Flags></Flags>
          <Keys></Keys>
          <ExitSize>Giant</ExitSize>
        </Exit>
      </Exits>
      <ExtraDescriptions />
    </Room>
    <Room>
      <VNum>101009</VNum>
      <Name>The air above the Shadow Grove.</Name>
      <Description>Clouds wisp by making it easy to glide with your wings spread out.</Description>
      <Sector>Inside</Sector>
      <Flags></Flags>
      <Exits>
        <Exit>
          <Direction>East</Direction>
          <Destination>101008</Destination>
          <Display>the door east</Display>
          <Keywords></Keywords>
          <Description></Description>
          <Flags></Flags>
          <Keys></Keys>
          <ExitSize>Giant</ExitSize>
        </Exit>
        <Exit>
          <Direction>Down</Direction>
          <Destination>1300</Destination>
          <Display>the door down</Display>
          <Keywords></Keywords>
          <Description></Description>
          <Flags></Flags>
          <Keys></Keys>
          <ExitSize>Giant</ExitSize>
        </Exit>
      </Exits>
      <ExtraDescriptions />
    </Room>
    <Room>
      <VNum>101010</VNum>
      <Name>The air above the Northern Crossroads.</Name>
      <Description>Clouds wisp by making it easy to glide with your wings spread out.</Description>
      <Sector>Inside</Sector>
      <Flags></Flags>
      <Exits>
        <Exit>
          <Direction>North</Direction>
          <Destination>101018</Destination>
          <Display>the door north</Display>
          <Keywords></Keywords>
          <Description></Description>
          <Flags></Flags>
          <Keys></Keys>
          <ExitSize>Giant</ExitSize>
        </Exit>
        <Exit>
          <Direction>South</Direction>
          <Destination>101000</Destination>
          <Display>the door south</Display>
          <Keywords></Keywords>
          <Description></Description>
          <Flags></Flags>
          <Keys></Keys>
          <ExitSize>Giant</ExitSize>
        </Exit>
        <Exit>
          <Direction>Down</Direction>
          <Destination>40719</Destination>
          <Display>the door down</Display>
          <Keywords></Keywords>
          <Description></Description>
          <Flags></Flags>
          <Keys></Keys>
          <ExitSize>Giant</ExitSize>
        </Exit>
      </Exits>
      <ExtraDescriptions />
    </Room>
    <Room>
      <VNum>101011</VNum>
      <Name>The Sky above a bridge on the Eastern Road</Name>
      <Description>Clouds wisp by making it easy to glide with your wings spread out.</Description>
      <Sector>Inside</Sector>
      <Flags></Flags>
      <Exits>
        <Exit>
          <Direction>North</Direction>
          <Destination>101014</Destination>
          <Display>the door north</Display>
          <Keywords></Keywords>
          <Description></Description>
          <Flags></Flags>
          <Keys></Keys>
          <ExitSize>Giant</ExitSize>
        </Exit>
        <Exit>
          <Direction>East</Direction>
          <Destination>101012</Destination>
          <Display>the door east</Display>
          <Keywords></Keywords>
          <Description></Description>
          <Flags></Flags>
          <Keys></Keys>
          <ExitSize>Giant</ExitSize>
        </Exit>
        <Exit>
          <Direction>West</Direction>
          <Destination>101000</Destination>
          <Display>the door west</Display>
          <Keywords></Keywords>
          <Description></Description>
          <Flags></Flags>
          <Keys></Keys>
          <ExitSize>Giant</ExitSize>
        </Exit>
        <Exit>
          <Direction>Down</Direction>
          <Destination>19619</Destination>
          <Display>the door down</Display>
          <Keywords></Keywords>
          <Description></Description>
          <Flags></Flags>
          <Keys></Keys>
          <ExitSize>Giant</ExitSize>
        </Exit>
      </Exits>
      <ExtraDescriptions />
    </Room>
    <Room>
      <VNum>101012</VNum>
      <Name>The Sky above the Large Crossroads</Name>
      <Description>Clouds wisp by making it easy to glide with your wings spread out.</Description>
      <Sector>Inside</Sector>
      <Flags></Flags>
      <Exits>
        <Exit>
          <Direction>North</Direction>
          <Destination>101013</Destination>
          <Display>the door north</Display>
          <Keywords></Keywords>
          <Description></Description>
          <Flags></Flags>
          <Keys></Keys>
          <ExitSize>Giant</ExitSize>
        </Exit>
        <Exit>
          <Direction>East</Direction>
          <Destination>101031</Destination>
          <Display>the door east</Display>
          <Keywords></Keywords>
          <Description></Description>
          <Flags></Flags>
          <Keys></Keys>
          <ExitSize>Giant</ExitSize>
        </Exit>
        <Exit>
          <Direction>South</Direction>
          <Destination>101028</Destination>
          <Display>the door south</Display>
          <Keywords></Keywords>
          <Description></Description>
          <Flags></Flags>
          <Keys></Keys>
          <ExitSize>Giant</ExitSize>
        </Exit>
        <Exit>
          <Direction>West</Direction>
          <Destination>101011</Destination>
          <Display>the door west</Display>
          <Keywords></Keywords>
          <Description></Description>
          <Flags></Flags>
          <Keys></Keys>
          <ExitSize>Giant</ExitSize>
        </Exit>
        <Exit>
          <Direction>Down</Direction>
          <Destination>19650</Destination>
          <Display>the door down</Display>
          <Keywords></Keywords>
          <Description></Description>
          <Flags></Flags>
          <Keys></Keys>
          <ExitSize>Giant</ExitSize>
        </Exit>
      </Exits>
      <ExtraDescriptions />
    </Room>
    <Room>
      <VNum>101013</VNum>
      <Name>The air above Tar Valon</Name>
      <Description>Clouds wisp by making it easy to glide with your wings spread out.</Description>
      <Sector>Inside</Sector>
      <Flags></Flags>
      <Exits>
        <Exit>
          <Direction>North</Direction>
          <Destination>101026</Destination>
          <Display>the door north</Display>
          <Keywords></Keywords>
          <Description></Description>
          <Flags></Flags>
          <Keys></Keys>
          <ExitSize>Giant</ExitSize>
        </Exit>
        <Exit>
          <Direction>South</Direction>
          <Destination>101012</Destination>
          <Display>the door south</Display>
          <Keywords></Keywords>
          <Description></Description>
          <Flags></Flags>
          <Keys></Keys>
          <ExitSize>Giant</ExitSize>
        </Exit>
        <Exit>
          <Direction>West</Direction>
          <Destination>101014</Destination>
          <Display>the door west</Display>
          <Keywords></Keywords>
          <Description></Description>
          <Flags></Flags>
          <Keys></Keys>
          <ExitSize>Giant</ExitSize>
        </Exit>
        <Exit>
          <Direction>Down</Direction>
          <Destination>1831</Destination>
          <Display>the door down</Display>
          <Keywords></Keywords>
          <Description></Description>
          <Flags></Flags>
          <Keys></Keys>
          <ExitSize>Giant</ExitSize>
        </Exit>
      </Exits>
      <ExtraDescriptions />
    </Room>
    <Room>
      <VNum>101014</VNum>
      <Name>The air above The Tigris River</Name>
      <Description>Clouds wisp by making it easy to glide with your wings spread out.</Description>
      <Sector>Inside</Sector>
      <Flags></Flags>
      <Exits>
        <Exit>
          <Direction>East</Direction>
          <Destination>101013</Destination>
          <Display>the door east</Display>
          <Keywords></Keywords>
          <Description></Description>
          <Flags></Flags>
          <Keys></Keys>
          <ExitSize>Giant</ExitSize>
        </Exit>
        <Exit>
          <Direction>South</Direction>
          <Destination>101011</Destination>
          <Display>the door south</Display>
          <Keywords></Keywords>
          <Description></Description>
          <Flags></Flags>
          <Keys></Keys>
          <ExitSize>Giant</ExitSize>
        </Exit>
        <Exit>
          <Direction>West</Direction>
          <Destination>101016</Destination>
          <Display>the door west</Display>
          <Keywords></Keywords>
          <Description></Description>
          <Flags></Flags>
          <Keys></Keys>
          <ExitSize>Giant</ExitSize>
        </Exit>
        <Exit>
          <Direction>Down</Direction>
          <Destination>60318</Destination>
          <Display>the door down</Display>
          <Keywords></Keywords>
          <Description></Description>
          <Flags></Flags>
          <Keys></Keys>
          <ExitSize>Giant</ExitSize>
        </Exit>
      </Exits>
      <ExtraDescriptions />
    </Room>
    <Room>
      <VNum>101015</VNum>
      <Name>The are above the Eastern Shatar Road</Name>
      <Description>Clouds wisp by making it easy to glide with your wings spread out.</Description>
      <Sector>Inside</Sector>
      <Flags></Flags>
      <Exits>
        <Exit>
          <Direction>North</Direction>
          <Destination>101017</Destination>
          <Display>the door north</Display>
          <Keywords></Keywords>
          <Description></Description>
          <Flags></Flags>
          <Keys></Keys>
          <ExitSize>Giant</ExitSize>
        </Exit>
        <Exit>
          <Direction>South</Direction>
          <Destination>101016</Destination>
          <Display>the door south</Display>
          <Keywords></Keywords>
          <Description></Description>
          <Flags></Flags>
          <Keys></Keys>
          <ExitSize>Giant</ExitSize>
        </Exit>
        <Exit>
          <Direction>Down</Direction>
          <Destination>40916</Destination>
          <Display>the door down</Display>
          <Keywords></Keywords>
          <Description></Description>
          <Flags></Flags>
          <Keys></Keys>
          <ExitSize>Giant</ExitSize>
        </Exit>
      </Exits>
      <ExtraDescriptions />
    </Room>
    <Room>
      <VNum>101016</VNum>
      <Name>The sky above the Dead Forest</Name>
      <Description>Clouds wisp by making it easy to glide with your wings spread out.</Description>
      <Sector>Inside</Sector>
      <Flags></Flags>
      <Exits>
        <Exit>
          <Direction>North</Direction>
          <Destination>101015</Destination>
          <Display>the door north</Display>
          <Keywords></Keywords>
          <Description></Description>
          <Flags></Flags>
          <Keys></Keys>
          <ExitSize>Giant</ExitSize>
        </Exit>
        <Exit>
          <Direction>East</Direction>
          <Destination>101014</Destination>
          <Display>the door east</Display>
          <Keywords></Keywords>
          <Description></Description>
          <Flags></Flags>
          <Keys></Keys>
          <ExitSize>Giant</ExitSize>
        </Exit>
        <Exit>
          <Direction>South</Direction>
          <Destination>101025</Destination>
          <Display>the door south</Display>
          <Keywords></Keywords>
          <Description></Description>
          <Flags></Flags>
          <Keys></Keys>
          <ExitSize>Giant</ExitSize>
        </Exit>
        <Exit>
          <Direction>Down</Direction>
          <Destination>24201</Destination>
          <Display>the door down</Display>
          <Keywords></Keywords>
          <Description></Description>
          <Flags></Flags>
          <Keys></Keys>
          <ExitSize>Giant</ExitSize>
        </Exit>
      </Exits>
      <ExtraDescriptions />
    </Room>
    <Room>
      <VNum>101017</VNum>
      <Name>The sky above New Ofcol</Name>
      <Description>Clouds wisp by making it easy to glide with your wings spread out.</Description>
      <Sector>Inside</Sector>
      <Flags></Flags>
      <Exits>
        <Exit>
          <Direction>South</Direction>
          <Destination>101015</Destination>
          <Display>the door south</Display>
          <Keywords></Keywords>
          <Description></Description>
          <Flags></Flags>
          <Keys></Keys>
          <ExitSize>Giant</ExitSize>
        </Exit>
        <Exit>
          <Direction>Down</Direction>
          <Destination>601</Destination>
          <Display>the door down</Display>
          <Keywords></Keywords>
          <Description></Description>
          <Flags></Flags>
          <Keys></Keys>
          <ExitSize>Giant</ExitSize>
        </Exit>
      </Exits>
      <ExtraDescriptions />
    </Room>
    <Room>
      <VNum>101018</VNum>
      <Name>The sky above The Western Plains</Name>
      <Description>Clouds wisp by making it easy to glide with your wings spread out.</Description>
      <Sector>Inside</Sector>
      <Flags></Flags>
      <Exits>
        <Exit>
          <Direction>North</Direction>
          <Destination>101019</Destination>
          <Display>the door north</Display>
          <Keywords></Keywords>
          <Description></Description>
          <Flags></Flags>
          <Keys></Keys>
          <ExitSize>Giant</ExitSize>
        </Exit>
        <Exit>
          <Direction>East</Direction>
          <Destination>101020</Destination>
          <Display>the door east</Display>
          <Keywords></Keywords>
          <Description></Description>
          <Flags></Flags>
          <Keys></Keys>
          <ExitSize>Giant</ExitSize>
        </Exit>
        <Exit>
          <Direction>South</Direction>
          <Destination>101010</Destination>
          <Display>the door south</Display>
          <Keywords></Keywords>
          <Description></Description>
          <Flags></Flags>
          <Keys></Keys>
          <ExitSize>Giant</ExitSize>
        </Exit>
        <Exit>
          <Direction>West</Direction>
          <Destination>101021</Destination>
          <Display>the door west</Display>
          <Keywords></Keywords>
          <Description></Description>
          <Flags></Flags>
          <Keys></Keys>
          <ExitSize>Giant</ExitSize>
        </Exit>
        <Exit>
          <Direction>Down</Direction>
          <Destination>51203</Destination>
          <Display>the door down</Display>
          <Keywords></Keywords>
          <Description></Description>
          <Flags></Flags>
          <Keys></Keys>
          <ExitSize>Giant</ExitSize>
        </Exit>
      </Exits>
      <ExtraDescriptions />
    </Room>
    <Room>
      <VNum>101019</VNum>
      <Name>The sky above the Valley of the Elves</Name>
      <Description>Clouds wisp by making it easy to glide with your wings spread out.</Description>
      <Sector>Inside</Sector>
      <Flags></Flags>
      <Exits>
        <Exit>
          <Direction>East</Direction>
          <Destination>101023</Destination>
          <Display>the door east</Display>
          <Keywords></Keywords>
          <Description></Description>
          <Flags></Flags>
          <Keys></Keys>
          <ExitSize>Giant</ExitSize>
        </Exit>
        <Exit>
          <Direction>South</Direction>
          <Destination>101018</Destination>
          <Display>the door south</Display>
          <Keywords></Keywords>
          <Description></Description>
          <Flags></Flags>
          <Keys></Keys>
          <ExitSize>Giant</ExitSize>
        </Exit>
        <Exit>
          <Direction>Down</Direction>
          <Destination>7804</Destination>
          <Display>the door down</Display>
          <Keywords></Keywords>
          <Description></Description>
          <Flags></Flags>
          <Keys></Keys>
          <ExitSize>Giant</ExitSize>
        </Exit>
      </Exits>
      <ExtraDescriptions />
    </Room>
    <Room>
      <VNum>101020</VNum>
      <Name>The sky above New Ofcol</Name>
      <Description>Clouds wisp by making it easy to glide with your wings spread out.</Description>
      <Sector>Inside</Sector>
      <Flags></Flags>
      <Exits>
        <Exit>
          <Direction>North</Direction>
          <Destination>101023</Destination>
          <Display>the door north</Display>
          <Keywords></Keywords>
          <Description></Description>
          <Flags></Flags>
          <Keys></Keys>
          <ExitSize>Giant</ExitSize>
        </Exit>
        <Exit>
          <Direction>West</Direction>
          <Destination>101018</Destination>
          <Display>the door west</Display>
          <Keywords></Keywords>
          <Description></Description>
          <Flags></Flags>
          <Keys></Keys>
          <ExitSize>Giant</ExitSize>
        </Exit>
        <Exit>
          <Direction>Down</Direction>
          <Destination>5552</Destination>
          <Display>the door down</Display>
          <Keywords></Keywords>
          <Description></Description>
          <Flags></Flags>
          <Keys></Keys>
          <ExitSize>Giant</ExitSize>
        </Exit>
      </Exits>
      <ExtraDescriptions />
    </Room>
    <Room>
      <VNum>101021</VNum>
      <Name>The air above the Sywilm Woods</Name>
      <Description>Clouds wisp by making it easy to glide with your wings spread out.</Description>
      <Sector>Inside</Sector>
      <Flags></Flags>
      <Exits>
        <Exit>
          <Direction>East</Direction>
          <Destination>101018</Destination>
          <Display>the door east</Display>
          <Keywords></Keywords>
          <Description></Description>
          <Flags></Flags>
          <Keys></Keys>
          <ExitSize>Giant</ExitSize>
        </Exit>
        <Exit>
          <Direction>West</Direction>
          <Destination>101022</Destination>
          <Display>the door west</Display>
          <Keywords></Keywords>
          <Description></Description>
          <Flags></Flags>
          <Keys></Keys>
          <ExitSize>Giant</ExitSize>
        </Exit>
        <Exit>
          <Direction>Down</Direction>
          <Destination>26108</Destination>
          <Display>the door down</Display>
          <Keywords></Keywords>
          <Description></Description>
          <Flags></Flags>
          <Keys></Keys>
          <ExitSize>Giant</ExitSize>
        </Exit>
      </Exits>
      <ExtraDescriptions />
    </Room>
    <Room>
      <VNum>101022</VNum>
      <Name>The sky above the Shire</Name>
      <Description>Clouds wisp by making it easy to glide with your wings spread out.</Description>
      <Sector>Inside</Sector>
      <Flags></Flags>
      <Exits>
        <Exit>
          <Direction>East</Direction>
          <Destination>101021</Destination>
          <Display>the door east</Display>
          <Keywords></Keywords>
          <Description></Description>
          <Flags></Flags>
          <Keys></Keys>
          <ExitSize>Giant</ExitSize>
        </Exit>
        <Exit>
          <Direction>Down</Direction>
          <Destination>1103</Destination>
          <Display>the door down</Display>
          <Keywords></Keywords>
          <Description></Description>
          <Flags></Flags>
          <Keys></Keys>
          <ExitSize>Giant</ExitSize>
        </Exit>
      </Exits>
      <ExtraDescriptions />
    </Room>
    <Room>
      <VNum>101023</VNum>
      <Name>The air above the Sky Peoples City</Name>
      <Description>Clouds wisp by making it easy to glide with your wings spread out.</Description>
      <Sector>Inside</Sector>
      <Flags></Flags>
      <Exits>
        <Exit>
          <Direction>North</Direction>
          <Destination>101024</Destination>
          <Display>the door north</Display>
          <Keywords></Keywords>
          <Description></Description>
          <Flags></Flags>
          <Keys></Keys>
          <ExitSize>Giant</ExitSize>
        </Exit>
        <Exit>
          <Direction>South</Direction>
          <Destination>101020</Destination>
          <Display>the door south</Display>
          <Keywords></Keywords>
          <Description></Description>
          <Flags></Flags>
          <Keys></Keys>
          <ExitSize>Giant</ExitSize>
        </Exit>
        <Exit>
          <Direction>West</Direction>
          <Destination>101019</Destination>
          <Display>the door west</Display>
          <Keywords></Keywords>
          <Description></Description>
          <Flags></Flags>
          <Keys></Keys>
          <ExitSize>Giant</ExitSize>
        </Exit>
        <Exit>
          <Direction>Down</Direction>
          <Destination>50603</Destination>
          <Display>the door down</Display>
          <Keywords></Keywords>
          <Description></Description>
          <Flags></Flags>
          <Keys></Keys>
          <ExitSize>Giant</ExitSize>
        </Exit>
      </Exits>
      <ExtraDescriptions />
    </Room>
    <Room>
      <VNum>101024</VNum>
      <Name>The sky above Visham</Name>
      <Description>Clouds wisp by making it easy to glide with your wings spread out.</Description>
      <Sector>Inside</Sector>
      <Flags></Flags>
      <Exits>
        <Exit>
          <Direction>South</Direction>
          <Destination>101023</Destination>
          <Display>the door south</Display>
          <Keywords></Keywords>
          <Description></Description>
          <Flags></Flags>
          <Keys></Keys>
          <ExitSize>Giant</ExitSize>
        </Exit>
        <Exit>
          <Direction>Down</Direction>
          <Destination>40068</Destination>
          <Display>the door down</Display>
          <Keywords></Keywords>
          <Description></Description>
          <Flags></Flags>
          <Keys></Keys>
          <ExitSize>Giant</ExitSize>
        </Exit>
      </Exits>
      <ExtraDescriptions />
    </Room>
    <Room>
      <VNum>101025</VNum>
      <Name>The sky above the Dying Forest</Name>
      <Description>Clouds wisp by making it easy to glide with your wings spread out.</Description>
      <Sector>Inside</Sector>
      <Flags></Flags>
      <Exits>
        <Exit>
          <Direction>North</Direction>
          <Destination>101016</Destination>
          <Display>the door north</Display>
          <Keywords></Keywords>
          <Description></Description>
          <Flags></Flags>
          <Keys></Keys>
          <ExitSize>Giant</ExitSize>
        </Exit>
        <Exit>
          <Direction>Down</Direction>
          <Destination>24300</Destination>
          <Display>the door down</Display>
          <Keywords></Keywords>
          <Description></Description>
          <Flags></Flags>
          <Keys></Keys>
          <ExitSize>Giant</ExitSize>
        </Exit>
      </Exits>
      <ExtraDescriptions />
    </Room>
    <Room>
      <VNum>101026</VNum>
      <Name>The sky above the Empire Cabal</Name>
      <Description>Clouds wisp by making it easy to glide with your wings spread out.</Description>
      <Sector>Inside</Sector>
      <Flags></Flags>
      <Exits>
        <Exit>
          <Direction>East</Direction>
          <Destination>101027</Destination>
          <Display>the door east</Display>
          <Keywords></Keywords>
          <Description></Description>
          <Flags></Flags>
          <Keys></Keys>
          <ExitSize>Giant</ExitSize>
        </Exit>
        <Exit>
          <Direction>South</Direction>
          <Destination>101013</Destination>
          <Display>the door south</Display>
          <Keywords></Keywords>
          <Description></Description>
          <Flags></Flags>
          <Keys></Keys>
          <ExitSize>Giant</ExitSize>
        </Exit>
        <Exit>
          <Direction>Down</Direction>
          <Destination>8113</Destination>
          <Display>the door down</Display>
          <Keywords></Keywords>
          <Description></Description>
          <Flags></Flags>
          <Keys></Keys>
          <ExitSize>Giant</ExitSize>
        </Exit>
      </Exits>
      <ExtraDescriptions />
    </Room>
    <Room>
      <VNum>101027</VNum>
      <Name>The sky above Ramadah</Name>
      <Description>Clouds wisp by making it easy to glide with your wings spread out.</Description>
      <Sector>Inside</Sector>
      <Flags></Flags>
      <Exits>
        <Exit>
          <Direction>West</Direction>
          <Destination>101026</Destination>
          <Display>the door west</Display>
          <Keywords></Keywords>
          <Description></Description>
          <Flags></Flags>
          <Keys></Keys>
          <ExitSize>Giant</ExitSize>
        </Exit>
        <Exit>
          <Direction>Down</Direction>
          <Destination>28501</Destination>
          <Display>the door down</Display>
          <Keywords></Keywords>
          <Description></Description>
          <Flags></Flags>
          <Keys></Keys>
          <ExitSize>Giant</ExitSize>
        </Exit>
      </Exits>
      <ExtraDescriptions />
    </Room>
    <Room>
      <VNum>101028</VNum>
      <Name>The sky above the Dwarf Forest</Name>
      <Description>Clouds wisp by making it easy to glide with your wings spread out.</Description>
      <Sector>Inside</Sector>
      <Flags></Flags>
      <Exits>
        <Exit>
          <Direction>North</Direction>
          <Destination>101012</Destination>
          <Display>the door north</Display>
          <Keywords></Keywords>
          <Description></Description>
          <Flags></Flags>
          <Keys></Keys>
          <ExitSize>Giant</ExitSize>
        </Exit>
        <Exit>
          <Direction>South</Direction>
          <Destination>101029</Destination>
          <Display>the door south</Display>
          <Keywords></Keywords>
          <Description></Description>
          <Flags></Flags>
          <Keys></Keys>
          <ExitSize>Giant</ExitSize>
        </Exit>
        <Exit>
          <Direction>Down</Direction>
          <Destination>60758</Destination>
          <Display>the door down</Display>
          <Keywords></Keywords>
          <Description></Description>
          <Flags></Flags>
          <Keys></Keys>
          <ExitSize>Giant</ExitSize>
        </Exit>
      </Exits>
      <ExtraDescriptions />
    </Room>
    <Room>
      <VNum>101029</VNum>
      <Name>The sky above Mahn-Tor</Name>
      <Description>Clouds wisp by making it easy to glide with your wings spread out.</Description>
      <Sector>Inside</Sector>
      <Flags></Flags>
      <Exits>
        <Exit>
          <Direction>North</Direction>
          <Destination>101028</Destination>
          <Display>the door north</Display>
          <Keywords></Keywords>
          <Description></Description>
          <Flags></Flags>
          <Keys></Keys>
          <ExitSize>Giant</ExitSize>
        </Exit>
        <Exit>
          <Direction>Down</Direction>
          <Destination>2302</Destination>
          <Display>the door down</Display>
          <Keywords></Keywords>
          <Description></Description>
          <Flags></Flags>
          <Keys></Keys>
          <ExitSize>Giant</ExitSize>
        </Exit>
      </Exits>
      <ExtraDescriptions />
    </Room>
    <Room>
      <VNum>101030</VNum>
      <Name>The sky above the Shadowlands</Name>
      <Description>Clouds wisp by making it easy to glide with your wings spread out.</Description>
      <Sector>Inside</Sector>
      <Flags></Flags>
      <Exits>
        <Exit>
          <Direction>North</Direction>
          <Destination>101031</Destination>
          <Display>the door north</Display>
          <Keywords></Keywords>
          <Description></Description>
          <Flags></Flags>
          <Keys></Keys>
          <ExitSize>Giant</ExitSize>
        </Exit>
        <Exit>
          <Direction>East</Direction>
          <Destination>101032</Destination>
          <Display>the door east</Display>
          <Keywords></Keywords>
          <Description></Description>
          <Flags></Flags>
          <Keys></Keys>
          <ExitSize>Giant</ExitSize>
        </Exit>
        <Exit>
          <Direction>Down</Direction>
          <Destination>14099</Destination>
          <Display>the door down</Display>
          <Keywords></Keywords>
          <Description></Description>
          <Flags></Flags>
          <Keys></Keys>
          <ExitSize>Giant</ExitSize>
        </Exit>
      </Exits>
      <ExtraDescriptions />
    </Room>
    <Room>
      <VNum>101031</VNum>
      <Name>The sky above New Thalos</Name>
      <Description>Clouds wisp by making it easy to glide with your wings spread out.</Description>
      <Sector>Inside</Sector>
      <Flags></Flags>
      <Exits>
        <Exit>
          <Direction>North</Direction>
          <Destination>101033</Destination>
          <Display>the door north</Display>
          <Keywords></Keywords>
          <Description></Description>
          <Flags></Flags>
          <Keys></Keys>
          <ExitSize>Giant</ExitSize>
        </Exit>
        <Exit>
          <Direction>East</Direction>
          <Destination>101037</Destination>
          <Display>the door east</Display>
          <Keywords></Keywords>
          <Description></Description>
          <Flags></Flags>
          <Keys></Keys>
          <ExitSize>Giant</ExitSize>
        </Exit>
        <Exit>
          <Direction>South</Direction>
          <Destination>101030</Destination>
          <Display>the door south</Display>
          <Keywords></Keywords>
          <Description></Description>
          <Flags></Flags>
          <Keys></Keys>
          <ExitSize>Giant</ExitSize>
        </Exit>
        <Exit>
          <Direction>West</Direction>
          <Destination>101012</Destination>
          <Display>the door west</Display>
          <Keywords></Keywords>
          <Description></Description>
          <Flags></Flags>
          <Keys></Keys>
          <ExitSize>Giant</ExitSize>
        </Exit>
        <Exit>
          <Direction>Down</Direction>
          <Destination>9506</Destination>
          <Display>the door down</Display>
          <Keywords></Keywords>
          <Description></Description>
          <Flags></Flags>
          <Keys></Keys>
          <ExitSize>Giant</ExitSize>
        </Exit>
      </Exits>
      <ExtraDescriptions />
    </Room>
    <Room>
      <VNum>101032</VNum>
      <Name>The sky above The Dale</Name>
      <Description>Clouds wisp by making it easy to glide with your wings spread out.</Description>
      <Sector>Inside</Sector>
      <Flags></Flags>
      <Exits>
        <Exit>
          <Direction>East</Direction>
          <Destination>101037</Destination>
          <Display>the door east</Display>
          <Keywords></Keywords>
          <Description></Description>
          <Flags></Flags>
          <Keys></Keys>
          <ExitSize>Giant</ExitSize>
        </Exit>
        <Exit>
          <Direction>West</Direction>
          <Destination>101030</Destination>
          <Display>the door west</Display>
          <Keywords></Keywords>
          <Description></Description>
          <Flags></Flags>
          <Keys></Keys>
          <ExitSize>Giant</ExitSize>
        </Exit>
        <Exit>
          <Direction>Down</Direction>
          <Destination>13536</Destination>
          <Display>the door down</Display>
          <Keywords></Keywords>
          <Description></Description>
          <Flags></Flags>
          <Keys></Keys>
          <ExitSize>Giant</ExitSize>
        </Exit>
      </Exits>
      <ExtraDescriptions />
    </Room>
    <Room>
      <VNum>101033</VNum>
      <Name>The sky above Evil's Abode</Name>
      <Description>Clouds wisp by making it easy to glide with your wings spread out.</Description>
      <Sector>Inside</Sector>
      <Flags></Flags>
      <Exits>
        <Exit>
          <Direction>North</Direction>
          <Destination>101034</Destination>
          <Display>the door north</Display>
          <Keywords></Keywords>
          <Description></Description>
          <Flags></Flags>
          <Keys></Keys>
          <ExitSize>Giant</ExitSize>
        </Exit>
        <Exit>
          <Direction>South</Direction>
          <Destination>101031</Destination>
          <Display>the door south</Display>
          <Keywords></Keywords>
          <Description></Description>
          <Flags></Flags>
          <Keys></Keys>
          <ExitSize>Giant</ExitSize>
        </Exit>
        <Exit>
          <Direction>Down</Direction>
          <Destination>7602</Destination>
          <Display>the door down</Display>
          <Keywords></Keywords>
          <Description></Description>
          <Flags></Flags>
          <Keys></Keys>
          <ExitSize>Giant</ExitSize>
        </Exit>
      </Exits>
      <ExtraDescriptions />
    </Room>
    <Room>
      <VNum>101034</VNum>
      <Name>The sky above the Strange Carnival</Name>
      <Description>Clouds wisp by making it easy to glide with your wings spread out.</Description>
      <Sector>Inside</Sector>
      <Flags></Flags>
      <Exits>
        <Exit>
          <Direction>North</Direction>
          <Destination>101035</Destination>
          <Display>the door north</Display>
          <Keywords></Keywords>
          <Description></Description>
          <Flags></Flags>
          <Keys></Keys>
          <ExitSize>Giant</ExitSize>
        </Exit>
        <Exit>
          <Direction>South</Direction>
          <Destination>101033</Destination>
          <Display>the door south</Display>
          <Keywords></Keywords>
          <Description></Description>
          <Flags></Flags>
          <Keys></Keys>
          <ExitSize>Giant</ExitSize>
        </Exit>
        <Exit>
          <Direction>Down</Direction>
          <Destination>24405</Destination>
          <Display>the door down</Display>
          <Keywords></Keywords>
          <Description></Description>
          <Flags></Flags>
          <Keys></Keys>
          <ExitSize>Giant</ExitSize>
        </Exit>
      </Exits>
      <ExtraDescriptions />
    </Room>
    <Room>
      <VNum>101035</VNum>
      <Name>The sky above Forest of Drannor</Name>
      <Description>Clouds wisp by making it easy to glide with your wings spread out.</Description>
      <Sector>Inside</Sector>
      <Flags></Flags>
      <Exits>
        <Exit>
          <Direction>North</Direction>
          <Destination>101036</Destination>
          <Display>the door north</Display>
          <Keywords></Keywords>
          <Description></Description>
          <Flags></Flags>
          <Keys></Keys>
          <ExitSize>Giant</ExitSize>
        </Exit>
        <Exit>
          <Direction>South</Direction>
          <Destination>101034</Destination>
          <Display>the door south</Display>
          <Keywords></Keywords>
          <Description></Description>
          <Flags></Flags>
          <Keys></Keys>
          <ExitSize>Giant</ExitSize>
        </Exit>
        <Exit>
          <Direction>Down</Direction>
          <Destination>22585</Destination>
          <Display>the door down</Display>
          <Keywords></Keywords>
          <Description></Description>
          <Flags></Flags>
          <Keys></Keys>
          <ExitSize>Giant</ExitSize>
        </Exit>
      </Exits>
      <ExtraDescriptions />
    </Room>
    <Room>
      <VNum>101036</VNum>
      <Name>The sky above the Mad Man</Name>
      <Description>Clouds wisp by making it easy to glide with your wings spread out.</Description>
      <Sector>Inside</Sector>
      <Flags></Flags>
      <Exits>
        <Exit>
          <Direction>South</Direction>
          <Destination>101035</Destination>
          <Display>the door south</Display>
          <Keywords></Keywords>
          <Description></Description>
          <Flags></Flags>
          <Keys></Keys>
          <ExitSize>Giant</ExitSize>
        </Exit>
        <Exit>
          <Direction>Down</Direction>
          <Destination>11103</Destination>
          <Display>the door down</Display>
          <Keywords></Keywords>
          <Description></Description>
          <Flags></Flags>
          <Keys></Keys>
          <ExitSize>Giant</ExitSize>
        </Exit>
      </Exits>
      <ExtraDescriptions />
    </Room>
    <Room>
      <VNum>101037</VNum>
      <Name>The sky above the Dragon Sea</Name>
      <Description>Clouds wisp by making it easy to glide with your wings spread out.</Description>
      <Sector>Inside</Sector>
      <Flags></Flags>
      <Exits>
        <Exit>
          <Direction>North</Direction>
          <Destination>101041</Destination>
          <Display>the door north</Display>
          <Keywords></Keywords>
          <Description></Description>
          <Flags></Flags>
          <Keys></Keys>
          <ExitSize>Giant</ExitSize>
        </Exit>
        <Exit>
          <Direction>East</Direction>
          <Destination>101042</Destination>
          <Display>the door east</Display>
          <Keywords></Keywords>
          <Description></Description>
          <Flags></Flags>
          <Keys></Keys>
          <ExitSize>Giant</ExitSize>
        </Exit>
        <Exit>
          <Direction>South</Direction>
          <Destination>101038</Destination>
          <Display>the door south</Display>
          <Keywords></Keywords>
          <Description></Description>
          <Flags></Flags>
          <Keys></Keys>
          <ExitSize>Giant</ExitSize>
        </Exit>
        <Exit>
          <Direction>West</Direction>
          <Destination>101031</Destination>
          <Display>the door west</Display>
          <Keywords></Keywords>
          <Description></Description>
          <Flags></Flags>
          <Keys></Keys>
          <ExitSize>Giant</ExitSize>
        </Exit>
        <Exit>
          <Direction>Down</Direction>
          <Destination>100311</Destination>
          <Display>the door down</Display>
          <Keywords></Keywords>
          <Description></Description>
          <Flags></Flags>
          <Keys></Keys>
          <ExitSize>Giant</ExitSize>
        </Exit>
      </Exits>
      <ExtraDescriptions />
    </Room>
    <Room>
      <VNum>101038</VNum>
      <Name>The sky above Avalon</Name>
      <Description>Clouds wisp by making it easy to glide with your wings spread out.</Description>
      <Sector>Inside</Sector>
      <Flags></Flags>
      <Exits>
        <Exit>
          <Direction>North</Direction>
          <Destination>101037</Destination>
          <Display>the door north</Display>
          <Keywords></Keywords>
          <Description></Description>
          <Flags></Flags>
          <Keys></Keys>
          <ExitSize>Giant</ExitSize>
        </Exit>
        <Exit>
          <Direction>East</Direction>
          <Destination>101040</Destination>
          <Display>the door east</Display>
          <Keywords></Keywords>
          <Description></Description>
          <Flags></Flags>
          <Keys></Keys>
          <ExitSize>Giant</ExitSize>
        </Exit>
        <Exit>
          <Direction>South</Direction>
          <Destination>101039</Destination>
          <Display>the door south</Display>
          <Keywords></Keywords>
          <Description></Description>
          <Flags></Flags>
          <Keys></Keys>
          <ExitSize>Giant</ExitSize>
        </Exit>
        <Exit>
          <Direction>Down</Direction>
          <Destination>21003</Destination>
          <Display>the door down</Display>
          <Keywords></Keywords>
          <Description></Description>
          <Flags></Flags>
          <Keys></Keys>
          <ExitSize>Giant</ExitSize>
        </Exit>
      </Exits>
      <ExtraDescriptions />
    </Room>
    <Room>
      <VNum>101039</VNum>
      <Name>The skys above Midgaard</Name>
      <Description>Clouds wisp by making it easy to glide with your wings spread out.Clouds wisp by making it easy to glide with your wings spread out.</Description>
      <Sector>Inside</Sector>
      <Flags></Flags>
      <Exits>
        <Exit>
          <Direction>North</Direction>
          <Destination>101038</Destination>
          <Display>the door north</Display>
          <Keywords></Keywords>
          <Description></Description>
          <Flags></Flags>
          <Keys></Keys>
          <ExitSize>Giant</ExitSize>
        </Exit>
        <Exit>
          <Direction>Down</Direction>
          <Destination>3014</Destination>
          <Display>the door down</Display>
          <Keywords></Keywords>
          <Description></Description>
          <Flags></Flags>
          <Keys></Keys>
          <ExitSize>Giant</ExitSize>
        </Exit>
      </Exits>
      <ExtraDescriptions />
    </Room>
    <Room>
      <VNum>101040</VNum>
      <Name>The sky above the Giant Village</Name>
      <Description>Clouds wisp by making it easy to glide with your wings spread out.</Description>
      <Sector>Inside</Sector>
      <Flags></Flags>
      <Exits>
        <Exit>
          <Direction>West</Direction>
          <Destination>101038</Destination>
          <Display>the door west</Display>
          <Keywords></Keywords>
          <Description></Description>
          <Flags></Flags>
          <Keys></Keys>
          <ExitSize>Giant</ExitSize>
        </Exit>
        <Exit>
          <Direction>Down</Direction>
          <Destination>13203</Destination>
          <Display>the door down</Display>
          <Keywords></Keywords>
          <Description></Description>
          <Flags></Flags>
          <Keys></Keys>
          <ExitSize>Giant</ExitSize>
        </Exit>
      </Exits>
      <ExtraDescriptions />
    </Room>
    <Room>
      <VNum>101041</VNum>
      <Name>The sky above the Minotaur Maze</Name>
      <Description>Clouds wisp by making it easy to glide with your wings spread out.</Description>
      <Sector>Inside</Sector>
      <Flags></Flags>
      <Exits>
        <Exit>
          <Direction>South</Direction>
          <Destination>101037</Destination>
          <Display>the door south</Display>
          <Keywords></Keywords>
          <Description></Description>
          <Flags></Flags>
          <Keys></Keys>
          <ExitSize>Giant</ExitSize>
        </Exit>
        <Exit>
          <Direction>Down</Direction>
          <Destination>100493</Destination>
          <Display>the door down</Display>
          <Keywords></Keywords>
          <Description></Description>
          <Flags></Flags>
          <Keys></Keys>
          <ExitSize>Giant</ExitSize>
        </Exit>
      </Exits>
      <ExtraDescriptions />
    </Room>
    <Room>
      <VNum>101042</VNum>
      <Name></Name>
      <Description></Description>
      <Sector>Inside</Sector>
      <Flags></Flags>
      <Exits>
        <Exit>
          <Direction>West</Direction>
          <Destination>101037</Destination>
          <Display>the door west</Display>
          <Keywords></Keywords>
          <Description></Description>
          <Flags></Flags>
          <Keys></Keys>
          <ExitSize>Giant</ExitSize>
        </Exit>
      </Exits>
      <ExtraDescriptions />
    </Room>
  </Rooms>
  <NPCs />
  <Items />
  <Resets />
</Area>