﻿<?xml version="1.0" encoding="utf-8"?>
<Area>
  <AreaData>
    <Name>The Blue Tower</Name>
    <Info></Info>
    <VnumStart>23230</VnumStart>
    <VnumEnd>23259</VnumEnd>
    <MinimumLevel>35</MinimumLevel>
    <MaximumLevel>51</MaximumLevel>
    <Builders></Builders>
    <Security>0</Security>
    <Credits>Ceran   Blue Tinged tower</Credits>
    <Continent>Mainland</Continent>
    <OverRoomVnum>0</OverRoomVnum>
  </AreaData>
  <Rooms>
    <Room>
      <VNum>23230</VNum>
      <Name>Entrance to the Blue tower</Name>
      <Description>You are standing within the confines of a tower built from blue tinged stones.
The colour seems to almost glow with power as if magic were stored within the
very walls themselves. The hallway leads east into the tower, and there is
a large blue door in the west wall.</Description>
      <Sector>Inside</Sector>
      <Flags>NoMob</Flags>
      <Exits>
        <Exit>
          <Direction>East</Direction>
          <Destination>23231</Destination>
          <Display>the door east</Display>
          <Keywords></Keywords>
          <Description></Description>
          <Flags></Flags>
          <Keys>0</Keys>
          <ExitSize>Giant</ExitSize>
        </Exit>
        <Exit>
          <Direction>West</Direction>
          <Destination>13766</Destination>
          <Display>the door west</Display>
          <Keywords></Keywords>
          <Description></Description>
          <Flags>Door Closed</Flags>
          <Keys>-1</Keys>
          <ExitSize>Giant</ExitSize>
        </Exit>
      </Exits>
      <ExtraDescriptions />
    </Room>
    <Room>
      <VNum>23231</VNum>
      <Name>Within the Blue tower</Name>
      <Description>This room is almost humming with power. The walls around you glow softly the
blue colour of magic. Somewhere above you on the stairs leading up there is
the  sound of whispered incantations. Soft blue light filters down from above,
like  the room were being bathed in a blue sun.</Description>
      <Sector>Inside</Sector>
      <Flags>NoMob</Flags>
      <Exits>
        <Exit>
          <Direction>West</Direction>
          <Destination>23230</Destination>
          <Display>the door west</Display>
          <Keywords></Keywords>
          <Description></Description>
          <Flags></Flags>
          <Keys>0</Keys>
          <ExitSize>Giant</ExitSize>
        </Exit>
        <Exit>
          <Direction>Up</Direction>
          <Destination>23236</Destination>
          <Display>the door up</Display>
          <Keywords></Keywords>
          <Description></Description>
          <Flags></Flags>
          <Keys>0</Keys>
          <ExitSize>Giant</ExitSize>
        </Exit>
      </Exits>
      <ExtraDescriptions />
    </Room>
    <Room>
      <VNum>23232</VNum>
      <Name>A room bathed in blue light</Name>
      <Description>You are standing in the middle of what feels like a warm sea of blue light. At
first glance it would appear to be some sort of physical substance hanging in
the air, but after being in it for just a short time you come to understand
that it is pure energy that you are bathed in. Somehow the tower itself is not
physically existing, but merely the product of so much magical force that it
is solid enough to walk on and feel.Above you a column of searing blue light
can be seen.</Description>
      <Sector>Inside</Sector>
      <Flags></Flags>
      <Exits>
        <Exit>
          <Direction>East</Direction>
          <Destination>23233</Destination>
          <Display>the door east</Display>
          <Keywords></Keywords>
          <Description>Bathed in a blue light.</Description>
          <Flags></Flags>
          <Keys>0</Keys>
          <ExitSize>Giant</ExitSize>
        </Exit>
        <Exit>
          <Direction>South</Direction>
          <Destination>23235</Destination>
          <Display>the door south</Display>
          <Keywords></Keywords>
          <Description>Bathed in a blue light.</Description>
          <Flags></Flags>
          <Keys>0</Keys>
          <ExitSize>Giant</ExitSize>
        </Exit>
        <Exit>
          <Direction>Up</Direction>
          <Destination>23241</Destination>
          <Display>the door up</Display>
          <Keywords></Keywords>
          <Description>In a blinding blue light.</Description>
          <Flags></Flags>
          <Keys>0</Keys>
          <ExitSize>Giant</ExitSize>
        </Exit>
      </Exits>
      <ExtraDescriptions />
    </Room>
    <Room>
      <VNum>23233</VNum>
      <Name>A room bathed in blue light</Name>
      <Description>You are standing in the middle of what feels like a warm sea of blue light. At
first glance it would appear to be some sort of physical substance hanging in
the air, but after being in it for just a short time you come to understand
that it is pure energy that you are bathed in. Somehow the tower itself is not
physically existing, but merely the product of so much magical force that it
is solid enough to walk on and feel.</Description>
      <Sector>Inside</Sector>
      <Flags></Flags>
      <Exits>
        <Exit>
          <Direction>East</Direction>
          <Destination>23234</Destination>
          <Display>the door east</Display>
          <Keywords></Keywords>
          <Description>Bathed in a blue light.</Description>
          <Flags></Flags>
          <Keys>0</Keys>
          <ExitSize>Giant</ExitSize>
        </Exit>
        <Exit>
          <Direction>South</Direction>
          <Destination>23236</Destination>
          <Display>the door south</Display>
          <Keywords></Keywords>
          <Description>Bathed in a blue light.</Description>
          <Flags></Flags>
          <Keys>0</Keys>
          <ExitSize>Giant</ExitSize>
        </Exit>
        <Exit>
          <Direction>West</Direction>
          <Destination>23232</Destination>
          <Display>the door west</Display>
          <Keywords></Keywords>
          <Description>Bathed in a blue light.</Description>
          <Flags></Flags>
          <Keys>0</Keys>
          <ExitSize>Giant</ExitSize>
        </Exit>
      </Exits>
      <ExtraDescriptions />
    </Room>
    <Room>
      <VNum>23234</VNum>
      <Name>A room bathed in blue light</Name>
      <Description>You are standing in the middle of what feels like a warm sea of blue light. At
first glance it would appear to be some sort of physical substance hanging in
the air, but after being in it for just a short time you come to understand
that it is pure energy that you are bathed in. Somehow the tower itself is not
physically existing, but merely the product of so much magical force that it
is solid enough to walk on and feel. Above you a column of searing blue light
can be seen.</Description>
      <Sector>Inside</Sector>
      <Flags></Flags>
      <Exits>
        <Exit>
          <Direction>South</Direction>
          <Destination>23237</Destination>
          <Display>the door south</Display>
          <Keywords></Keywords>
          <Description>Bathed in a blue light.</Description>
          <Flags></Flags>
          <Keys>0</Keys>
          <ExitSize>Giant</ExitSize>
        </Exit>
        <Exit>
          <Direction>West</Direction>
          <Destination>23233</Destination>
          <Display>the door west</Display>
          <Keywords></Keywords>
          <Description>Bathed in a blue light.</Description>
          <Flags></Flags>
          <Keys>0</Keys>
          <ExitSize>Giant</ExitSize>
        </Exit>
        <Exit>
          <Direction>Up</Direction>
          <Destination>23243</Destination>
          <Display>the door up</Display>
          <Keywords></Keywords>
          <Description>In a blinding blue light.</Description>
          <Flags></Flags>
          <Keys>0</Keys>
          <ExitSize>Giant</ExitSize>
        </Exit>
      </Exits>
      <ExtraDescriptions />
    </Room>
    <Room>
      <VNum>23235</VNum>
      <Name>A room bathed in blue light</Name>
      <Description>You are standing in the middle of what feels like a warm sea of blue light. At
first glance it would appear to be some sort of physical substance hanging in
the air, but after being in it for just a short time you come to understand
that it is pure energy that you are bathed in. Somehow the tower itself is not
physically existing, but merely the product of so much magical force that it
is solid enough to walk on and feel.</Description>
      <Sector>Inside</Sector>
      <Flags></Flags>
      <Exits>
        <Exit>
          <Direction>North</Direction>
          <Destination>23232</Destination>
          <Display>the door north</Display>
          <Keywords></Keywords>
          <Description>Bathed in a blue light.</Description>
          <Flags></Flags>
          <Keys>0</Keys>
          <ExitSize>Giant</ExitSize>
        </Exit>
        <Exit>
          <Direction>East</Direction>
          <Destination>23236</Destination>
          <Display>the door east</Display>
          <Keywords></Keywords>
          <Description>Bathed in a blue light.</Description>
          <Flags></Flags>
          <Keys>0</Keys>
          <ExitSize>Giant</ExitSize>
        </Exit>
        <Exit>
          <Direction>South</Direction>
          <Destination>23238</Destination>
          <Display>the door south</Display>
          <Keywords></Keywords>
          <Description></Description>
          <Flags></Flags>
          <Keys>0</Keys>
          <ExitSize>Giant</ExitSize>
        </Exit>
      </Exits>
      <ExtraDescriptions />
    </Room>
    <Room>
      <VNum>23236</VNum>
      <Name>A room bathed in blue light</Name>
      <Description>You are standing in the middle of what feels like a warm sea of blue light. At
first glance it would appear to be some sort of physical substance hanging in
the air, but after being in it for just a short time you come to understand
that it is pure energy that you are bathed in. Somehow the tower itself is not
physically existing, but merely the product of so much magical force that it
is solid enough to walk on and feel. There is a column of searing blue light
coming from the roof here.</Description>
      <Sector>Inside</Sector>
      <Flags></Flags>
      <Exits>
        <Exit>
          <Direction>North</Direction>
          <Destination>23233</Destination>
          <Display>the door north</Display>
          <Keywords></Keywords>
          <Description>Bathed in a blue light.</Description>
          <Flags></Flags>
          <Keys>0</Keys>
          <ExitSize>Giant</ExitSize>
        </Exit>
        <Exit>
          <Direction>East</Direction>
          <Destination>23237</Destination>
          <Display>the door east</Display>
          <Keywords></Keywords>
          <Description>Bathed in a blue light.</Description>
          <Flags></Flags>
          <Keys>0</Keys>
          <ExitSize>Giant</ExitSize>
        </Exit>
        <Exit>
          <Direction>South</Direction>
          <Destination>23239</Destination>
          <Display>the door south</Display>
          <Keywords></Keywords>
          <Description></Description>
          <Flags></Flags>
          <Keys>0</Keys>
          <ExitSize>Giant</ExitSize>
        </Exit>
        <Exit>
          <Direction>West</Direction>
          <Destination>23235</Destination>
          <Display>the door west</Display>
          <Keywords></Keywords>
          <Description></Description>
          <Flags></Flags>
          <Keys>0</Keys>
          <ExitSize>Giant</ExitSize>
        </Exit>
      </Exits>
      <ExtraDescriptions />
    </Room>
    <Room>
      <VNum>23237</VNum>
      <Name>A room bathed in blue light</Name>
      <Description>You are standing in the middle of what feels like a warm sea of blue light. At
first glance it would appear to be some sort of physical substance hanging in
the air, but after being in it for just a short time you come to understand
that it is pure energy that you are bathed in. Somehow the tower itself is not
physically existing, but merely the product of so much magical force that it
is solid enough to walk on and feel.</Description>
      <Sector>Inside</Sector>
      <Flags></Flags>
      <Exits>
        <Exit>
          <Direction>North</Direction>
          <Destination>23234</Destination>
          <Display>the door north</Display>
          <Keywords></Keywords>
          <Description>Bathed in a blue light.</Description>
          <Flags></Flags>
          <Keys>0</Keys>
          <ExitSize>Giant</ExitSize>
        </Exit>
        <Exit>
          <Direction>South</Direction>
          <Destination>23240</Destination>
          <Display>the door south</Display>
          <Keywords></Keywords>
          <Description>Bathed in a blue light.</Description>
          <Flags></Flags>
          <Keys>0</Keys>
          <ExitSize>Giant</ExitSize>
        </Exit>
        <Exit>
          <Direction>West</Direction>
          <Destination>23236</Destination>
          <Display>the door west</Display>
          <Keywords></Keywords>
          <Description>Bathed in a blue light.</Description>
          <Flags></Flags>
          <Keys>0</Keys>
          <ExitSize>Giant</ExitSize>
        </Exit>
      </Exits>
      <ExtraDescriptions />
    </Room>
    <Room>
      <VNum>23238</VNum>
      <Name>A room bathed in blue light</Name>
      <Description>You are standing in the middle of what feels like a warm sea of blue light. At
first glance it would appear to be some sort of physical substance hanging in
the air, but after being in it for just a short time you come to understand
that it is pure energy that you are bathed in. Somehow the tower itself is not
physically existing, but merely the product of so much magical force that it
is solid enough to walk on and feel. Above you a column of searing blue light
can be seen.</Description>
      <Sector>Inside</Sector>
      <Flags></Flags>
      <Exits>
        <Exit>
          <Direction>North</Direction>
          <Destination>23235</Destination>
          <Display>the door north</Display>
          <Keywords></Keywords>
          <Description>Bathed in a blue light.</Description>
          <Flags></Flags>
          <Keys>0</Keys>
          <ExitSize>Giant</ExitSize>
        </Exit>
        <Exit>
          <Direction>East</Direction>
          <Destination>23239</Destination>
          <Display>the door east</Display>
          <Keywords></Keywords>
          <Description>Bathed in a blue light.</Description>
          <Flags></Flags>
          <Keys>0</Keys>
          <ExitSize>Giant</ExitSize>
        </Exit>
        <Exit>
          <Direction>Up</Direction>
          <Destination>23247</Destination>
          <Display>the door up</Display>
          <Keywords></Keywords>
          <Description>In a blinding blue light.</Description>
          <Flags></Flags>
          <Keys>0</Keys>
          <ExitSize>Giant</ExitSize>
        </Exit>
      </Exits>
      <ExtraDescriptions />
    </Room>
    <Room>
      <VNum>23239</VNum>
      <Name>A room bathed in blue light</Name>
      <Description>You are standing in the middle of what feels like a warm sea of blue light. At
first glance it would appear to be some sort of physical substance hanging in
the air, but after being in it for just a short time you come to understand
that it is pure energy that you are bathed in. Somehow the tower itself is not
physically existing, but merely the product of so much magical force that it
is solid enough to walk on and feel.</Description>
      <Sector>Inside</Sector>
      <Flags></Flags>
      <Exits>
        <Exit>
          <Direction>North</Direction>
          <Destination>23236</Destination>
          <Display>the door north</Display>
          <Keywords></Keywords>
          <Description>Bathed in a blue light.</Description>
          <Flags></Flags>
          <Keys>0</Keys>
          <ExitSize>Giant</ExitSize>
        </Exit>
        <Exit>
          <Direction>East</Direction>
          <Destination>23240</Destination>
          <Display>the door east</Display>
          <Keywords></Keywords>
          <Description>Bathed in a blue light.</Description>
          <Flags></Flags>
          <Keys>0</Keys>
          <ExitSize>Giant</ExitSize>
        </Exit>
        <Exit>
          <Direction>West</Direction>
          <Destination>23238</Destination>
          <Display>the door west</Display>
          <Keywords></Keywords>
          <Description>Bathed in a blue light.</Description>
          <Flags></Flags>
          <Keys>0</Keys>
          <ExitSize>Giant</ExitSize>
        </Exit>
      </Exits>
      <ExtraDescriptions />
    </Room>
    <Room>
      <VNum>23240</VNum>
      <Name>A room bathed in blue light</Name>
      <Description>You are standing in the middle of what feels like a warm sea of blue light.
At first glance it would appear to be some sort of physical substance hanging
in the air, but after being in it for just a short time you come to understand
that it is pure energy that you are bathed in. Somehow the tower itself is not
physically existing, but merely the product of so much magical force that it
is solid enough to walk on and feel. Above you a column of searing blue light
can be seen.</Description>
      <Sector>Inside</Sector>
      <Flags></Flags>
      <Exits>
        <Exit>
          <Direction>North</Direction>
          <Destination>23237</Destination>
          <Display>the door north</Display>
          <Keywords></Keywords>
          <Description>Bathed in a blue light.</Description>
          <Flags></Flags>
          <Keys>0</Keys>
          <ExitSize>Giant</ExitSize>
        </Exit>
        <Exit>
          <Direction>West</Direction>
          <Destination>23239</Destination>
          <Display>the door west</Display>
          <Keywords></Keywords>
          <Description>Bathed in a blue light.</Description>
          <Flags></Flags>
          <Keys>0</Keys>
          <ExitSize>Giant</ExitSize>
        </Exit>
        <Exit>
          <Direction>Up</Direction>
          <Destination>23245</Destination>
          <Display>the door up</Display>
          <Keywords></Keywords>
          <Description>In a blinding blue light.</Description>
          <Flags></Flags>
          <Keys>0</Keys>
          <ExitSize>Giant</ExitSize>
        </Exit>
      </Exits>
      <ExtraDescriptions />
    </Room>
    <Room>
      <VNum>23241</VNum>
      <Name>Standing within a blinding blue light</Name>
      <Description>The room is filled with a crackling blue energy that tingles your skin and
blinds your eyes. All around you the magic building up within the tower swirls
and crackles. A column of blue light descends through the floor here to a
level lower down.</Description>
      <Sector>Inside</Sector>
      <Flags></Flags>
      <Exits>
        <Exit>
          <Direction>East</Direction>
          <Destination>23242</Destination>
          <Display>the door east</Display>
          <Keywords></Keywords>
          <Description></Description>
          <Flags></Flags>
          <Keys>-1</Keys>
          <ExitSize>Giant</ExitSize>
        </Exit>
        <Exit>
          <Direction>South</Direction>
          <Destination>23248</Destination>
          <Display>the door south</Display>
          <Keywords></Keywords>
          <Description></Description>
          <Flags></Flags>
          <Keys>-1</Keys>
          <ExitSize>Giant</ExitSize>
        </Exit>
        <Exit>
          <Direction>Down</Direction>
          <Destination>23232</Destination>
          <Display>the door down</Display>
          <Keywords></Keywords>
          <Description></Description>
          <Flags></Flags>
          <Keys>-1</Keys>
          <ExitSize>Giant</ExitSize>
        </Exit>
      </Exits>
      <ExtraDescriptions />
    </Room>
    <Room>
      <VNum>23242</VNum>
      <Name>Standing within a blinding blue light</Name>
      <Description>The room is filled with a crackling blue energy that tingles your skin and
blinds your eyes. All around you the magic building up within the tower
swirls and crackles. Above you there is a clear tunnel through the light.</Description>
      <Sector>Inside</Sector>
      <Flags></Flags>
      <Exits>
        <Exit>
          <Direction>East</Direction>
          <Destination>23243</Destination>
          <Display>the door east</Display>
          <Keywords></Keywords>
          <Description></Description>
          <Flags></Flags>
          <Keys>-1</Keys>
          <ExitSize>Giant</ExitSize>
        </Exit>
        <Exit>
          <Direction>West</Direction>
          <Destination>23241</Destination>
          <Display>the door west</Display>
          <Keywords></Keywords>
          <Description></Description>
          <Flags></Flags>
          <Keys>-1</Keys>
          <ExitSize>Giant</ExitSize>
        </Exit>
        <Exit>
          <Direction>Up</Direction>
          <Destination>23250</Destination>
          <Display>the door up</Display>
          <Keywords></Keywords>
          <Description></Description>
          <Flags></Flags>
          <Keys>-1</Keys>
          <ExitSize>Giant</ExitSize>
        </Exit>
      </Exits>
      <ExtraDescriptions />
    </Room>
    <Room>
      <VNum>23243</VNum>
      <Name>Standing within a blinding blue light</Name>
      <Description>The room is filled with a crackling blue energy that tingles your skin and
blinds your eyes. All around you the magic building up within the tower
swirls and crackles. A column of blue light descends through the floor here
to a level lower down.</Description>
      <Sector>Inside</Sector>
      <Flags></Flags>
      <Exits>
        <Exit>
          <Direction>South</Direction>
          <Destination>23244</Destination>
          <Display>the door south</Display>
          <Keywords></Keywords>
          <Description></Description>
          <Flags></Flags>
          <Keys>-1</Keys>
          <ExitSize>Giant</ExitSize>
        </Exit>
        <Exit>
          <Direction>West</Direction>
          <Destination>23242</Destination>
          <Display>the door west</Display>
          <Keywords></Keywords>
          <Description></Description>
          <Flags></Flags>
          <Keys>-1</Keys>
          <ExitSize>Giant</ExitSize>
        </Exit>
        <Exit>
          <Direction>Down</Direction>
          <Destination>23234</Destination>
          <Display>the door down</Display>
          <Keywords></Keywords>
          <Description></Description>
          <Flags></Flags>
          <Keys>-1</Keys>
          <ExitSize>Giant</ExitSize>
        </Exit>
      </Exits>
      <ExtraDescriptions />
    </Room>
    <Room>
      <VNum>23244</VNum>
      <Name>Standing within a blinding blue light</Name>
      <Description>The room is filled with a crackling blue energy that tingles your skin and
blinds your eyes. All around you the magic building up within the tower
swirls and crackles. Above you there is a clear tunnel through the light.</Description>
      <Sector>Inside</Sector>
      <Flags></Flags>
      <Exits>
        <Exit>
          <Direction>North</Direction>
          <Destination>23243</Destination>
          <Display>the door north</Display>
          <Keywords></Keywords>
          <Description></Description>
          <Flags></Flags>
          <Keys>-1</Keys>
          <ExitSize>Giant</ExitSize>
        </Exit>
        <Exit>
          <Direction>South</Direction>
          <Destination>23245</Destination>
          <Display>the door south</Display>
          <Keywords></Keywords>
          <Description></Description>
          <Flags></Flags>
          <Keys>-1</Keys>
          <ExitSize>Giant</ExitSize>
        </Exit>
        <Exit>
          <Direction>Up</Direction>
          <Destination>23251</Destination>
          <Display>the door up</Display>
          <Keywords></Keywords>
          <Description></Description>
          <Flags></Flags>
          <Keys>-1</Keys>
          <ExitSize>Giant</ExitSize>
        </Exit>
      </Exits>
      <ExtraDescriptions />
    </Room>
    <Room>
      <VNum>23245</VNum>
      <Name>Standing within a blinding blue light</Name>
      <Description>The room is filled with a crackling blue energy that tingles your skin and
blinds your eyes. All around you the magic building up within the tower
swirls and crackles. A column of blue light descends through the floor here
to a level lower down.</Description>
      <Sector>Inside</Sector>
      <Flags></Flags>
      <Exits>
        <Exit>
          <Direction>North</Direction>
          <Destination>23244</Destination>
          <Display>the door north</Display>
          <Keywords></Keywords>
          <Description></Description>
          <Flags></Flags>
          <Keys>-1</Keys>
          <ExitSize>Giant</ExitSize>
        </Exit>
        <Exit>
          <Direction>West</Direction>
          <Destination>23246</Destination>
          <Display>the door west</Display>
          <Keywords></Keywords>
          <Description></Description>
          <Flags></Flags>
          <Keys>-1</Keys>
          <ExitSize>Giant</ExitSize>
        </Exit>
        <Exit>
          <Direction>Down</Direction>
          <Destination>23240</Destination>
          <Display>the door down</Display>
          <Keywords></Keywords>
          <Description></Description>
          <Flags></Flags>
          <Keys>-1</Keys>
          <ExitSize>Giant</ExitSize>
        </Exit>
      </Exits>
      <ExtraDescriptions />
    </Room>
    <Room>
      <VNum>23246</VNum>
      <Name>Standing within a blinding blue light</Name>
      <Description>The room is filled with a crackling blue energy that tingles your skin and
blinds your eyes. All around you the magic building up within the tower
swirls and crackles. Above you there is a clear tunnel through the light.</Description>
      <Sector>Inside</Sector>
      <Flags></Flags>
      <Exits>
        <Exit>
          <Direction>East</Direction>
          <Destination>23245</Destination>
          <Display>the door east</Display>
          <Keywords></Keywords>
          <Description></Description>
          <Flags></Flags>
          <Keys>-1</Keys>
          <ExitSize>Giant</ExitSize>
        </Exit>
        <Exit>
          <Direction>West</Direction>
          <Destination>23247</Destination>
          <Display>the door west</Display>
          <Keywords></Keywords>
          <Description></Description>
          <Flags></Flags>
          <Keys>-1</Keys>
          <ExitSize>Giant</ExitSize>
        </Exit>
        <Exit>
          <Direction>Up</Direction>
          <Destination>23252</Destination>
          <Display>the door up</Display>
          <Keywords></Keywords>
          <Description></Description>
          <Flags></Flags>
          <Keys>-1</Keys>
          <ExitSize>Giant</ExitSize>
        </Exit>
      </Exits>
      <ExtraDescriptions />
    </Room>
    <Room>
      <VNum>23247</VNum>
      <Name>Standing within a blinding blue light</Name>
      <Description>The room is filled with a crackling blue energy that tingles your skin and
blinds your eyes. All around you the magic building up within the tower
swirls and crackles. A column of blue light descends through the floor here
to a level lower down.</Description>
      <Sector>Inside</Sector>
      <Flags></Flags>
      <Exits>
        <Exit>
          <Direction>North</Direction>
          <Destination>23248</Destination>
          <Display>the door north</Display>
          <Keywords></Keywords>
          <Description></Description>
          <Flags></Flags>
          <Keys>-1</Keys>
          <ExitSize>Giant</ExitSize>
        </Exit>
        <Exit>
          <Direction>East</Direction>
          <Destination>23246</Destination>
          <Display>the door east</Display>
          <Keywords></Keywords>
          <Description></Description>
          <Flags></Flags>
          <Keys>-1</Keys>
          <ExitSize>Giant</ExitSize>
        </Exit>
        <Exit>
          <Direction>Down</Direction>
          <Destination>23238</Destination>
          <Display>the door down</Display>
          <Keywords></Keywords>
          <Description></Description>
          <Flags></Flags>
          <Keys>-1</Keys>
          <ExitSize>Giant</ExitSize>
        </Exit>
      </Exits>
      <ExtraDescriptions />
    </Room>
    <Room>
      <VNum>23248</VNum>
      <Name>Standing within a blinding blue light</Name>
      <Description>The room is filled with a crackling blue energy that tingles your skin and
blinds your eyes. All around you the magic building up within the tower
swirls and crackles. Above you there is a clear tunnel through the light.</Description>
      <Sector>Inside</Sector>
      <Flags></Flags>
      <Exits>
        <Exit>
          <Direction>North</Direction>
          <Destination>23241</Destination>
          <Display>the door north</Display>
          <Keywords></Keywords>
          <Description></Description>
          <Flags></Flags>
          <Keys>-1</Keys>
          <ExitSize>Giant</ExitSize>
        </Exit>
        <Exit>
          <Direction>South</Direction>
          <Destination>23247</Destination>
          <Display>the door south</Display>
          <Keywords></Keywords>
          <Description></Description>
          <Flags></Flags>
          <Keys>-1</Keys>
          <ExitSize>Giant</ExitSize>
        </Exit>
        <Exit>
          <Direction>Up</Direction>
          <Destination>23249</Destination>
          <Display>the door up</Display>
          <Keywords></Keywords>
          <Description></Description>
          <Flags></Flags>
          <Keys>-1</Keys>
          <ExitSize>Giant</ExitSize>
        </Exit>
      </Exits>
      <ExtraDescriptions />
    </Room>
    <Room>
      <VNum>23249</VNum>
      <Name>On a shimmering blue platform</Name>
      <Description>You are standing upon a flat platform suspended above the warm blue energy
fields below.  The sounds of sizzling energy crackle in the air, and the smell
of burning ozone reeks all around you. A tunnel of light leads back down, or
you can go east to what looks like a stairwell.</Description>
      <Sector>Inside</Sector>
      <Flags></Flags>
      <Exits>
        <Exit>
          <Direction>East</Direction>
          <Destination>23253</Destination>
          <Display>the door east</Display>
          <Keywords></Keywords>
          <Description></Description>
          <Flags></Flags>
          <Keys>-1</Keys>
          <ExitSize>Giant</ExitSize>
        </Exit>
        <Exit>
          <Direction>Down</Direction>
          <Destination>23248</Destination>
          <Display>the door down</Display>
          <Keywords></Keywords>
          <Description></Description>
          <Flags></Flags>
          <Keys>-1</Keys>
          <ExitSize>Giant</ExitSize>
        </Exit>
      </Exits>
      <ExtraDescriptions />
    </Room>
    <Room>
      <VNum>23250</VNum>
      <Name>On a shimmering blue platform</Name>
      <Description>You are standing upon a flat platform suspended above the warm blue energy
fields below.  The sounds of sizzling energy crackle in the air, and the smell
of burning ozone reeks all around you. A tunnel of light leads back down, or
you can go south to what looks like a stairwell.</Description>
      <Sector>Inside</Sector>
      <Flags></Flags>
      <Exits>
        <Exit>
          <Direction>South</Direction>
          <Destination>23253</Destination>
          <Display>the door south</Display>
          <Keywords></Keywords>
          <Description></Description>
          <Flags></Flags>
          <Keys>-1</Keys>
          <ExitSize>Giant</ExitSize>
        </Exit>
        <Exit>
          <Direction>Down</Direction>
          <Destination>23242</Destination>
          <Display>the door down</Display>
          <Keywords></Keywords>
          <Description></Description>
          <Flags></Flags>
          <Keys>-1</Keys>
          <ExitSize>Giant</ExitSize>
        </Exit>
      </Exits>
      <ExtraDescriptions />
    </Room>
    <Room>
      <VNum>23251</VNum>
      <Name>On a shimmering blue platform</Name>
      <Description>You are standing upon a flat platform suspended above the warm blue energy
fields below.  The sounds of sizzling energy crackle in the air, and the smell
of burning ozone reeks all around you. A tunnel of light leads back down, or
you can go west to what looks like a stairwell.</Description>
      <Sector>Inside</Sector>
      <Flags></Flags>
      <Exits>
        <Exit>
          <Direction>West</Direction>
          <Destination>23253</Destination>
          <Display>the door west</Display>
          <Keywords></Keywords>
          <Description></Description>
          <Flags></Flags>
          <Keys>-1</Keys>
          <ExitSize>Giant</ExitSize>
        </Exit>
        <Exit>
          <Direction>Down</Direction>
          <Destination>23244</Destination>
          <Display>the door down</Display>
          <Keywords></Keywords>
          <Description></Description>
          <Flags></Flags>
          <Keys>-1</Keys>
          <ExitSize>Giant</ExitSize>
        </Exit>
      </Exits>
      <ExtraDescriptions />
    </Room>
    <Room>
      <VNum>23252</VNum>
      <Name>On a shimmering blue platform</Name>
      <Description>You are standing upon a flat platform suspended above the warm blue energy
fields below.  The sounds of sizzling energy crackle in the air, and the smell
of burning ozone reeks all around you. A tunnel of light leads back down, or
you can go north to what looks like a stairwell.</Description>
      <Sector>Inside</Sector>
      <Flags></Flags>
      <Exits>
        <Exit>
          <Direction>North</Direction>
          <Destination>23253</Destination>
          <Display>the door north</Display>
          <Keywords></Keywords>
          <Description></Description>
          <Flags></Flags>
          <Keys>-1</Keys>
          <ExitSize>Giant</ExitSize>
        </Exit>
        <Exit>
          <Direction>Down</Direction>
          <Destination>23246</Destination>
          <Display>the door down</Display>
          <Keywords></Keywords>
          <Description></Description>
          <Flags></Flags>
          <Keys>-1</Keys>
          <ExitSize>Giant</ExitSize>
        </Exit>
      </Exits>
      <ExtraDescriptions />
    </Room>
    <Room>
      <VNum>23253</VNum>
      <Name>Before the burning blue stairwell</Name>
      <Description>You are at the bottom of a stairwell wreathed in blue flames. Strangely there
is no heat of smoke, and the flames that lick the stairs do not seem to be
fuelled by anything. The magic at this part of the tower is obviously so
strong  that it manifests itself as raw fire, but blue and without the heat. The
stairs  head upwards.</Description>
      <Sector>Inside</Sector>
      <Flags></Flags>
      <Exits>
        <Exit>
          <Direction>North</Direction>
          <Destination>23250</Destination>
          <Display>the door north</Display>
          <Keywords></Keywords>
          <Description></Description>
          <Flags></Flags>
          <Keys>-1</Keys>
          <ExitSize>Giant</ExitSize>
        </Exit>
        <Exit>
          <Direction>East</Direction>
          <Destination>23251</Destination>
          <Display>the door east</Display>
          <Keywords></Keywords>
          <Description></Description>
          <Flags></Flags>
          <Keys>-1</Keys>
          <ExitSize>Giant</ExitSize>
        </Exit>
        <Exit>
          <Direction>South</Direction>
          <Destination>23252</Destination>
          <Display>the door south</Display>
          <Keywords></Keywords>
          <Description></Description>
          <Flags></Flags>
          <Keys>-1</Keys>
          <ExitSize>Giant</ExitSize>
        </Exit>
        <Exit>
          <Direction>West</Direction>
          <Destination>23249</Destination>
          <Display>the door west</Display>
          <Keywords></Keywords>
          <Description></Description>
          <Flags></Flags>
          <Keys>-1</Keys>
          <ExitSize>Giant</ExitSize>
        </Exit>
        <Exit>
          <Direction>Up</Direction>
          <Destination>23254</Destination>
          <Display>the door up</Display>
          <Keywords></Keywords>
          <Description></Description>
          <Flags></Flags>
          <Keys>-1</Keys>
          <ExitSize>Giant</ExitSize>
        </Exit>
      </Exits>
      <ExtraDescriptions />
    </Room>
    <Room>
      <VNum>23254</VNum>
      <Name>On a balcony wreathed in blue fire</Name>
      <Description>You are at the top of a stairwell covered in flickering blue flames. The room
here is more of a balcony overlooking the shimmering blue lake of energy
below.  There is a door to the south.</Description>
      <Sector>Inside</Sector>
      <Flags></Flags>
      <Exits>
        <Exit>
          <Direction>South</Direction>
          <Destination>23255</Destination>
          <Display>the door south</Display>
          <Keywords></Keywords>
          <Description></Description>
          <Flags>Door Closed Locked</Flags>
          <Keys>23237</Keys>
          <ExitSize>Giant</ExitSize>
        </Exit>
        <Exit>
          <Direction>Down</Direction>
          <Destination>23253</Destination>
          <Display>the door down</Display>
          <Keywords></Keywords>
          <Description></Description>
          <Flags></Flags>
          <Keys>-1</Keys>
          <ExitSize>Giant</ExitSize>
        </Exit>
      </Exits>
      <ExtraDescriptions />
    </Room>
    <Room>
      <VNum>23255</VNum>
      <Name>The Witch Queen's Watch</Name>
      <Description>This room is unlike any other in the tower. There is no energy shimmering in
the air, no crackling sounds or burning blue flames. Rather it is a plain and
empty study with nothing of interest but a single pentegram inscribed in the
floor for protection against some kind of unholy beast. The only exit is to
the north through the door.</Description>
      <Sector>Inside</Sector>
      <Flags></Flags>
      <Exits>
        <Exit>
          <Direction>North</Direction>
          <Destination>23254</Destination>
          <Display>the door north</Display>
          <Keywords></Keywords>
          <Description></Description>
          <Flags>Door Closed Locked</Flags>
          <Keys>23237</Keys>
          <ExitSize>Giant</ExitSize>
        </Exit>
      </Exits>
      <ExtraDescriptions />
    </Room>
  </Rooms>
  <NPCs>
    <NPC>
      <Vnum>23230</Vnum>
      <name>spirit mage</name>
      <description>This figure appears almost tangible, yet not quite. Something about it's face
seems to show despair and anger, although if it is directed at you is unsure.
All you know is that it appears to be guarding the way past.</description>
      <longDescription>A transparent figure in flowing robes stands here.</longDescription>
      <shortDescription>a spirit mage</shortDescription>
      <Sex>None</Sex>
      <level>45</level>
      <HitPointDiceSides>25</HitPointDiceSides>
      <HitPointDiceCount>10</HitPointDiceCount>
      <HitPointDiceBonus>2500</HitPointDiceBonus>
      <ManaPointDiceSides>1</ManaPointDiceSides>
      <ManaPointDiceCount>1</ManaPointDiceCount>
      <ManaPointDiceBonus>100</ManaPointDiceBonus>
      <trust>45</trust>
      <hitpoints>900</hitpoints>
      <maxhitpoints>900</maxhitpoints>
      <manapoints>0</manapoints>
      <maxmanapoints>0</maxmanapoints>
      <movementpoints>0</movementpoints>
      <maxmovementpoints>0</maxmovementpoints>
      <ArmorBash>-150</ArmorBash>
      <ArmorSlash>-150</ArmorSlash>
      <ArmorPierce>-150</ArmorPierce>
      <ArmorExotic>-200</ArmorExotic>
      <size>Medium</size>
      <race>undead</race>
      <alignment>Neutral</alignment>
      <ethos>0</ethos>
      <hitroll>0</hitroll>
      <damRoll>45</damRoll>
      <armorclass>0</armorclass>
      <silver>0</silver>
      <gold>0</gold>
      <SavingThrow>0</SavingThrow>
      <Guild>mage</Guild>
      <flags>NPC Aggressive Undead Mage AssistVnum</flags>
      <immune></immune>
      <resist></resist>
      <vulnerable></vulnerable>
      <affectedBy>DetectInvis DetectMagic DetectHidden PassDoor DetectIllusion DarkVision</affectedBy>
      <WiznetFlags></WiznetFlags>
      <WeaponDamageMessage>punch</WeaponDamageMessage>
      <DamageDiceSides>3</DamageDiceSides>
      <DamageDiceCount>12</DamageDiceCount>
      <DamageDiceBonus>15</DamageDiceBonus>
      <PermanentStats>
        <Strength>16</Strength>
        <Wisdom>16</Wisdom>
        <Intelligence>16</Intelligence>
        <Dexterity>16</Dexterity>
        <Constitution>16</Constitution>
        <Charisma>16</Charisma>
      </PermanentStats>
    </NPC>
    <NPC>
      <Vnum>23231</Vnum>
      <name>blue ghost</name>
      <description>The energy around this figure is so strong that it has formed a permenant blue
aura of crackling power. It raises it's withered hand and points at you,
sending sizzling blue energy through the air!</description>
      <longDescription>A deathly looking old man surrounded by a blue aura is here.</longDescription>
      <shortDescription>a ghost with a blue aura</shortDescription>
      <Sex>Male</Sex>
      <level>51</level>
      <HitPointDiceSides>50</HitPointDiceSides>
      <HitPointDiceCount>10</HitPointDiceCount>
      <HitPointDiceBonus>5250</HitPointDiceBonus>
      <ManaPointDiceSides>1</ManaPointDiceSides>
      <ManaPointDiceCount>1</ManaPointDiceCount>
      <ManaPointDiceBonus>1000</ManaPointDiceBonus>
      <trust>51</trust>
      <hitpoints>1020</hitpoints>
      <maxhitpoints>1020</maxhitpoints>
      <manapoints>0</manapoints>
      <maxmanapoints>0</maxmanapoints>
      <movementpoints>0</movementpoints>
      <maxmovementpoints>0</maxmovementpoints>
      <ArmorBash>-200</ArmorBash>
      <ArmorSlash>-200</ArmorSlash>
      <ArmorPierce>-200</ArmorPierce>
      <ArmorExotic>-200</ArmorExotic>
      <size>Medium</size>
      <race>human</race>
      <alignment>Evil</alignment>
      <ethos>0</ethos>
      <hitroll>0</hitroll>
      <damRoll>51</damRoll>
      <armorclass>0</armorclass>
      <silver>0</silver>
      <gold>0</gold>
      <SavingThrow>0</SavingThrow>
      <Guild>mage</Guild>
      <flags>NPC Sentinel StayArea Undead Mage AssistVnum</flags>
      <immune></immune>
      <resist></resist>
      <vulnerable></vulnerable>
      <affectedBy>DetectEvil DetectInvis DetectMagic Infrared DetectIllusion</affectedBy>
      <WiznetFlags></WiznetFlags>
      <WeaponDamageMessage>punch</WeaponDamageMessage>
      <DamageDiceSides>6</DamageDiceSides>
      <DamageDiceCount>6</DamageDiceCount>
      <DamageDiceBonus>20</DamageDiceBonus>
      <PermanentStats>
        <Strength>16</Strength>
        <Wisdom>16</Wisdom>
        <Intelligence>16</Intelligence>
        <Dexterity>16</Dexterity>
        <Constitution>16</Constitution>
        <Charisma>16</Charisma>
      </PermanentStats>
    </NPC>
    <NPC>
      <Vnum>23232</Vnum>
      <name>elven lich archmage</name>
      <description>This ancient elven wizard is all that remains of Myth Drannor's once powerful
mage cabals. He exists now as a shell of his former power, brought back by the
evil that destroyed the city and kept as a taunting reminder of the fall of the
elves. The power of pure magic hums around him and even his eyes glow with the
blue energy that sizzles in the air.</description>
      <longDescription>An elf with torn dried skin and glowing blue eyes is here.</longDescription>
      <shortDescription>the elven lich archmage</shortDescription>
      <Sex>Male</Sex>
      <level>55</level>
      <HitPointDiceSides>50</HitPointDiceSides>
      <HitPointDiceCount>10</HitPointDiceCount>
      <HitPointDiceBonus>7000</HitPointDiceBonus>
      <ManaPointDiceSides>1</ManaPointDiceSides>
      <ManaPointDiceCount>1</ManaPointDiceCount>
      <ManaPointDiceBonus>1000</ManaPointDiceBonus>
      <trust>55</trust>
      <hitpoints>1100</hitpoints>
      <maxhitpoints>1100</maxhitpoints>
      <manapoints>0</manapoints>
      <maxmanapoints>0</maxmanapoints>
      <movementpoints>0</movementpoints>
      <maxmovementpoints>0</maxmovementpoints>
      <ArmorBash>-250</ArmorBash>
      <ArmorSlash>-250</ArmorSlash>
      <ArmorPierce>-250</ArmorPierce>
      <ArmorExotic>-300</ArmorExotic>
      <size>Medium</size>
      <race>lich</race>
      <alignment>Evil</alignment>
      <ethos>0</ethos>
      <hitroll>0</hitroll>
      <damRoll>55</damRoll>
      <armorclass>0</armorclass>
      <silver>0</silver>
      <gold>0</gold>
      <SavingThrow>0</SavingThrow>
      <Guild>healer</Guild>
      <flags>NPC Sentinel Undead Cleric AreaAttack</flags>
      <immune></immune>
      <resist></resist>
      <vulnerable></vulnerable>
      <affectedBy>DetectInvis DetectMagic DetectHidden Sanctuary DetectIllusion Flying PassDoor DarkVision</affectedBy>
      <WiznetFlags></WiznetFlags>
      <WeaponDamageMessage>punch</WeaponDamageMessage>
      <DamageDiceSides>10</DamageDiceSides>
      <DamageDiceCount>4</DamageDiceCount>
      <DamageDiceBonus>21</DamageDiceBonus>
      <PermanentStats>
        <Strength>16</Strength>
        <Wisdom>16</Wisdom>
        <Intelligence>16</Intelligence>
        <Dexterity>16</Dexterity>
        <Constitution>16</Constitution>
        <Charisma>16</Charisma>
      </PermanentStats>
    </NPC>
    <NPC>
      <Vnum>23233</Vnum>
      <name>witch queen</name>
      <description>This lady was one of the few elves who chose to be lead by the darkness that
overcame Myth Drannor, and as a reward she now rules this small tower where
all the magic of the ancient elves is gathered in preperation for the release
of the Lord.</description>
      <longDescription>A beautiful elven woman with cold blue eyes screams in fury!</longDescription>
      <shortDescription>the witch queen of Myth Drannor</shortDescription>
      <Sex>Female</Sex>
      <level>60</level>
      <HitPointDiceSides>50</HitPointDiceSides>
      <HitPointDiceCount>10</HitPointDiceCount>
      <HitPointDiceBonus>8000</HitPointDiceBonus>
      <ManaPointDiceSides>1</ManaPointDiceSides>
      <ManaPointDiceCount>1</ManaPointDiceCount>
      <ManaPointDiceBonus>1000</ManaPointDiceBonus>
      <trust>60</trust>
      <hitpoints>1200</hitpoints>
      <maxhitpoints>1200</maxhitpoints>
      <manapoints>0</manapoints>
      <maxmanapoints>0</maxmanapoints>
      <movementpoints>0</movementpoints>
      <maxmovementpoints>0</maxmovementpoints>
      <ArmorBash>-300</ArmorBash>
      <ArmorSlash>-300</ArmorSlash>
      <ArmorPierce>-300</ArmorPierce>
      <ArmorExotic>-500</ArmorExotic>
      <size>Medium</size>
      <race>human</race>
      <alignment>Evil</alignment>
      <ethos>0</ethos>
      <hitroll>1</hitroll>
      <damRoll>60</damRoll>
      <armorclass>0</armorclass>
      <silver>0</silver>
      <gold>0</gold>
      <SavingThrow>0</SavingThrow>
      <Guild>warrior</Guild>
      <flags>NPC Sentinel Undead Mage Warrior AreaAttack</flags>
      <immune></immune>
      <resist></resist>
      <vulnerable></vulnerable>
      <affectedBy>DetectInvis DetectMagic DetectHidden Sanctuary DetectIllusion</affectedBy>
      <WiznetFlags></WiznetFlags>
      <WeaponDamageMessage>punch</WeaponDamageMessage>
      <DamageDiceSides>5</DamageDiceSides>
      <DamageDiceCount>10</DamageDiceCount>
      <DamageDiceBonus>25</DamageDiceBonus>
      <PermanentStats>
        <Strength>16</Strength>
        <Wisdom>16</Wisdom>
        <Intelligence>16</Intelligence>
        <Dexterity>16</Dexterity>
        <Constitution>16</Constitution>
        <Charisma>16</Charisma>
      </PermanentStats>
    </NPC>
    <NPC>
      <Vnum>23234</Vnum>
      <name>devil familiar</name>
      <description>This unholy familiar has the markings of a servant of darkness. It's body is
covered in symbols guarding against control by those not of the darkest soul.</description>
      <longDescription>A beast with a single black horn and symbols burned into it's flesh is here.</longDescription>
      <shortDescription>a satanic familiar</shortDescription>
      <Sex>None</Sex>
      <level>57</level>
      <HitPointDiceSides>50</HitPointDiceSides>
      <HitPointDiceCount>10</HitPointDiceCount>
      <HitPointDiceBonus>8500</HitPointDiceBonus>
      <ManaPointDiceSides>1</ManaPointDiceSides>
      <ManaPointDiceCount>1</ManaPointDiceCount>
      <ManaPointDiceBonus>1000</ManaPointDiceBonus>
      <trust>57</trust>
      <hitpoints>1140</hitpoints>
      <maxhitpoints>1140</maxhitpoints>
      <manapoints>0</manapoints>
      <maxmanapoints>0</maxmanapoints>
      <movementpoints>0</movementpoints>
      <maxmovementpoints>0</maxmovementpoints>
      <ArmorBash>-280</ArmorBash>
      <ArmorSlash>-280</ArmorSlash>
      <ArmorPierce>-280</ArmorPierce>
      <ArmorExotic>-300</ArmorExotic>
      <size>Giant</size>
      <race>unique</race>
      <alignment>Evil</alignment>
      <ethos>0</ethos>
      <hitroll>2</hitroll>
      <damRoll>57</damRoll>
      <armorclass>0</armorclass>
      <silver>0</silver>
      <gold>0</gold>
      <SavingThrow>0</SavingThrow>
      <Guild>warrior</Guild>
      <flags>NPC Sentinel StayArea Warrior AreaAttack</flags>
      <immune></immune>
      <resist></resist>
      <vulnerable></vulnerable>
      <affectedBy>DetectInvis DetectMagic DetectHidden DetectIllusion</affectedBy>
      <WiznetFlags></WiznetFlags>
      <WeaponDamageMessage>punch</WeaponDamageMessage>
      <DamageDiceSides>5</DamageDiceSides>
      <DamageDiceCount>10</DamageDiceCount>
      <DamageDiceBonus>25</DamageDiceBonus>
      <PermanentStats>
        <Strength>16</Strength>
        <Wisdom>16</Wisdom>
        <Intelligence>16</Intelligence>
        <Dexterity>16</Dexterity>
        <Constitution>16</Constitution>
        <Charisma>16</Charisma>
      </PermanentStats>
    </NPC>
  </NPCs>
  <Items>
    <Item>
      <VNum>23230</VNum>
      <Name>parchment blue tinted seal</Name>
      <ShortDescription>a blue tinted seal</ShortDescription>
      <LongDescription>A piece of parchment scrawled with blue writing is here.</LongDescription>
      <Description></Description>
      <Level>0</Level>
      <WeaponDamageType>none</WeaponDamageType>
      <WeaponType>None</WeaponType>
      <DiceSides>1</DiceSides>
      <DiceCount>1</DiceCount>
      <DiceBonus>1</DiceBonus>
      <Weight>1</Weight>
      <WearFlags>Take Hold</WearFlags>
      <ExtraFlags></ExtraFlags>
      <ItemTypes>Trash</ItemTypes>
      <Affects />
      <Silver>0</Silver>
      <Gold>0</Gold>
      <Cost>0</Cost>
      <Nutrition>0</Nutrition>
      <Liquid></Liquid>
      <MaxWeight>0</MaxWeight>
      <Material>paper</Material>
      <Charges>0</Charges>
      <MaxCharges>0</MaxCharges>
      <MaxDurability>100</MaxDurability>
      <ArmorBash>0</ArmorBash>
      <ArmorSlash>0</ArmorSlash>
      <ArmorPierce>0</ArmorPierce>
      <ArmorExotic>0</ArmorExotic>
      <ExtraDescriptions>
        <ExtraDescription>
          <Keyword>blue seal parchment</Keyword>
          <Description>The writing on the parchment relates how the elves of Myth Drannor were used
as sacrifices to provide the pure blood needed to help raise and evil of total
corruption and unspeakable power that lay dormant beneath the city. Thie red
bloodletting was to be accompanied by two other merging powers, that of the
pure magics, the blue energies, and the divine magics, green energies. Yet
something went wrong and now forces of darkness are fighting for the last
keys to the power that lies hidden. Once the red, blue and green are finally
joined the black tower will reveal it's secrets..</Description>
        </ExtraDescription>
      </ExtraDescriptions>
    </Item>
    <Item>
      <VNum>23231</VNum>
      <Name>blue crystal tiara</Name>
      <ShortDescription>a blue crystal tiara</ShortDescription>
      <LongDescription>An intricate tiara formed from blue crystal is on the ground.</LongDescription>
      <Description></Description>
      <Level>40</Level>
      <WeaponDamageType>none</WeaponDamageType>
      <WeaponType>None</WeaponType>
      <DiceSides>1</DiceSides>
      <DiceCount>1</DiceCount>
      <DiceBonus>1</DiceBonus>
      <Weight>3</Weight>
      <WearFlags>Take Head</WearFlags>
      <ExtraFlags>Glow Evil Magic</ExtraFlags>
      <ItemTypes>Armor</ItemTypes>
      <Affects>
        <Affect where="ToObject" level="0" duration="-1" location="Mana" modifier="25" hidden="False" affectType="Spell">
          <ExtraState />
        </Affect>
        <Affect where="ToObject" level="0" duration="-1" location="Intelligence" modifier="2" hidden="False" affectType="Spell">
          <ExtraState />
        </Affect>
      </Affects>
      <Silver>0</Silver>
      <Gold>0</Gold>
      <Cost>59999</Cost>
      <Nutrition>0</Nutrition>
      <Liquid></Liquid>
      <MaxWeight>0</MaxWeight>
      <Material>crystal</Material>
      <Charges>0</Charges>
      <MaxCharges>0</MaxCharges>
      <MaxDurability>100</MaxDurability>
      <ArmorBash>6</ArmorBash>
      <ArmorSlash>5</ArmorSlash>
      <ArmorPierce>7</ArmorPierce>
      <ArmorExotic>10</ArmorExotic>
      <ExtraDescriptions />
    </Item>
    <Item>
      <VNum>23232</VNum>
      <Name>blue ice dagger</Name>
      <ShortDescription>a blue-ice dagger</ShortDescription>
      <LongDescription>A dagger carved from deep blue ice is on the floor.</LongDescription>
      <Description></Description>
      <Level>45</Level>
      <WeaponDamageType>frbite</WeaponDamageType>
      <WeaponType>Dagger</WeaponType>
      <DiceSides>10</DiceSides>
      <DiceCount>6</DiceCount>
      <DiceBonus>10</DiceBonus>
      <Weight>4</Weight>
      <WearFlags>Take Wield</WearFlags>
      <ExtraFlags>Magic Bless Flaming Frost Vorpal</ExtraFlags>
      <ItemTypes>Weapon</ItemTypes>
      <Affects>
        <Affect where="ToObject" level="0" duration="-1" location="SavingSpell" modifier="-15" hidden="False" affectType="Spell">
          <ExtraState />
        </Affect>
        <Affect where="ToObject" level="0" duration="-1" location="Dexterity" modifier="1" hidden="False" affectType="Spell">
          <ExtraState />
        </Affect>
        <Affect where="ToObject" level="0" duration="-1" location="Damroll" modifier="5" hidden="False" affectType="Spell">
          <ExtraState />
        </Affect>
        <Affect where="ToObject" level="0" duration="-1" location="Hitroll" modifier="3" hidden="False" affectType="Spell">
          <ExtraState />
        </Affect>
      </Affects>
      <Silver>0</Silver>
      <Gold>0</Gold>
      <Cost>31999</Cost>
      <Nutrition>0</Nutrition>
      <Liquid></Liquid>
      <MaxWeight>0</MaxWeight>
      <Material>energy</Material>
      <Charges>0</Charges>
      <MaxCharges>0</MaxCharges>
      <MaxDurability>100</MaxDurability>
      <ArmorBash>0</ArmorBash>
      <ArmorSlash>0</ArmorSlash>
      <ArmorPierce>0</ArmorPierce>
      <ArmorExotic>0</ArmorExotic>
      <ExtraDescriptions />
    </Item>
    <Item>
      <VNum>23233</VNum>
      <Name>blue sapphire collar</Name>
      <ShortDescription>a blue sapphire collar</ShortDescription>
      <LongDescription>A perfectly formed collar of blue sapphire is here.</LongDescription>
      <Description></Description>
      <Level>35</Level>
      <WeaponDamageType>none</WeaponDamageType>
      <WeaponType>None</WeaponType>
      <DiceSides>1</DiceSides>
      <DiceCount>1</DiceCount>
      <DiceBonus>1</DiceBonus>
      <Weight>3</Weight>
      <WearFlags>Take Neck</WearFlags>
      <ExtraFlags>Dark Evil</ExtraFlags>
      <ItemTypes>Armor</ItemTypes>
      <Affects>
        <Affect where="ToObject" level="0" duration="-1" location="SavingSpell" modifier="-3" hidden="False" affectType="Spell">
          <ExtraState />
        </Affect>
        <Affect where="ToObject" level="0" duration="-1" location="Armor" modifier="-5" hidden="False" affectType="Spell">
          <ExtraState />
        </Affect>
        <Affect where="ToObject" level="0" duration="-1" location="Mana" modifier="15" hidden="False" affectType="Spell">
          <ExtraState />
        </Affect>
        <Affect where="ToObject" level="0" duration="-1" location="Hitpoints" modifier="15" hidden="False" affectType="Spell">
          <ExtraState />
        </Affect>
      </Affects>
      <Silver>0</Silver>
      <Gold>0</Gold>
      <Cost>9999</Cost>
      <Nutrition>0</Nutrition>
      <Liquid></Liquid>
      <MaxWeight>0</MaxWeight>
      <Material>sapphire</Material>
      <Charges>0</Charges>
      <MaxCharges>0</MaxCharges>
      <MaxDurability>100</MaxDurability>
      <ArmorBash>4</ArmorBash>
      <ArmorSlash>4</ArmorSlash>
      <ArmorPierce>4</ArmorPierce>
      <ArmorExotic>9</ArmorExotic>
      <ExtraDescriptions />
    </Item>
    <Item>
      <VNum>23235</VNum>
      <Name>wand spellfire</Name>
      <ShortDescription>(blue-green) a wand of spellfire</ShortDescription>
      <LongDescription>A deadly looking wand covered in blue green flames is here.</LongDescription>
      <Description></Description>
      <Level>48</Level>
      <WeaponDamageType>magic</WeaponDamageType>
      <WeaponType>Exotic</WeaponType>
      <DiceSides>5</DiceSides>
      <DiceCount>5</DiceCount>
      <DiceBonus>0</DiceBonus>
      <Weight>4</Weight>
      <WearFlags>Take Wield</WearFlags>
      <ExtraFlags>Magic VisDeath</ExtraFlags>
      <ItemTypes>Weapon</ItemTypes>
      <Affects />
      <Silver>0</Silver>
      <Gold>0</Gold>
      <Cost>14999</Cost>
      <Nutrition>0</Nutrition>
      <Liquid></Liquid>
      <MaxWeight>0</MaxWeight>
      <Material>energy</Material>
      <Charges>0</Charges>
      <MaxCharges>0</MaxCharges>
      <MaxDurability>100</MaxDurability>
      <ArmorBash>0</ArmorBash>
      <ArmorSlash>0</ArmorSlash>
      <ArmorPierce>0</ArmorPierce>
      <ArmorExotic>0</ArmorExotic>
      <ExtraDescriptions />
    </Item>
    <Item>
      <VNum>23236</VNum>
      <Name>gold ring wizardry</Name>
      <ShortDescription>a ring of wizardry</ShortDescription>
      <LongDescription>A shiny golden ring is on the ground.</LongDescription>
      <Description></Description>
      <Level>40</Level>
      <WeaponDamageType>none</WeaponDamageType>
      <WeaponType>None</WeaponType>
      <DiceSides>1</DiceSides>
      <DiceCount>1</DiceCount>
      <DiceBonus>1</DiceBonus>
      <Weight>1</Weight>
      <WearFlags>Take Finger</WearFlags>
      <ExtraFlags>Invis Magic</ExtraFlags>
      <ItemTypes>Armor</ItemTypes>
      <Affects>
        <Affect where="ToObject" level="0" duration="-1" location="Intelligence" modifier="2" hidden="False" affectType="Spell">
          <ExtraState />
        </Affect>
        <Affect where="ToObject" level="0" duration="-1" location="Wisdom" modifier="1" hidden="False" affectType="Spell">
          <ExtraState />
        </Affect>
        <Affect where="ToObject" level="0" duration="-1" location="Mana" modifier="20" hidden="False" affectType="Spell">
          <ExtraState />
        </Affect>
      </Affects>
      <Silver>0</Silver>
      <Gold>0</Gold>
      <Cost>40000</Cost>
      <Nutrition>0</Nutrition>
      <Liquid></Liquid>
      <MaxWeight>0</MaxWeight>
      <Material>gold</Material>
      <Charges>0</Charges>
      <MaxCharges>0</MaxCharges>
      <MaxDurability>100</MaxDurability>
      <ArmorBash>3</ArmorBash>
      <ArmorSlash>4</ArmorSlash>
      <ArmorPierce>4</ArmorPierce>
      <ArmorExotic>10</ArmorExotic>
      <ExtraDescriptions />
    </Item>
    <Item>
      <VNum>23237</VNum>
      <Name>blue key</Name>
      <ShortDescription>a blue key</ShortDescription>
      <LongDescription>A key of some strange blue material is here.</LongDescription>
      <Description></Description>
      <Level>0</Level>
      <WeaponDamageType>none</WeaponDamageType>
      <WeaponType>None</WeaponType>
      <DiceSides>1</DiceSides>
      <DiceCount>1</DiceCount>
      <DiceBonus>1</DiceBonus>
      <Weight>1</Weight>
      <WearFlags>Take Hold</WearFlags>
      <ExtraFlags></ExtraFlags>
      <ItemTypes>Key</ItemTypes>
      <Affects />
      <Silver>0</Silver>
      <Gold>0</Gold>
      <Cost>0</Cost>
      <Nutrition>0</Nutrition>
      <Liquid></Liquid>
      <MaxWeight>0</MaxWeight>
      <Material>steel</Material>
      <Charges>0</Charges>
      <MaxCharges>0</MaxCharges>
      <MaxDurability>100</MaxDurability>
      <ArmorBash>0</ArmorBash>
      <ArmorSlash>0</ArmorSlash>
      <ArmorPierce>0</ArmorPierce>
      <ArmorExotic>0</ArmorExotic>
      <ExtraDescriptions />
    </Item>
    <Item>
      <VNum>23238</VNum>
      <Name>gold ring wizardry</Name>
      <ShortDescription>a ring of wizardry</ShortDescription>
      <LongDescription>A shiny golden ring is on the ground.</LongDescription>
      <Description></Description>
      <Level>45</Level>
      <WeaponDamageType>none</WeaponDamageType>
      <WeaponType>None</WeaponType>
      <DiceSides>1</DiceSides>
      <DiceCount>1</DiceCount>
      <DiceBonus>1</DiceBonus>
      <Weight>1</Weight>
      <WearFlags>Take Finger</WearFlags>
      <ExtraFlags>Invis Magic</ExtraFlags>
      <ItemTypes>Armor</ItemTypes>
      <Affects>
        <Affect where="ToObject" level="0" duration="-1" location="Intelligence" modifier="2" hidden="False" affectType="Spell">
          <ExtraState />
        </Affect>
        <Affect where="ToObject" level="0" duration="-1" location="Wisdom" modifier="2" hidden="False" affectType="Spell">
          <ExtraState />
        </Affect>
        <Affect where="ToObject" level="0" duration="-1" location="Mana" modifier="30" hidden="False" affectType="Spell">
          <ExtraState />
        </Affect>
      </Affects>
      <Silver>0</Silver>
      <Gold>0</Gold>
      <Cost>43000</Cost>
      <Nutrition>0</Nutrition>
      <Liquid></Liquid>
      <MaxWeight>0</MaxWeight>
      <Material>gold</Material>
      <Charges>0</Charges>
      <MaxCharges>0</MaxCharges>
      <MaxDurability>100</MaxDurability>
      <ArmorBash>3</ArmorBash>
      <ArmorSlash>4</ArmorSlash>
      <ArmorPierce>4</ArmorPierce>
      <ArmorExotic>10</ArmorExotic>
      <ExtraDescriptions />
    </Item>
  </Items>
  <Resets>
    <Reset Type="NPC" Destination="23232" Count="1" Max="6" Vnum="23230">
      <!--Spawn a spirit mage to A room bathed in blue light-->
    </Reset>
    <Reset Type="NPC" Destination="23234" Count="1" Max="6" Vnum="23230">
      <!--Spawn a spirit mage to A room bathed in blue light-->
    </Reset>
    <Reset Type="NPC" Destination="23236" Count="1" Max="6" Vnum="23230">
      <!--Spawn a spirit mage to A room bathed in blue light-->
    </Reset>
    <Reset Type="NPC" Destination="23237" Count="1" Max="6" Vnum="23230">
      <!--Spawn a spirit mage to A room bathed in blue light-->
    </Reset>
    <Reset Type="NPC" Destination="23238" Count="1" Max="6" Vnum="23230">
      <!--Spawn a spirit mage to A room bathed in blue light-->
    </Reset>
    <Reset Type="NPC" Destination="23239" Count="1" Max="6" Vnum="23230">
      <!--Spawn a spirit mage to A room bathed in blue light-->
    </Reset>
    <Reset Type="NPC" Destination="23242" Count="1" Max="4" Vnum="23231">
      <!--Spawn a ghost with a blue aura to Standing within a blinding blue light-->
    </Reset>
    <Reset Type="NPC" Destination="23244" Count="1" Max="4" Vnum="23231">
      <!--Spawn a ghost with a blue aura to Standing within a blinding blue light-->
    </Reset>
    <Reset Type="NPC" Destination="23246" Count="1" Max="4" Vnum="23231">
      <!--Spawn a ghost with a blue aura to Standing within a blinding blue light-->
    </Reset>
    <Reset Type="NPC" Destination="23248" Count="1" Max="4" Vnum="23231">
      <!--Spawn a ghost with a blue aura to Standing within a blinding blue light-->
    </Reset>
    <Reset Type="NPC" Destination="23253" Count="1" Max="1" Vnum="23232">
      <!--Spawn the elven lich archmage to Before the burning blue stairwell-->
    </Reset>
    <Reset Type="Equip" Destination="0" Count="0" Max="0" Vnum="23236">
      <!--Spawn a ring of wizardry to the elven lich archmage-->
    </Reset>
    <Reset Type="Equip" Destination="0" Count="0" Max="0" Vnum="23235">
      <!--Spawn (blue-green) a wand of spellfire to the elven lich archmage-->
    </Reset>
    <Reset Type="NPC" Destination="23254" Count="1" Max="4" Vnum="23234">
      <!--Spawn a satanic familiar to On a balcony wreathed in blue fire-->
    </Reset>
    <Reset Type="Give" Destination="0" Count="0" Max="0" Vnum="23237">
      <!--Spawn a blue key to a satanic familiar-->
    </Reset>
    <Reset Type="Equip" Destination="0" Count="0" Max="0" Vnum="23233">
      <!--Spawn a blue sapphire collar to a satanic familiar-->
    </Reset>
    <Reset Type="NPC" Destination="23255" Count="1" Max="1" Vnum="23233">
      <!--Spawn the witch queen of Myth Drannor to The Witch Queen's Watch-->
    </Reset>
    <Reset Type="Equip" Destination="0" Count="0" Max="0" Vnum="23238">
      <!--Spawn a ring of wizardry to the witch queen of Myth Drannor-->
    </Reset>
    <Reset Type="Equip" Destination="0" Count="0" Max="0" Vnum="23231">
      <!--Spawn a blue crystal tiara to the witch queen of Myth Drannor-->
    </Reset>
    <Reset Type="Equip" Destination="0" Count="0" Max="0" Vnum="23232">
      <!--Spawn a blue-ice dagger to the witch queen of Myth Drannor-->
    </Reset>
    <Reset Type="Give" Destination="0" Count="0" Max="0" Vnum="23230">
      <!--Spawn a blue tinted seal to the witch queen of Myth Drannor-->
    </Reset>
  </Resets>
</Area>