﻿<?xml version="1.0" encoding="utf-8"?>
<Area>
  <AreaData>
    <Name>The Western Plains</Name>
    <Info></Info>
    <VnumStart>51200</VnumStart>
    <VnumEnd>51399</VnumEnd>
    <MinimumLevel>0</MinimumLevel>
    <MaximumLevel>1</MaximumLevel>
    <Builders></Builders>
    <Security>0</Security>
    <Credits></Credits>
    <Continent>Mainland</Continent>
    <OverRoomVnum>101018</OverRoomVnum>
  </AreaData>
  <Rooms>
    <Room>
      <VNum>51200</VNum>
      <Name>The Western Plains</Name>
      <Description>The great plain stretches out before you, a sea of waving grasses undulating in the wind. The land is flat and expansive, dotted here and there with clusters of hardy trees and scrub. In the distance, sweeping bluffs rise up, their rugged cliffs and cliffs etched against the sky. The bluffs tower high above the plain, casting deep shadows over the grass below. Their craggy faces are etched with deep furrows and crevices, a testament to the relentless forces of nature that have shaped them over countless years.</Description>
      <Sector>Hills</Sector>
      <Flags></Flags>
      <Exits>
        <Exit>
          <Direction>North</Direction>
          <Destination>316</Destination>
          <Display>the door north</Display>
          <Keywords></Keywords>
          <Description></Description>
          <Flags></Flags>
          <Keys></Keys>
          <ExitSize>Giant</ExitSize>
        </Exit>
        <Exit>
          <Direction>East</Direction>
          <Destination>40734</Destination>
          <Display>the door east</Display>
          <Keywords></Keywords>
          <Description></Description>
          <Flags></Flags>
          <Keys></Keys>
          <ExitSize>Giant</ExitSize>
        </Exit>
        <Exit>
          <Direction>South</Direction>
          <Destination>51201</Destination>
          <Display>the door south</Display>
          <Keywords></Keywords>
          <Description></Description>
          <Flags></Flags>
          <Keys></Keys>
          <ExitSize>Giant</ExitSize>
        </Exit>
      </Exits>
      <ExtraDescriptions />
    </Room>
    <Room>
      <VNum>51201</VNum>
      <Name>The Western Plains</Name>
      <Description>The great plain stretches out before you, a sea of waving grasses undulating in the wind. The land is flat and expansive, dotted here and there with clusters of hardy trees and scrub. In the distance, sweeping bluffs rise up, their rugged cliffs and cliffs etched against the sky. The bluffs tower high above the plain, casting deep shadows over the grass below. Their craggy faces are etched with deep furrows and crevices, a testament to the relentless forces of nature that have shaped them over countless years.</Description>
      <Sector>Hills</Sector>
      <Flags></Flags>
      <Exits>
        <Exit>
          <Direction>North</Direction>
          <Destination>51200</Destination>
          <Display>the door north</Display>
          <Keywords></Keywords>
          <Description></Description>
          <Flags></Flags>
          <Keys></Keys>
          <ExitSize>Giant</ExitSize>
        </Exit>
        <Exit>
          <Direction>East</Direction>
          <Destination>40733</Destination>
          <Display>the door east</Display>
          <Keywords></Keywords>
          <Description></Description>
          <Flags></Flags>
          <Keys></Keys>
          <ExitSize>Giant</ExitSize>
        </Exit>
        <Exit>
          <Direction>South</Direction>
          <Destination>51202</Destination>
          <Display>the door south</Display>
          <Keywords></Keywords>
          <Description></Description>
          <Flags></Flags>
          <Keys></Keys>
          <ExitSize>Giant</ExitSize>
        </Exit>
      </Exits>
      <ExtraDescriptions />
    </Room>
    <Room>
      <VNum>51202</VNum>
      <Name>The Western Plains</Name>
      <Description>The great plain stretches out before you, a sea of waving grasses undulating in the wind. The land is flat and expansive, dotted here and there with clusters of hardy trees and scrub. In the distance, sweeping bluffs rise up, their rugged cliffs and cliffs etched against the sky. The bluffs tower high above the plain, casting deep shadows over the grass below. Their craggy faces are etched with deep furrows and crevices, a testament to the relentless forces of nature that have shaped them over countless years.</Description>
      <Sector>Hills</Sector>
      <Flags></Flags>
      <Exits>
        <Exit>
          <Direction>North</Direction>
          <Destination>51201</Destination>
          <Display>the door north</Display>
          <Keywords></Keywords>
          <Description></Description>
          <Flags></Flags>
          <Keys></Keys>
          <ExitSize>Giant</ExitSize>
        </Exit>
        <Exit>
          <Direction>East</Direction>
          <Destination>40732</Destination>
          <Display>the door east</Display>
          <Keywords></Keywords>
          <Description></Description>
          <Flags></Flags>
          <Keys></Keys>
          <ExitSize>Giant</ExitSize>
        </Exit>
        <Exit>
          <Direction>South</Direction>
          <Destination>51203</Destination>
          <Display>the door south</Display>
          <Keywords></Keywords>
          <Description></Description>
          <Flags></Flags>
          <Keys></Keys>
          <ExitSize>Giant</ExitSize>
        </Exit>
      </Exits>
      <ExtraDescriptions />
    </Room>
    <Room>
      <VNum>51203</VNum>
      <Name>The Western Plains</Name>
      <Description>The great plain stretches out before you, a sea of waving grasses undulating in the wind. The land is flat and expansive, dotted here and there with clusters of hardy trees and scrub. In the distance, sweeping bluffs rise up, their rugged cliffs and cliffs etched against the sky. The bluffs tower high above the plain, casting deep shadows over the grass below. Their craggy faces are etched with deep furrows and crevices, a testament to the relentless forces of nature that have shaped them over countless years.</Description>
      <Sector>Hills</Sector>
      <Flags></Flags>
      <Exits>
        <Exit>
          <Direction>North</Direction>
          <Destination>51202</Destination>
          <Display>the door north</Display>
          <Keywords></Keywords>
          <Description></Description>
          <Flags></Flags>
          <Keys></Keys>
          <ExitSize>Giant</ExitSize>
        </Exit>
        <Exit>
          <Direction>East</Direction>
          <Destination>40731</Destination>
          <Display>the door east</Display>
          <Keywords></Keywords>
          <Description></Description>
          <Flags></Flags>
          <Keys></Keys>
          <ExitSize>Giant</ExitSize>
        </Exit>
        <Exit>
          <Direction>South</Direction>
          <Destination>51204</Destination>
          <Display>the door south</Display>
          <Keywords></Keywords>
          <Description></Description>
          <Flags></Flags>
          <Keys></Keys>
          <ExitSize>Giant</ExitSize>
        </Exit>
        <Exit>
          <Direction>West</Direction>
          <Destination>51226</Destination>
          <Display>the door west</Display>
          <Keywords></Keywords>
          <Description></Description>
          <Flags></Flags>
          <Keys></Keys>
          <ExitSize>Giant</ExitSize>
        </Exit>
      </Exits>
      <ExtraDescriptions />
    </Room>
    <Room>
      <VNum>51204</VNum>
      <Name>The Western Plains</Name>
      <Description>The great plain stretches out before you, a sea of waving grasses undulating in the wind. The land is flat and expansive, dotted here and there with clusters of hardy trees and scrub. In the distance, sweeping bluffs rise up, their rugged cliffs and cliffs etched against the sky. The bluffs tower high above the plain, casting deep shadows over the grass below. Their craggy faces are etched with deep furrows and crevices, a testament to the relentless forces of nature that have shaped them over countless years.</Description>
      <Sector>Hills</Sector>
      <Flags></Flags>
      <Exits>
        <Exit>
          <Direction>North</Direction>
          <Destination>51203</Destination>
          <Display>the door north</Display>
          <Keywords></Keywords>
          <Description></Description>
          <Flags></Flags>
          <Keys></Keys>
          <ExitSize>Giant</ExitSize>
        </Exit>
        <Exit>
          <Direction>East</Direction>
          <Destination>40730</Destination>
          <Display>the door east</Display>
          <Keywords></Keywords>
          <Description></Description>
          <Flags></Flags>
          <Keys></Keys>
          <ExitSize>Giant</ExitSize>
        </Exit>
        <Exit>
          <Direction>South</Direction>
          <Destination>51205</Destination>
          <Display>the door south</Display>
          <Keywords></Keywords>
          <Description></Description>
          <Flags></Flags>
          <Keys></Keys>
          <ExitSize>Giant</ExitSize>
        </Exit>
        <Exit>
          <Direction>West</Direction>
          <Destination>51225</Destination>
          <Display>the door west</Display>
          <Keywords></Keywords>
          <Description></Description>
          <Flags></Flags>
          <Keys></Keys>
          <ExitSize>Giant</ExitSize>
        </Exit>
      </Exits>
      <ExtraDescriptions />
    </Room>
    <Room>
      <VNum>51205</VNum>
      <Name>The Western Plains</Name>
      <Description>The great plain stretches out before you, a sea of waving grasses undulating in the wind. The land is flat and expansive, dotted here and there with clusters of hardy trees and scrub. In the distance, sweeping bluffs rise up, their rugged cliffs and cliffs etched against the sky. The bluffs tower high above the plain, casting deep shadows over the grass below. Their craggy faces are etched with deep furrows and crevices, a testament to the relentless forces of nature that have shaped them over countless years.</Description>
      <Sector>Hills</Sector>
      <Flags></Flags>
      <Exits>
        <Exit>
          <Direction>North</Direction>
          <Destination>51204</Destination>
          <Display>the door north</Display>
          <Keywords></Keywords>
          <Description></Description>
          <Flags></Flags>
          <Keys></Keys>
          <ExitSize>Giant</ExitSize>
        </Exit>
        <Exit>
          <Direction>East</Direction>
          <Destination>40729</Destination>
          <Display>the door east</Display>
          <Keywords></Keywords>
          <Description></Description>
          <Flags></Flags>
          <Keys></Keys>
          <ExitSize>Giant</ExitSize>
        </Exit>
        <Exit>
          <Direction>South</Direction>
          <Destination>51206</Destination>
          <Display>the door south</Display>
          <Keywords></Keywords>
          <Description></Description>
          <Flags></Flags>
          <Keys></Keys>
          <ExitSize>Giant</ExitSize>
        </Exit>
        <Exit>
          <Direction>West</Direction>
          <Destination>51224</Destination>
          <Display>the door west</Display>
          <Keywords></Keywords>
          <Description></Description>
          <Flags></Flags>
          <Keys></Keys>
          <ExitSize>Giant</ExitSize>
        </Exit>
      </Exits>
      <ExtraDescriptions />
    </Room>
    <Room>
      <VNum>51206</VNum>
      <Name>The Western Plains</Name>
      <Description>The great plain stretches out before you, a sea of waving grasses undulating in the wind. The land is flat and expansive, dotted here and there with clusters of hardy trees and scrub. In the distance, sweeping bluffs rise up, their rugged cliffs and cliffs etched against the sky. The bluffs tower high above the plain, casting deep shadows over the grass below. Their craggy faces are etched with deep furrows and crevices, a testament to the relentless forces of nature that have shaped them over countless years.</Description>
      <Sector>Hills</Sector>
      <Flags></Flags>
      <Exits>
        <Exit>
          <Direction>North</Direction>
          <Destination>51205</Destination>
          <Display>the door north</Display>
          <Keywords></Keywords>
          <Description></Description>
          <Flags></Flags>
          <Keys></Keys>
          <ExitSize>Giant</ExitSize>
        </Exit>
        <Exit>
          <Direction>East</Direction>
          <Destination>40728</Destination>
          <Display>the door east</Display>
          <Keywords></Keywords>
          <Description></Description>
          <Flags></Flags>
          <Keys></Keys>
          <ExitSize>Giant</ExitSize>
        </Exit>
        <Exit>
          <Direction>South</Direction>
          <Destination>51207</Destination>
          <Display>the door south</Display>
          <Keywords></Keywords>
          <Description></Description>
          <Flags></Flags>
          <Keys></Keys>
          <ExitSize>Giant</ExitSize>
        </Exit>
        <Exit>
          <Direction>West</Direction>
          <Destination>51223</Destination>
          <Display>the door west</Display>
          <Keywords></Keywords>
          <Description></Description>
          <Flags></Flags>
          <Keys></Keys>
          <ExitSize>Giant</ExitSize>
        </Exit>
      </Exits>
      <ExtraDescriptions />
    </Room>
    <Room>
      <VNum>51207</VNum>
      <Name>The Western Plains</Name>
      <Description>The great plain stretches out before you, a sea of waving grasses undulating in the wind. The land is flat and expansive, dotted here and there with clusters of hardy trees and scrub. In the distance, sweeping bluffs rise up, their rugged cliffs and cliffs etched against the sky. The bluffs tower high above the plain, casting deep shadows over the grass below. Their craggy faces are etched with deep furrows and crevices, a testament to the relentless forces of nature that have shaped them over countless years.</Description>
      <Sector>Hills</Sector>
      <Flags></Flags>
      <Exits>
        <Exit>
          <Direction>North</Direction>
          <Destination>51206</Destination>
          <Display>the door north</Display>
          <Keywords></Keywords>
          <Description></Description>
          <Flags></Flags>
          <Keys></Keys>
          <ExitSize>Giant</ExitSize>
        </Exit>
        <Exit>
          <Direction>East</Direction>
          <Destination>40727</Destination>
          <Display>the door east</Display>
          <Keywords></Keywords>
          <Description></Description>
          <Flags></Flags>
          <Keys></Keys>
          <ExitSize>Giant</ExitSize>
        </Exit>
        <Exit>
          <Direction>South</Direction>
          <Destination>51208</Destination>
          <Display>the door south</Display>
          <Keywords></Keywords>
          <Description></Description>
          <Flags></Flags>
          <Keys></Keys>
          <ExitSize>Giant</ExitSize>
        </Exit>
        <Exit>
          <Direction>West</Direction>
          <Destination>51222</Destination>
          <Display>the door west</Display>
          <Keywords></Keywords>
          <Description></Description>
          <Flags></Flags>
          <Keys></Keys>
          <ExitSize>Giant</ExitSize>
        </Exit>
      </Exits>
      <ExtraDescriptions />
    </Room>
    <Room>
      <VNum>51208</VNum>
      <Name>The Western Plains</Name>
      <Description>The great plain stretches out before you, a sea of waving grasses undulating in the wind. The land is flat and expansive, dotted here and there with clusters of hardy trees and scrub. In the distance, sweeping bluffs rise up, their rugged cliffs and cliffs etched against the sky. The bluffs tower high above the plain, casting deep shadows over the grass below. Their craggy faces are etched with deep furrows and crevices, a testament to the relentless forces of nature that have shaped them over countless years.</Description>
      <Sector>Hills</Sector>
      <Flags></Flags>
      <Exits>
        <Exit>
          <Direction>North</Direction>
          <Destination>51207</Destination>
          <Display>the door north</Display>
          <Keywords></Keywords>
          <Description></Description>
          <Flags></Flags>
          <Keys></Keys>
          <ExitSize>Giant</ExitSize>
        </Exit>
        <Exit>
          <Direction>East</Direction>
          <Destination>40726</Destination>
          <Display>the door east</Display>
          <Keywords></Keywords>
          <Description></Description>
          <Flags></Flags>
          <Keys></Keys>
          <ExitSize>Giant</ExitSize>
        </Exit>
        <Exit>
          <Direction>South</Direction>
          <Destination>51209</Destination>
          <Display>the door south</Display>
          <Keywords></Keywords>
          <Description></Description>
          <Flags></Flags>
          <Keys></Keys>
          <ExitSize>Giant</ExitSize>
        </Exit>
        <Exit>
          <Direction>West</Direction>
          <Destination>51221</Destination>
          <Display>the door west</Display>
          <Keywords></Keywords>
          <Description></Description>
          <Flags></Flags>
          <Keys></Keys>
          <ExitSize>Giant</ExitSize>
        </Exit>
      </Exits>
      <ExtraDescriptions />
    </Room>
    <Room>
      <VNum>51209</VNum>
      <Name>The Western Plains</Name>
      <Description>The great plain stretches out before you, a sea of waving grasses undulating in the wind. The land is flat and expansive, dotted here and there with clusters of hardy trees and scrub. In the distance, sweeping bluffs rise up, their rugged cliffs and cliffs etched against the sky. The bluffs tower high above the plain, casting deep shadows over the grass below. Their craggy faces are etched with deep furrows and crevices, a testament to the relentless forces of nature that have shaped them over countless years.</Description>
      <Sector>Hills</Sector>
      <Flags></Flags>
      <Exits>
        <Exit>
          <Direction>North</Direction>
          <Destination>51208</Destination>
          <Display>the door north</Display>
          <Keywords></Keywords>
          <Description></Description>
          <Flags></Flags>
          <Keys></Keys>
          <ExitSize>Giant</ExitSize>
        </Exit>
        <Exit>
          <Direction>East</Direction>
          <Destination>40725</Destination>
          <Display>the door east</Display>
          <Keywords></Keywords>
          <Description></Description>
          <Flags></Flags>
          <Keys></Keys>
          <ExitSize>Giant</ExitSize>
        </Exit>
        <Exit>
          <Direction>South</Direction>
          <Destination>51210</Destination>
          <Display>the door south</Display>
          <Keywords></Keywords>
          <Description></Description>
          <Flags></Flags>
          <Keys></Keys>
          <ExitSize>Giant</ExitSize>
        </Exit>
        <Exit>
          <Direction>West</Direction>
          <Destination>51220</Destination>
          <Display>the door west</Display>
          <Keywords></Keywords>
          <Description></Description>
          <Flags></Flags>
          <Keys></Keys>
          <ExitSize>Giant</ExitSize>
        </Exit>
      </Exits>
      <ExtraDescriptions />
    </Room>
    <Room>
      <VNum>51210</VNum>
      <Name>The Western Plains</Name>
      <Description>The great plain stretches out before you, a sea of waving grasses undulating in the wind. The land is flat and expansive, dotted here and there with clusters of hardy trees and scrub. In the distance, sweeping bluffs rise up, their rugged cliffs and cliffs etched against the sky. The bluffs tower high above the plain, casting deep shadows over the grass below. Their craggy faces are etched with deep furrows and crevices, a testament to the relentless forces of nature that have shaped them over countless years.</Description>
      <Sector>Hills</Sector>
      <Flags></Flags>
      <Exits>
        <Exit>
          <Direction>North</Direction>
          <Destination>51209</Destination>
          <Display>the door north</Display>
          <Keywords></Keywords>
          <Description></Description>
          <Flags></Flags>
          <Keys></Keys>
          <ExitSize>Giant</ExitSize>
        </Exit>
        <Exit>
          <Direction>East</Direction>
          <Destination>40724</Destination>
          <Display>the door east</Display>
          <Keywords></Keywords>
          <Description></Description>
          <Flags></Flags>
          <Keys></Keys>
          <ExitSize>Giant</ExitSize>
        </Exit>
        <Exit>
          <Direction>South</Direction>
          <Destination>51211</Destination>
          <Display>the door south</Display>
          <Keywords></Keywords>
          <Description></Description>
          <Flags></Flags>
          <Keys></Keys>
          <ExitSize>Giant</ExitSize>
        </Exit>
        <Exit>
          <Direction>West</Direction>
          <Destination>51219</Destination>
          <Display>the door west</Display>
          <Keywords></Keywords>
          <Description></Description>
          <Flags></Flags>
          <Keys></Keys>
          <ExitSize>Giant</ExitSize>
        </Exit>
      </Exits>
      <ExtraDescriptions />
    </Room>
    <Room>
      <VNum>51211</VNum>
      <Name>The Western Plains</Name>
      <Description>The great plain stretches out before you, a sea of waving grasses undulating in the wind. The land is flat and expansive, dotted here and there with clusters of hardy trees and scrub. In the distance, sweeping bluffs rise up, their rugged cliffs and cliffs etched against the sky. The bluffs tower high above the plain, casting deep shadows over the grass below. Their craggy faces are etched with deep furrows and crevices, a testament to the relentless forces of nature that have shaped them over countless years.</Description>
      <Sector>Hills</Sector>
      <Flags></Flags>
      <Exits>
        <Exit>
          <Direction>North</Direction>
          <Destination>51210</Destination>
          <Display>the door north</Display>
          <Keywords></Keywords>
          <Description></Description>
          <Flags></Flags>
          <Keys></Keys>
          <ExitSize>Giant</ExitSize>
        </Exit>
        <Exit>
          <Direction>East</Direction>
          <Destination>40723</Destination>
          <Display>the door east</Display>
          <Keywords></Keywords>
          <Description></Description>
          <Flags></Flags>
          <Keys></Keys>
          <ExitSize>Giant</ExitSize>
        </Exit>
        <Exit>
          <Direction>South</Direction>
          <Destination>51212</Destination>
          <Display>the door south</Display>
          <Keywords></Keywords>
          <Description></Description>
          <Flags></Flags>
          <Keys></Keys>
          <ExitSize>Giant</ExitSize>
        </Exit>
        <Exit>
          <Direction>West</Direction>
          <Destination>51218</Destination>
          <Display>the door west</Display>
          <Keywords></Keywords>
          <Description></Description>
          <Flags></Flags>
          <Keys></Keys>
          <ExitSize>Giant</ExitSize>
        </Exit>
      </Exits>
      <ExtraDescriptions />
    </Room>
    <Room>
      <VNum>51212</VNum>
      <Name>The Western Plains</Name>
      <Description>The great plain stretches out before you, a sea of waving grasses undulating in the wind. The land is flat and expansive, dotted here and there with clusters of hardy trees and scrub. In the distance, sweeping bluffs rise up, their rugged cliffs and cliffs etched against the sky. The bluffs tower high above the plain, casting deep shadows over the grass below. Their craggy faces are etched with deep furrows and crevices, a testament to the relentless forces of nature that have shaped them over countless years.</Description>
      <Sector>Hills</Sector>
      <Flags></Flags>
      <Exits>
        <Exit>
          <Direction>North</Direction>
          <Destination>51211</Destination>
          <Display>the door north</Display>
          <Keywords></Keywords>
          <Description></Description>
          <Flags></Flags>
          <Keys></Keys>
          <ExitSize>Giant</ExitSize>
        </Exit>
        <Exit>
          <Direction>East</Direction>
          <Destination>40722</Destination>
          <Display>the door east</Display>
          <Keywords></Keywords>
          <Description></Description>
          <Flags></Flags>
          <Keys></Keys>
          <ExitSize>Giant</ExitSize>
        </Exit>
        <Exit>
          <Direction>South</Direction>
          <Destination>51213</Destination>
          <Display>the door south</Display>
          <Keywords></Keywords>
          <Description></Description>
          <Flags></Flags>
          <Keys></Keys>
          <ExitSize>Giant</ExitSize>
        </Exit>
        <Exit>
          <Direction>West</Direction>
          <Destination>51217</Destination>
          <Display>the door west</Display>
          <Keywords></Keywords>
          <Description></Description>
          <Flags></Flags>
          <Keys></Keys>
          <ExitSize>Giant</ExitSize>
        </Exit>
      </Exits>
      <ExtraDescriptions />
    </Room>
    <Room>
      <VNum>51213</VNum>
      <Name>The Western Plains</Name>
      <Description>The great plain stretches out before you, a sea of waving grasses undulating in the wind. The land is flat and expansive, dotted here and there with clusters of hardy trees and scrub. In the distance, sweeping bluffs rise up, their rugged cliffs and cliffs etched against the sky. The bluffs tower high above the plain, casting deep shadows over the grass below. Their craggy faces are etched with deep furrows and crevices, a testament to the relentless forces of nature that have shaped them over countless years.</Description>
      <Sector>Hills</Sector>
      <Flags></Flags>
      <Exits>
        <Exit>
          <Direction>North</Direction>
          <Destination>51212</Destination>
          <Display>the door north</Display>
          <Keywords></Keywords>
          <Description></Description>
          <Flags></Flags>
          <Keys></Keys>
          <ExitSize>Giant</ExitSize>
        </Exit>
        <Exit>
          <Direction>East</Direction>
          <Destination>40721</Destination>
          <Display>the door east</Display>
          <Keywords></Keywords>
          <Description></Description>
          <Flags></Flags>
          <Keys></Keys>
          <ExitSize>Giant</ExitSize>
        </Exit>
        <Exit>
          <Direction>South</Direction>
          <Destination>51214</Destination>
          <Display>the door south</Display>
          <Keywords></Keywords>
          <Description></Description>
          <Flags></Flags>
          <Keys></Keys>
          <ExitSize>Giant</ExitSize>
        </Exit>
        <Exit>
          <Direction>West</Direction>
          <Destination>51216</Destination>
          <Display>the door west</Display>
          <Keywords></Keywords>
          <Description></Description>
          <Flags></Flags>
          <Keys></Keys>
          <ExitSize>Giant</ExitSize>
        </Exit>
      </Exits>
      <ExtraDescriptions />
    </Room>
    <Room>
      <VNum>51214</VNum>
      <Name>Gallow Hill</Name>
      <Description>A hill rises from the surrounding landscape, its crest crowned with the ominous silhouette of a gallows. The wooden structure stands tall and imposing, its beams and crossbeams dark against the sky. The platform at the top of the gallows is empty, its rough-hewn planks worn smooth by the footsteps of countless condemned prisoners who took their final steps there. Rope nooses dangle in the gentle breeze, the frayed ends swaying back and forth.</Description>
      <Sector>Hills</Sector>
      <Flags></Flags>
      <Exits>
        <Exit>
          <Direction>North</Direction>
          <Destination>51213</Destination>
          <Display>the door north</Display>
          <Keywords></Keywords>
          <Description></Description>
          <Flags></Flags>
          <Keys></Keys>
          <ExitSize>Giant</ExitSize>
        </Exit>
        <Exit>
          <Direction>East</Direction>
          <Destination>40720</Destination>
          <Display>the door east</Display>
          <Keywords></Keywords>
          <Description></Description>
          <Flags></Flags>
          <Keys></Keys>
          <ExitSize>Giant</ExitSize>
        </Exit>
        <Exit>
          <Direction>South</Direction>
          <Destination>50100</Destination>
          <Display>the door south</Display>
          <Keywords></Keywords>
          <Description></Description>
          <Flags></Flags>
          <Keys></Keys>
          <ExitSize>Giant</ExitSize>
        </Exit>
        <Exit>
          <Direction>West</Direction>
          <Destination>51215</Destination>
          <Display>the door west</Display>
          <Keywords></Keywords>
          <Description></Description>
          <Flags></Flags>
          <Keys></Keys>
          <ExitSize>Giant</ExitSize>
        </Exit>
      </Exits>
      <ExtraDescriptions />
    </Room>
  </Rooms>
  <NPCs />
  <Items />
  <Resets />
</Area>