﻿<?xml version="1.0" encoding="utf-8"?>
<Area>
  <AreaData>
    <Name>Urtazi</Name>
    <Info></Info>
    <VnumStart>13300</VnumStart>
    <VnumEnd>13399</VnumEnd>
    <MinimumLevel>45</MinimumLevel>
    <MaximumLevel>51</MaximumLevel>
    <Builders></Builders>
    <Security>0</Security>
    <Credits>Aino  Ur'Tazi</Credits>
    <Continent>Mainland</Continent>
    <OverRoomVnum>0</OverRoomVnum>
  </AreaData>
  <Rooms>
    <Room>
      <VNum>13300</VNum>
      <Name>Before a massive cave, on the mountainside</Name>
      <Description>Barely managing to climb the enormous mountainside, you seem to stumble
on to a large creation, set in cold stone. Before you is a magnificent
sight, a massive hole has been torn into the rock face of this mountain,
forming a dark cave. The foliage which surrounds the mountain seems to be
parted and destroyed around the cave, giving it an eerie, bare appearance.</Description>
      <Sector>Inside</Sector>
      <Flags>Dark</Flags>
      <Exits>
        <Exit>
          <Direction>North</Direction>
          <Destination>13301</Destination>
          <Display>the door north</Display>
          <Keywords></Keywords>
          <Description></Description>
          <Flags></Flags>
          <Keys>0</Keys>
          <ExitSize>Giant</ExitSize>
        </Exit>
        <Exit>
          <Direction>South</Direction>
          <Destination>16094</Destination>
          <Display>the door south</Display>
          <Keywords></Keywords>
          <Description></Description>
          <Flags></Flags>
          <Keys>0</Keys>
          <ExitSize>Giant</ExitSize>
        </Exit>
      </Exits>
      <ExtraDescriptions />
    </Room>
    <Room>
      <VNum>13301</VNum>
      <Name>Within a slightly-lit cave</Name>
      <Description>Small rays of sunlight beam in from the south, shedding light to a small
portion of the cave. The rocks here range from a smooth gray to a slightly
dusted black color. Though not a single drop of moisture can be seen along
the walls. The ground below your feet is rather rough, it is quite obvious
that few, if any men, have passed through here recently. The tunnel
continues to the north, and exits to the south.</Description>
      <Sector>Inside</Sector>
      <Flags>NoMob</Flags>
      <Exits>
        <Exit>
          <Direction>North</Direction>
          <Destination>13302</Destination>
          <Display>the door north</Display>
          <Keywords></Keywords>
          <Description></Description>
          <Flags></Flags>
          <Keys>0</Keys>
          <ExitSize>Giant</ExitSize>
        </Exit>
        <Exit>
          <Direction>South</Direction>
          <Destination>13300</Destination>
          <Display>the door south</Display>
          <Keywords></Keywords>
          <Description></Description>
          <Flags></Flags>
          <Keys>0</Keys>
          <ExitSize>Giant</ExitSize>
        </Exit>
      </Exits>
      <ExtraDescriptions />
    </Room>
    <Room>
      <VNum>13302</VNum>
      <Name>Within a dark cave</Name>
      <Description>It's pitch-black in here, and the only faint bit of light you can see,
shines from the south. The rocks are almost undetectable, but carry the
same texture and color, a smooth pale gray, to a dusted almost coal color.
Not a drop of moisture can be seen as these tunnels look very bare. The
tunnel continues to the north and south.</Description>
      <Sector>Inside</Sector>
      <Flags>Dark NoMob</Flags>
      <Exits>
        <Exit>
          <Direction>North</Direction>
          <Destination>13303</Destination>
          <Display>the door north</Display>
          <Keywords></Keywords>
          <Description></Description>
          <Flags></Flags>
          <Keys>0</Keys>
          <ExitSize>Giant</ExitSize>
        </Exit>
        <Exit>
          <Direction>South</Direction>
          <Destination>13301</Destination>
          <Display>the door south</Display>
          <Keywords></Keywords>
          <Description></Description>
          <Flags></Flags>
          <Keys>0</Keys>
          <ExitSize>Giant</ExitSize>
        </Exit>
      </Exits>
      <ExtraDescriptions />
    </Room>
    <Room>
      <VNum>13303</VNum>
      <Name>Before a small intersection, within a dark cave</Name>
      <Description>Not a strand of light is here, though you begin to feel as though you
are being watched in the cold, dark cave. At times, you seem to hear a
whisper or chuckle, though it all sounds so faint, that it seems like your
mind is playing tricks on you. The rocks around here are a bit darker in
shade then the one's seen before the entrance of the cave. As you feel the
cold, rock surface, you seem to spot a small marking on the wall of the rock
face, it's small in design, below it point two arrows, one to the east, and
the other to the west.</Description>
      <Sector>Inside</Sector>
      <Flags>Dark NoMob</Flags>
      <Exits>
        <Exit>
          <Direction>East</Direction>
          <Destination>13304</Destination>
          <Display>the door east</Display>
          <Keywords></Keywords>
          <Description></Description>
          <Flags></Flags>
          <Keys>0</Keys>
          <ExitSize>Giant</ExitSize>
        </Exit>
        <Exit>
          <Direction>South</Direction>
          <Destination>13302</Destination>
          <Display>the door south</Display>
          <Keywords></Keywords>
          <Description></Description>
          <Flags></Flags>
          <Keys>0</Keys>
          <ExitSize>Giant</ExitSize>
        </Exit>
      </Exits>
      <ExtraDescriptions />
    </Room>
    <Room>
      <VNum>13304</VNum>
      <Name>Along a thin tunnel, within a dark cave</Name>
      <Description>This tunnel is extremely thin, though much like the rest of the cave,
it's very high, the size of at least three adult human males. The ground
below you is a little smoother, leading you to believe that someone has been
through here recently. Twisted, jagged rocks protrude from the walls, it's
as through something is warning you, to pass no further.</Description>
      <Sector>Inside</Sector>
      <Flags>Dark NoMob</Flags>
      <Exits>
        <Exit>
          <Direction>East</Direction>
          <Destination>13305</Destination>
          <Display>the door east</Display>
          <Keywords></Keywords>
          <Description></Description>
          <Flags></Flags>
          <Keys>0</Keys>
          <ExitSize>Giant</ExitSize>
        </Exit>
        <Exit>
          <Direction>West</Direction>
          <Destination>13303</Destination>
          <Display>the door west</Display>
          <Keywords></Keywords>
          <Description></Description>
          <Flags></Flags>
          <Keys>0</Keys>
          <ExitSize>Giant</ExitSize>
        </Exit>
      </Exits>
      <ExtraDescriptions />
    </Room>
    <Room>
      <VNum>13305</VNum>
      <Name>Along a thin tunnel, within a dark cave</Name>
      <Description>This tunnel is extremely thin, though much like the rest of the cave,
it's very high, the size of at least three adult human males. The ground
below you is a little smoother, leading you to believe that someone has been
through here recently. The thin tunnel twists into a sudden curve, you may
go north deeper into the tunnel, or back west.</Description>
      <Sector>Inside</Sector>
      <Flags>Dark NoMob</Flags>
      <Exits>
        <Exit>
          <Direction>North</Direction>
          <Destination>13306</Destination>
          <Display>the door north</Display>
          <Keywords></Keywords>
          <Description></Description>
          <Flags></Flags>
          <Keys>0</Keys>
          <ExitSize>Giant</ExitSize>
        </Exit>
        <Exit>
          <Direction>West</Direction>
          <Destination>13304</Destination>
          <Display>the door west</Display>
          <Keywords></Keywords>
          <Description></Description>
          <Flags></Flags>
          <Keys>0</Keys>
          <ExitSize>Giant</ExitSize>
        </Exit>
      </Exits>
      <ExtraDescriptions />
    </Room>
    <Room>
      <VNum>13306</VNum>
      <Name>Along an odd tunnel, within a dark cave</Name>
      <Description>You stand along an odd tunnel, it's a complete semi-circle to every
extent. You can only imagine that some form of sorcery was used to shape
it. Dark rocks, all around you, seem to be taking on a reddish-hue. The
air around you seems quite humid. The tunnel continues to the north. To
the south, the tunnel begins to grow thinner.</Description>
      <Sector>Inside</Sector>
      <Flags>Dark NoMob</Flags>
      <Exits>
        <Exit>
          <Direction>North</Direction>
          <Destination>13307</Destination>
          <Display>the door north</Display>
          <Keywords></Keywords>
          <Description></Description>
          <Flags></Flags>
          <Keys>0</Keys>
          <ExitSize>Giant</ExitSize>
        </Exit>
        <Exit>
          <Direction>South</Direction>
          <Destination>13305</Destination>
          <Display>the door south</Display>
          <Keywords></Keywords>
          <Description></Description>
          <Flags></Flags>
          <Keys>0</Keys>
          <ExitSize>Giant</ExitSize>
        </Exit>
      </Exits>
      <ExtraDescriptions />
    </Room>
    <Room>
      <VNum>13307</VNum>
      <Name>Along an odd tunnel, within a cave</Name>
      <Description>You stand along an odd tunnel, it's a complete semi-circle to every
extent. You can only imagine that some form of sorcery was used to shape
it. Dark rocks, all around you, seem to be taking on a reddish-hue. The
air around you seems quite humid. The tunnel continues to the north and
south.</Description>
      <Sector>Inside</Sector>
      <Flags>Dark NoMob</Flags>
      <Exits>
        <Exit>
          <Direction>North</Direction>
          <Destination>13308</Destination>
          <Display>the door north</Display>
          <Keywords></Keywords>
          <Description></Description>
          <Flags></Flags>
          <Keys>0</Keys>
          <ExitSize>Giant</ExitSize>
        </Exit>
        <Exit>
          <Direction>South</Direction>
          <Destination>13306</Destination>
          <Display>the door south</Display>
          <Keywords></Keywords>
          <Description></Description>
          <Flags></Flags>
          <Keys>0</Keys>
          <ExitSize>Giant</ExitSize>
        </Exit>
      </Exits>
      <ExtraDescriptions />
    </Room>
    <Room>
      <VNum>13308</VNum>
      <Name>Before a sharp turn, in the dark cave</Name>
      <Description>You stand before a sharp turn in the tunnel. A large, jagged wall is
before you, it's entire surface marked with etchings of odd designs and
runes. The rocks here seem to take on a reddish hue, emitting the warm air
around you. Something eerie is about. You feel as though you are being
watched again. The tunnel twists to the east and heads back south.</Description>
      <Sector>Inside</Sector>
      <Flags>Dark NoMob</Flags>
      <Exits>
        <Exit>
          <Direction>East</Direction>
          <Destination>13309</Destination>
          <Display>the door east</Display>
          <Keywords></Keywords>
          <Description></Description>
          <Flags></Flags>
          <Keys>0</Keys>
          <ExitSize>Giant</ExitSize>
        </Exit>
        <Exit>
          <Direction>South</Direction>
          <Destination>13307</Destination>
          <Display>the door south</Display>
          <Keywords></Keywords>
          <Description></Description>
          <Flags></Flags>
          <Keys>0</Keys>
          <ExitSize>Giant</ExitSize>
        </Exit>
      </Exits>
      <ExtraDescriptions />
    </Room>
    <Room>
      <VNum>13309</VNum>
      <Name>Along a very small tunnel, in the dark cave</Name>
      <Description>Fit for only the smallest of creatures, this room forces anything taller
than an imp or sidhe to duck or crawl. Unlike the majority of the rocks
seen at the entrance of the cave, the rocks here emit a faint orange glow.
The tunnel stretches to the east and west.</Description>
      <Sector>Inside</Sector>
      <Flags>Dark NoMob</Flags>
      <Exits>
        <Exit>
          <Direction>East</Direction>
          <Destination>13310</Destination>
          <Display>the door east</Display>
          <Keywords></Keywords>
          <Description></Description>
          <Flags></Flags>
          <Keys>0</Keys>
          <ExitSize>Giant</ExitSize>
        </Exit>
        <Exit>
          <Direction>West</Direction>
          <Destination>13308</Destination>
          <Display>the door west</Display>
          <Keywords></Keywords>
          <Description></Description>
          <Flags></Flags>
          <Keys>0</Keys>
          <ExitSize>Giant</ExitSize>
        </Exit>
      </Exits>
      <ExtraDescriptions />
    </Room>
    <Room>
      <VNum>13310</VNum>
      <Name>Along a very small tunnel, in the dark cave</Name>
      <Description>This tunnel is fit for only the smallest of creatures, anything taller
than an imp or sidhe will be forced to duck or crawl. Unlike the majority of
rocks seen at the entrance of the cave, here they emit a faint orange glow.
To the northern wall of the tunnel, some rocks seem to be broken, chipped
and missing, leading you to believe that their may be something beyond the
obvious. The faint sound of water dripping, echoes from the east. The
tunnel continues to the east and west.</Description>
      <Sector>Inside</Sector>
      <Flags>Dark NoMob</Flags>
      <Exits>
        <Exit>
          <Direction>North</Direction>
          <Destination>13319</Destination>
          <Display>the door north</Display>
          <Keywords></Keywords>
          <Description></Description>
          <Flags></Flags>
          <Keys>0</Keys>
          <ExitSize>Giant</ExitSize>
        </Exit>
        <Exit>
          <Direction>East</Direction>
          <Destination>13311</Destination>
          <Display>the door east</Display>
          <Keywords></Keywords>
          <Description></Description>
          <Flags></Flags>
          <Keys>0</Keys>
          <ExitSize>Giant</ExitSize>
        </Exit>
        <Exit>
          <Direction>West</Direction>
          <Destination>13309</Destination>
          <Display>the door west</Display>
          <Keywords></Keywords>
          <Description></Description>
          <Flags></Flags>
          <Keys>0</Keys>
          <ExitSize>Giant</ExitSize>
        </Exit>
      </Exits>
      <ExtraDescriptions />
    </Room>
    <Room>
      <VNum>13311</VNum>
      <Name>A dark pool of water, before an enormous cavern</Name>
      <Description>A small stream of fresh, mountain water, trickles into a pool that has
been freshly dug into the eastern side of the wall. As the cold, fresh
water touches the pool it turns ebony. The walls of the cave are a deep,
warm, ebony... they are set in a intricate pattern along the southern
portion of the tunnel, circling around a massive hole, which leads into some
hideous cavern. Towards the south the faint sound of chuckling and laughter
can be heard.</Description>
      <Sector>Inside</Sector>
      <Flags>Dark NoMob</Flags>
      <Exits>
        <Exit>
          <Direction>South</Direction>
          <Destination>13312</Destination>
          <Display>the door south</Display>
          <Keywords></Keywords>
          <Description></Description>
          <Flags></Flags>
          <Keys>0</Keys>
          <ExitSize>Giant</ExitSize>
        </Exit>
        <Exit>
          <Direction>West</Direction>
          <Destination>13310</Destination>
          <Display>the door west</Display>
          <Keywords></Keywords>
          <Description></Description>
          <Flags></Flags>
          <Keys>0</Keys>
          <ExitSize>Giant</ExitSize>
        </Exit>
      </Exits>
      <ExtraDescriptions />
    </Room>
    <Room>
      <VNum>13312</VNum>
      <Name>Within a cavern</Name>
      <Description>Small, almost devilish creatures swarm about you, everywhere, they seem
to be quite unkempt... rags and trash, litter the ground. They seem to live
here with delight, painting strange, yet horrific images on the walls, some
of which depicting cities, being ravaged, which you recognize. These small
creatures seem to thrive in this cavern. The cavern continues to the east,
west, and east, though exits through the north.</Description>
      <Sector>Inside</Sector>
      <Flags>Dark NoMob</Flags>
      <Exits>
        <Exit>
          <Direction>North</Direction>
          <Destination>13311</Destination>
          <Display>the door north</Display>
          <Keywords></Keywords>
          <Description></Description>
          <Flags></Flags>
          <Keys>0</Keys>
          <ExitSize>Giant</ExitSize>
        </Exit>
        <Exit>
          <Direction>East</Direction>
          <Destination>13317</Destination>
          <Display>the door east</Display>
          <Keywords></Keywords>
          <Description></Description>
          <Flags></Flags>
          <Keys>0</Keys>
          <ExitSize>Giant</ExitSize>
        </Exit>
        <Exit>
          <Direction>South</Direction>
          <Destination>13315</Destination>
          <Display>the door south</Display>
          <Keywords></Keywords>
          <Description></Description>
          <Flags></Flags>
          <Keys>0</Keys>
          <ExitSize>Giant</ExitSize>
        </Exit>
        <Exit>
          <Direction>West</Direction>
          <Destination>13313</Destination>
          <Display>the door west</Display>
          <Keywords></Keywords>
          <Description></Description>
          <Flags></Flags>
          <Keys>0</Keys>
          <ExitSize>Giant</ExitSize>
        </Exit>
      </Exits>
      <ExtraDescriptions />
    </Room>
    <Room>
      <VNum>13313</VNum>
      <Name>Within a cavern</Name>
      <Description>This cavern is filthy, and littered with rags and trash. Something odd
catches your eye, towards the north-western edge of the wall hangs a
deceased sidhe, tormented and skinned, set up for some sort of game
involving darts. These devilish creature's are all about you, but they only
seem to eye you curiously, as though they hold back, in fear, to strike at
you for entering their home.</Description>
      <Sector>Inside</Sector>
      <Flags>Dark NoMob</Flags>
      <Exits>
        <Exit>
          <Direction>East</Direction>
          <Destination>13312</Destination>
          <Display>the door east</Display>
          <Keywords></Keywords>
          <Description></Description>
          <Flags></Flags>
          <Keys>0</Keys>
          <ExitSize>Giant</ExitSize>
        </Exit>
        <Exit>
          <Direction>South</Direction>
          <Destination>13314</Destination>
          <Display>the door south</Display>
          <Keywords></Keywords>
          <Description></Description>
          <Flags></Flags>
          <Keys>0</Keys>
          <ExitSize>Giant</ExitSize>
        </Exit>
      </Exits>
      <ExtraDescriptions />
    </Room>
    <Room>
      <VNum>13314</VNum>
      <Name>Within a cavern</Name>
      <Description>Creeping further into the hideous cavern, you notice that the imps seem
to have no care in all of Shadar about their appearance. Filthy, smug grins
seem to be permanently plastered to their small, petite faces. Though, they
obviously lack the morale, and spirit to do anything about you invading
their privacy. The cavern continues to the north and east.</Description>
      <Sector>Inside</Sector>
      <Flags>Dark NoMob</Flags>
      <Exits>
        <Exit>
          <Direction>North</Direction>
          <Destination>13313</Destination>
          <Display>the door north</Display>
          <Keywords></Keywords>
          <Description></Description>
          <Flags></Flags>
          <Keys>0</Keys>
          <ExitSize>Giant</ExitSize>
        </Exit>
        <Exit>
          <Direction>East</Direction>
          <Destination>13315</Destination>
          <Display>the door east</Display>
          <Keywords></Keywords>
          <Description></Description>
          <Flags></Flags>
          <Keys>0</Keys>
          <ExitSize>Giant</ExitSize>
        </Exit>
      </Exits>
      <ExtraDescriptions />
    </Room>
    <Room>
      <VNum>13315</VNum>
      <Name>Within a cavern</Name>
      <Description>These small, hideous creatures pester you as a rodent would, following
your every movement. Gathering in packs, watching you move about, studying
each footstep carefully. Garbage piled to your ankles is all about, but
imps just don't seem to care, indulging in this disgusting sight, they
thrive in this waste. The cavern continues to the east, west and north.</Description>
      <Sector>Inside</Sector>
      <Flags>Dark NoMob</Flags>
      <Exits>
        <Exit>
          <Direction>North</Direction>
          <Destination>13312</Destination>
          <Display>the door north</Display>
          <Keywords></Keywords>
          <Description></Description>
          <Flags></Flags>
          <Keys>0</Keys>
          <ExitSize>Giant</ExitSize>
        </Exit>
        <Exit>
          <Direction>East</Direction>
          <Destination>13316</Destination>
          <Display>the door east</Display>
          <Keywords></Keywords>
          <Description></Description>
          <Flags></Flags>
          <Keys>0</Keys>
          <ExitSize>Giant</ExitSize>
        </Exit>
        <Exit>
          <Direction>West</Direction>
          <Destination>13314</Destination>
          <Display>the door west</Display>
          <Keywords></Keywords>
          <Description></Description>
          <Flags></Flags>
          <Keys>0</Keys>
          <ExitSize>Giant</ExitSize>
        </Exit>
      </Exits>
      <ExtraDescriptions />
    </Room>
    <Room>
      <VNum>13316</VNum>
      <Name>Within a cavern</Name>
      <Description>These small, hideous creatures pester you as a rodent would, following
your every movement. Gathering in packs, watching you move about, studying
each footstep carefully. Garbage piled to your ankles is all about, but
imps just don't seem to care, indulging in this disgusting sight, they
thrive in this waste. The cavern continues to the north and west.</Description>
      <Sector>Inside</Sector>
      <Flags>Dark NoMob</Flags>
      <Exits>
        <Exit>
          <Direction>North</Direction>
          <Destination>13317</Destination>
          <Display>the door north</Display>
          <Keywords></Keywords>
          <Description></Description>
          <Flags></Flags>
          <Keys>0</Keys>
          <ExitSize>Giant</ExitSize>
        </Exit>
        <Exit>
          <Direction>West</Direction>
          <Destination>13315</Destination>
          <Display>the door west</Display>
          <Keywords></Keywords>
          <Description></Description>
          <Flags></Flags>
          <Keys>0</Keys>
          <ExitSize>Giant</ExitSize>
        </Exit>
      </Exits>
      <ExtraDescriptions />
    </Room>
    <Room>
      <VNum>13317</VNum>
      <Name>Within a cavern</Name>
      <Description>A small part of the imps culture can be seen here, strange paintings
adorn the east wall, paintings of a small city, being invaded underground,
through what seem to be the sewers. Though still, the same disgusting
scene, of trash tossed about can be seen here, like every other portion of
the cavern. To the south and west, the cavern continues.</Description>
      <Sector>Inside</Sector>
      <Flags>Dark NoMob</Flags>
      <Exits>
        <Exit>
          <Direction>South</Direction>
          <Destination>13316</Destination>
          <Display>the door south</Display>
          <Keywords></Keywords>
          <Description></Description>
          <Flags></Flags>
          <Keys>0</Keys>
          <ExitSize>Giant</ExitSize>
        </Exit>
        <Exit>
          <Direction>West</Direction>
          <Destination>13312</Destination>
          <Display>the door west</Display>
          <Keywords></Keywords>
          <Description></Description>
          <Flags></Flags>
          <Keys>0</Keys>
          <ExitSize>Giant</ExitSize>
        </Exit>
      </Exits>
      <ExtraDescriptions />
    </Room>
    <Room>
      <VNum>13319</VNum>
      <Name>A hidden passage, in the dark cave</Name>
      <Description>Stumbling through the rocks in the wall, you manage to find yourself
before a dark passage, in the caves. Obviously man-made, the ground is
paved well, stretching north, for at least a few leagues. The rocks around
here, are squared and well-kempt, carrying a smooth texture, and a lovely,
granite color. The faint sound of footsteps can be heard all around you.
The passage continues to the north.</Description>
      <Sector>Inside</Sector>
      <Flags>Dark NoMob</Flags>
      <Exits>
        <Exit>
          <Direction>North</Direction>
          <Destination>13320</Destination>
          <Display>the door north</Display>
          <Keywords></Keywords>
          <Description></Description>
          <Flags></Flags>
          <Keys>0</Keys>
          <ExitSize>Giant</ExitSize>
        </Exit>
        <Exit>
          <Direction>South</Direction>
          <Destination>13310</Destination>
          <Display>the door south</Display>
          <Keywords></Keywords>
          <Description></Description>
          <Flags></Flags>
          <Keys>0</Keys>
          <ExitSize>Giant</ExitSize>
        </Exit>
      </Exits>
      <ExtraDescriptions />
    </Room>
    <Room>
      <VNum>13320</VNum>
      <Name>A hidden passage, in the dark cave</Name>
      <Description>The passage stretches as far as the eye can see, snaking it's way to the
north, obviously fashioned by some, well-experienced race. It seems to
slope downward just a bit, with each footstep, it's as though this passage
takes you, below the surface of Shadar. The faint sound of footsteps grows
louder to the north, it's as though something very large is here. The
passage continues to the north and south.</Description>
      <Sector>Inside</Sector>
      <Flags>Dark NoMob</Flags>
      <Exits>
        <Exit>
          <Direction>North</Direction>
          <Destination>13321</Destination>
          <Display>the door north</Display>
          <Keywords></Keywords>
          <Description></Description>
          <Flags></Flags>
          <Keys>0</Keys>
          <ExitSize>Giant</ExitSize>
        </Exit>
        <Exit>
          <Direction>South</Direction>
          <Destination>13319</Destination>
          <Display>the door south</Display>
          <Keywords></Keywords>
          <Description></Description>
          <Flags></Flags>
          <Keys>0</Keys>
          <ExitSize>Giant</ExitSize>
        </Exit>
      </Exits>
      <ExtraDescriptions />
    </Room>
    <Room>
      <VNum>13321</VNum>
      <Name>A small clearing, along the hidden passage, in the dark cave</Name>
      <Description>You seem to have stumbled unto a small clearing, along the hidden
passage. Dark ebony stones have been set along the walls, though as you
peer ahead, the passage seems to grow darker and darker. The air is humid,
and the faint sound of footsteps can be heard all around you, you feel quite
certain, that something very large lurks in this part of the cave. The
passage continues to the north and south.</Description>
      <Sector>Inside</Sector>
      <Flags>Dark NoMob</Flags>
      <Exits>
        <Exit>
          <Direction>North</Direction>
          <Destination>13322</Destination>
          <Display>the door north</Display>
          <Keywords></Keywords>
          <Description></Description>
          <Flags></Flags>
          <Keys>0</Keys>
          <ExitSize>Giant</ExitSize>
        </Exit>
        <Exit>
          <Direction>South</Direction>
          <Destination>13320</Destination>
          <Display>the door south</Display>
          <Keywords></Keywords>
          <Description></Description>
          <Flags></Flags>
          <Keys>0</Keys>
          <ExitSize>Giant</ExitSize>
        </Exit>
      </Exits>
      <ExtraDescriptions />
    </Room>
    <Room>
      <VNum>13322</VNum>
      <Name>Deep within a hidden passage, in the dark cave</Name>
      <Description>Rather thin compared to the majority of tunnels found in this cave, this
part of the passage seems to twist on and on. Though just as you begin to
walk through, taking little notice of your surroundings, you manage to spot
something strange on the rock face. It seems that a few stones on the
western side of the passage are broken and cracked. Humidity is very fierce
around this part of the passage. The passage continues to the north, and
leads to a small clearing, towards the south.</Description>
      <Sector>Inside</Sector>
      <Flags>Dark NoMob</Flags>
      <Exits>
        <Exit>
          <Direction>North</Direction>
          <Destination>13327</Destination>
          <Display>the door north</Display>
          <Keywords></Keywords>
          <Description></Description>
          <Flags></Flags>
          <Keys>0</Keys>
          <ExitSize>Giant</ExitSize>
        </Exit>
        <Exit>
          <Direction>South</Direction>
          <Destination>13321</Destination>
          <Display>the door south</Display>
          <Keywords></Keywords>
          <Description></Description>
          <Flags></Flags>
          <Keys>0</Keys>
          <ExitSize>Giant</ExitSize>
        </Exit>
        <Exit>
          <Direction>West</Direction>
          <Destination>13323</Destination>
          <Display>the door west</Display>
          <Keywords></Keywords>
          <Description></Description>
          <Flags></Flags>
          <Keys>0</Keys>
          <ExitSize>Giant</ExitSize>
        </Exit>
      </Exits>
      <ExtraDescriptions />
    </Room>
    <Room>
      <VNum>13323</VNum>
      <Name>Along a secret passage, in the dark cave</Name>
      <Description>You seem to have found a secret passage in the dark cave. Bits of broken
stone litter the ground, though unlike the dark stones seen earlier, these
one emit a gentle, orange light. Taking in a deep breath of air, your lungs
begin to burn, the air around you is disgustingly humid. Towards the west,
you hear the echo of metal being smashed against metal, as though someone or
something is hard at work.</Description>
      <Sector>Inside</Sector>
      <Flags>NoMob</Flags>
      <Exits>
        <Exit>
          <Direction>East</Direction>
          <Destination>13322</Destination>
          <Display>the door east</Display>
          <Keywords></Keywords>
          <Description></Description>
          <Flags></Flags>
          <Keys>0</Keys>
          <ExitSize>Giant</ExitSize>
        </Exit>
        <Exit>
          <Direction>West</Direction>
          <Destination>13324</Destination>
          <Display>the door west</Display>
          <Keywords></Keywords>
          <Description></Description>
          <Flags></Flags>
          <Keys>0</Keys>
          <ExitSize>Giant</ExitSize>
        </Exit>
      </Exits>
      <ExtraDescriptions />
    </Room>
    <Room>
      <VNum>13324</VNum>
      <Name>Before a fiery cavern, in the dark cave</Name>
      <Description>You stand before an enormous cavern, filled with fire. The towering
pillars of flame, seen inside, seem to light this part of the passage. The
stones around you are unlike any other's you have seen before, they range
from a dark emerald, to a majestic crimson in color. The sound of metal
being smashed against metal resonates all around you. The passage continues
to the east, and enter's a colossal cavern towards the west.</Description>
      <Sector>Inside</Sector>
      <Flags></Flags>
      <Exits>
        <Exit>
          <Direction>East</Direction>
          <Destination>13323</Destination>
          <Display>the door east</Display>
          <Keywords></Keywords>
          <Description></Description>
          <Flags></Flags>
          <Keys>0</Keys>
          <ExitSize>Giant</ExitSize>
        </Exit>
        <Exit>
          <Direction>West</Direction>
          <Destination>13325</Destination>
          <Display>the door west</Display>
          <Keywords></Keywords>
          <Description></Description>
          <Flags></Flags>
          <Keys>0</Keys>
          <ExitSize>Giant</ExitSize>
        </Exit>
      </Exits>
      <ExtraDescriptions />
    </Room>
    <Room>
      <VNum>13325</VNum>
      <Name>Inside a fiery cavern, in the dark cave</Name>
      <Description>The cavern is simply amazing... crimson stalactites hang from the ceiling
of the cavern, while set at all corners are enormous, pillars of flame. The
cavern is well lit, and seems to be the home of some enormous titan.
Massive hammers, thrice the size of an ordinary one you've seen hang along
the walls, towards the north, you can hear the sound of metal, crashing
against metal, grow louder and louder.</Description>
      <Sector>Inside</Sector>
      <Flags></Flags>
      <Exits>
        <Exit>
          <Direction>North</Direction>
          <Destination>13326</Destination>
          <Display>the door north</Display>
          <Keywords></Keywords>
          <Description></Description>
          <Flags></Flags>
          <Keys>0</Keys>
          <ExitSize>Giant</ExitSize>
        </Exit>
        <Exit>
          <Direction>East</Direction>
          <Destination>13324</Destination>
          <Display>the door east</Display>
          <Keywords></Keywords>
          <Description></Description>
          <Flags></Flags>
          <Keys>0</Keys>
          <ExitSize>Giant</ExitSize>
        </Exit>
      </Exits>
      <ExtraDescriptions />
    </Room>
    <Room>
      <VNum>13326</VNum>
      <Name>The Forge of Ur'Tazi</Name>
      <Description>An anvil, crafted from a smooth, ebony metal is before you. Standing
just behind it, is a massive titan, twice the size of any titan you have
ever seen in Shadar. Along the walls of this cavern, hang assorted tools,
used by a blacksmith. Each tool, being at least thrice the size of any
ordinary tool a blacksmith would use. Assorted weapon's and armor hang
along the walls of the forge, though they each are so large, that only a
titan could hope to use them.</Description>
      <Sector>Inside</Sector>
      <Flags>NoMob</Flags>
      <Exits>
        <Exit>
          <Direction>South</Direction>
          <Destination>13325</Destination>
          <Display>the door south</Display>
          <Keywords></Keywords>
          <Description></Description>
          <Flags></Flags>
          <Keys>0</Keys>
          <ExitSize>Giant</ExitSize>
        </Exit>
      </Exits>
      <ExtraDescriptions />
    </Room>
    <Room>
      <VNum>13327</VNum>
      <Name>Along a secret passage, in the dark cave</Name>
      <Description>The atmosphere around you, suddenly grows darker... a cold wind begins to
sweep through the tunnel. The rocks here are jagged, twisted, and
deformed... ebony stalactites hang from the ceiling of the passage. Sloping
further and further down, you can only hope that this passage takes you to
some place of safety. The passage continues to the north and south.</Description>
      <Sector>Inside</Sector>
      <Flags></Flags>
      <Exits>
        <Exit>
          <Direction>North</Direction>
          <Destination>13328</Destination>
          <Display>the door north</Display>
          <Keywords></Keywords>
          <Description></Description>
          <Flags></Flags>
          <Keys>0</Keys>
          <ExitSize>Giant</ExitSize>
        </Exit>
        <Exit>
          <Direction>South</Direction>
          <Destination>13322</Destination>
          <Display>the door south</Display>
          <Keywords></Keywords>
          <Description></Description>
          <Flags></Flags>
          <Keys>0</Keys>
          <ExitSize>Giant</ExitSize>
        </Exit>
      </Exits>
      <ExtraDescriptions />
    </Room>
    <Room>
      <VNum>13328</VNum>
      <Name>Along a secret passage, in the dark cave</Name>
      <Description>The air around you is cold...  Yet not a drop of moisture can be seen
along the rough, jagged walls of the passage.  Ebony stalactites hang from
the ceiling, their sharp points, hanging by little more then a thread.  The
passage seems to be curving towards the north, leading deeper and deeper
into the cave.  Down and up the passage etches, taking you deeper and
deeper, below the surface of Orthos.</Description>
      <Sector>Inside</Sector>
      <Flags></Flags>
      <Exits>
        <Exit>
          <Direction>South</Direction>
          <Destination>13327</Destination>
          <Display>the door south</Display>
          <Keywords></Keywords>
          <Description></Description>
          <Flags></Flags>
          <Keys>0</Keys>
          <ExitSize>Giant</ExitSize>
        </Exit>
      </Exits>
      <ExtraDescriptions />
    </Room>
  </Rooms>
  <NPCs>
    <NPC>
      <Vnum>13300</Vnum>
      <name>lynchre titan abyss</name>
      <description>A massive red skinned colasses with sulfuric breath, black eyes, and a
slick black mane. He wears snugg fitting armor on his body, and has a
massive bloody axe hung at his waist. His hand rests on the axe, ready to
pull it out and massacre any threat that comes his way.</description>
      <longDescription>A giant abyss stands here hammering weapons into place.</longDescription>
      <shortDescription>Lynchre</shortDescription>
      <Sex>Male</Sex>
      <level>53</level>
      <HitPointDiceSides>26</HitPointDiceSides>
      <HitPointDiceCount>8</HitPointDiceCount>
      <HitPointDiceBonus>5500</HitPointDiceBonus>
      <ManaPointDiceSides>1</ManaPointDiceSides>
      <ManaPointDiceCount>4</ManaPointDiceCount>
      <ManaPointDiceBonus>10</ManaPointDiceBonus>
      <trust>53</trust>
      <hitpoints>1060</hitpoints>
      <maxhitpoints>1060</maxhitpoints>
      <manapoints>0</manapoints>
      <maxmanapoints>0</maxmanapoints>
      <movementpoints>0</movementpoints>
      <maxmovementpoints>0</maxmovementpoints>
      <ArmorBash>-230</ArmorBash>
      <ArmorSlash>-230</ArmorSlash>
      <ArmorPierce>-230</ArmorPierce>
      <ArmorExotic>-230</ArmorExotic>
      <size>Giant</size>
      <race>unique</race>
      <alignment>Evil</alignment>
      <ethos>0</ethos>
      <hitroll>100</hitroll>
      <damRoll>200</damRoll>
      <armorclass>0</armorclass>
      <silver>0</silver>
      <gold>100</gold>
      <SavingThrow>0</SavingThrow>
      <Guild>warrior</Guild>
      <flags>NPC Sentinel Aggressive Warrior AreaAttack</flags>
      <immune></immune>
      <resist></resist>
      <vulnerable></vulnerable>
      <affectedBy>DetectInvis DetectMagic DetectHidden Sanctuary Infrared Flying Haste Regeneration DetectIllusion</affectedBy>
      <WiznetFlags></WiznetFlags>
      <WeaponDamageMessage>punch</WeaponDamageMessage>
      <DamageDiceSides>20</DamageDiceSides>
      <DamageDiceCount>20</DamageDiceCount>
      <DamageDiceBonus>200</DamageDiceBonus>
      <PermanentStats>
        <Strength>16</Strength>
        <Wisdom>16</Wisdom>
        <Intelligence>16</Intelligence>
        <Dexterity>16</Dexterity>
        <Constitution>16</Constitution>
        <Charisma>16</Charisma>
      </PermanentStats>
    </NPC>
    <NPC>
      <Vnum>13301</Vnum>
      <name>Larnest beast spectre specter ghost</name>
      <description>Larnest is a medium sized dark spectre. He seems to draw in light and
engulf it in the darkness that surrounds him. He has eyes of red and they
are glaring malevolently at you.</description>
      <longDescription>A spectre floats here, waiting to attack it's next victim.</longDescription>
      <shortDescription>Larnest</shortDescription>
      <Sex>Male</Sex>
      <level>51</level>
      <HitPointDiceSides>24</HitPointDiceSides>
      <HitPointDiceCount>8</HitPointDiceCount>
      <HitPointDiceBonus>3869</HitPointDiceBonus>
      <ManaPointDiceSides>1</ManaPointDiceSides>
      <ManaPointDiceCount>4</ManaPointDiceCount>
      <ManaPointDiceBonus>10</ManaPointDiceBonus>
      <trust>51</trust>
      <hitpoints>1020</hitpoints>
      <maxhitpoints>1020</maxhitpoints>
      <manapoints>0</manapoints>
      <maxmanapoints>0</maxmanapoints>
      <movementpoints>0</movementpoints>
      <maxmovementpoints>0</maxmovementpoints>
      <ArmorBash>-190</ArmorBash>
      <ArmorSlash>-190</ArmorSlash>
      <ArmorPierce>-190</ArmorPierce>
      <ArmorExotic>-190</ArmorExotic>
      <size>Medium</size>
      <race>unique</race>
      <alignment>Evil</alignment>
      <ethos>0</ethos>
      <hitroll>100</hitroll>
      <damRoll>100</damRoll>
      <armorclass>0</armorclass>
      <silver>0</silver>
      <gold>50</gold>
      <SavingThrow>0</SavingThrow>
      <Guild></Guild>
      <flags>NPC Sentinel Aggressive Undead AreaAttack</flags>
      <immune></immune>
      <resist></resist>
      <vulnerable></vulnerable>
      <affectedBy>Sanctuary Infrared ProtectEvil ProtectGood Flying Haste Berserk Regeneration DetectIllusion</affectedBy>
      <WiznetFlags></WiznetFlags>
      <WeaponDamageMessage>punch</WeaponDamageMessage>
      <DamageDiceSides>20</DamageDiceSides>
      <DamageDiceCount>20</DamageDiceCount>
      <DamageDiceBonus>100</DamageDiceBonus>
      <PermanentStats>
        <Strength>16</Strength>
        <Wisdom>16</Wisdom>
        <Intelligence>16</Intelligence>
        <Dexterity>16</Dexterity>
        <Constitution>16</Constitution>
        <Charisma>16</Charisma>
      </PermanentStats>
    </NPC>
    <NPC>
      <Vnum>13302</Vnum>
      <name>ghost</name>
      <description>This is the ghost of an abyss titan. He was slain here and refuses to
leave. He wanders the halls here forever in search of the person who killed
him to take out his revenge.</description>
      <longDescription>The ghost of an abyss titan wanders here.</longDescription>
      <shortDescription>a ghost</shortDescription>
      <Sex>Male</Sex>
      <level>40</level>
      <HitPointDiceSides>20</HitPointDiceSides>
      <HitPointDiceCount>8</HitPointDiceCount>
      <HitPointDiceBonus>2464</HitPointDiceBonus>
      <ManaPointDiceSides>1</ManaPointDiceSides>
      <ManaPointDiceCount>4</ManaPointDiceCount>
      <ManaPointDiceBonus>10</ManaPointDiceBonus>
      <trust>40</trust>
      <hitpoints>800</hitpoints>
      <maxhitpoints>800</maxhitpoints>
      <manapoints>0</manapoints>
      <maxmanapoints>0</maxmanapoints>
      <movementpoints>0</movementpoints>
      <maxmovementpoints>0</maxmovementpoints>
      <ArmorBash>-130</ArmorBash>
      <ArmorSlash>-130</ArmorSlash>
      <ArmorPierce>-130</ArmorPierce>
      <ArmorExotic>-130</ArmorExotic>
      <size>Medium</size>
      <race>unique</race>
      <alignment>Evil</alignment>
      <ethos>0</ethos>
      <hitroll>100</hitroll>
      <damRoll>100</damRoll>
      <armorclass>0</armorclass>
      <silver>0</silver>
      <gold>0</gold>
      <SavingThrow>0</SavingThrow>
      <Guild></Guild>
      <flags>NPC Aggressive StayArea AreaAttack</flags>
      <immune></immune>
      <resist></resist>
      <vulnerable></vulnerable>
      <affectedBy>Sanctuary Infrared ProtectEvil ProtectGood Sneak Flying PassDoor Haste DetectIllusion</affectedBy>
      <WiznetFlags></WiznetFlags>
      <WeaponDamageMessage>punch</WeaponDamageMessage>
      <DamageDiceSides>10</DamageDiceSides>
      <DamageDiceCount>20</DamageDiceCount>
      <DamageDiceBonus>100</DamageDiceBonus>
      <PermanentStats>
        <Strength>16</Strength>
        <Wisdom>16</Wisdom>
        <Intelligence>16</Intelligence>
        <Dexterity>16</Dexterity>
        <Constitution>16</Constitution>
        <Charisma>16</Charisma>
      </PermanentStats>
    </NPC>
    <NPC>
      <Vnum>13303</Vnum>
      <name>fire beast</name>
      <description>Lynchre's pet fire beast is glaring at you for intruding his master's home.
His firey red skin seems to glow a brighter red as he bares his bloody teeth
at you. His eyes are a pure black, it feels like you are being pulled into
the darkness as you look into them.</description>
      <longDescription>A fire beast waits patiently for it's next victim.</longDescription>
      <shortDescription>a fire beast</shortDescription>
      <Sex>Male</Sex>
      <level>45</level>
      <HitPointDiceSides>22</HitPointDiceSides>
      <HitPointDiceCount>8</HitPointDiceCount>
      <HitPointDiceBonus>3177</HitPointDiceBonus>
      <ManaPointDiceSides>1</ManaPointDiceSides>
      <ManaPointDiceCount>4</ManaPointDiceCount>
      <ManaPointDiceBonus>10</ManaPointDiceBonus>
      <trust>45</trust>
      <hitpoints>900</hitpoints>
      <maxhitpoints>900</maxhitpoints>
      <manapoints>0</manapoints>
      <maxmanapoints>0</maxmanapoints>
      <movementpoints>0</movementpoints>
      <maxmovementpoints>0</maxmovementpoints>
      <ArmorBash>-150</ArmorBash>
      <ArmorSlash>-150</ArmorSlash>
      <ArmorPierce>-150</ArmorPierce>
      <ArmorExotic>-150</ArmorExotic>
      <size>Medium</size>
      <race>unique</race>
      <alignment>Evil</alignment>
      <ethos>0</ethos>
      <hitroll>100</hitroll>
      <damRoll>100</damRoll>
      <armorclass>0</armorclass>
      <silver>0</silver>
      <gold>50</gold>
      <SavingThrow>0</SavingThrow>
      <Guild></Guild>
      <flags>NPC Aggressive StayArea AreaAttack</flags>
      <immune></immune>
      <resist></resist>
      <vulnerable></vulnerable>
      <affectedBy>Sanctuary ProtectEvil ProtectGood Haste Regeneration DetectIllusion</affectedBy>
      <WiznetFlags></WiznetFlags>
      <WeaponDamageMessage>punch</WeaponDamageMessage>
      <DamageDiceSides>10</DamageDiceSides>
      <DamageDiceCount>20</DamageDiceCount>
      <DamageDiceBonus>100</DamageDiceBonus>
      <PermanentStats>
        <Strength>16</Strength>
        <Wisdom>16</Wisdom>
        <Intelligence>16</Intelligence>
        <Dexterity>16</Dexterity>
        <Constitution>16</Constitution>
        <Charisma>16</Charisma>
      </PermanentStats>
    </NPC>
    <NPC>
      <Vnum>13304</Vnum>
      <name>imp</name>
      <description>This imp is the servant of the fire beasts here. He is contantly trying to
make sure the beasts are well fed and happy. He is currently looking for his
next beast to please, so as not to make Lynchre unhappy with hi</description>
      <longDescription>A dirty little imp is poking you with a stick.</longDescription>
      <shortDescription>an imp</shortDescription>
      <Sex>Male</Sex>
      <level>42</level>
      <HitPointDiceSides>21</HitPointDiceSides>
      <HitPointDiceCount>8</HitPointDiceCount>
      <HitPointDiceBonus>2733</HitPointDiceBonus>
      <ManaPointDiceSides>1</ManaPointDiceSides>
      <ManaPointDiceCount>4</ManaPointDiceCount>
      <ManaPointDiceBonus>10</ManaPointDiceBonus>
      <trust>42</trust>
      <hitpoints>840</hitpoints>
      <maxhitpoints>840</maxhitpoints>
      <manapoints>0</manapoints>
      <maxmanapoints>0</maxmanapoints>
      <movementpoints>0</movementpoints>
      <maxmovementpoints>0</maxmovementpoints>
      <ArmorBash>-140</ArmorBash>
      <ArmorSlash>-140</ArmorSlash>
      <ArmorPierce>-140</ArmorPierce>
      <ArmorExotic>-140</ArmorExotic>
      <size>Small</size>
      <race>unique</race>
      <alignment>Evil</alignment>
      <ethos>0</ethos>
      <hitroll>100</hitroll>
      <damRoll>100</damRoll>
      <armorclass>0</armorclass>
      <silver>0</silver>
      <gold>0</gold>
      <SavingThrow>0</SavingThrow>
      <Guild></Guild>
      <flags>NPC Aggressive StayArea</flags>
      <immune></immune>
      <resist></resist>
      <vulnerable></vulnerable>
      <affectedBy>Sanctuary ProtectEvil ProtectGood Sneak Flying Haste Regeneration DetectIllusion</affectedBy>
      <WiznetFlags></WiznetFlags>
      <WeaponDamageMessage>punch</WeaponDamageMessage>
      <DamageDiceSides>15</DamageDiceSides>
      <DamageDiceCount>20</DamageDiceCount>
      <DamageDiceBonus>100</DamageDiceBonus>
      <PermanentStats>
        <Strength>16</Strength>
        <Wisdom>16</Wisdom>
        <Intelligence>16</Intelligence>
        <Dexterity>16</Dexterity>
        <Constitution>16</Constitution>
        <Charisma>16</Charisma>
      </PermanentStats>
    </NPC>
    <NPC>
      <Vnum>13305</Vnum>
      <name>mimsa ghost</name>
      <description>Mimsa fell to the harsh hand of Lynchre ages ago. This elven ghost haunts
Lynchre to make his living as unpleasant as possible. She is always watching
and waiting for him to come to his demise so she can come to peace with her
life.</description>
      <longDescription>Mimsa is here haunting the halls.</longDescription>
      <shortDescription>Mimsa</shortDescription>
      <Sex>Female</Sex>
      <level>42</level>
      <HitPointDiceSides>21</HitPointDiceSides>
      <HitPointDiceCount>8</HitPointDiceCount>
      <HitPointDiceBonus>2733</HitPointDiceBonus>
      <ManaPointDiceSides>1</ManaPointDiceSides>
      <ManaPointDiceCount>4</ManaPointDiceCount>
      <ManaPointDiceBonus>10</ManaPointDiceBonus>
      <trust>42</trust>
      <hitpoints>840</hitpoints>
      <maxhitpoints>840</maxhitpoints>
      <manapoints>0</manapoints>
      <maxmanapoints>0</maxmanapoints>
      <movementpoints>0</movementpoints>
      <maxmovementpoints>0</maxmovementpoints>
      <ArmorBash>-140</ArmorBash>
      <ArmorSlash>-140</ArmorSlash>
      <ArmorPierce>-140</ArmorPierce>
      <ArmorExotic>-140</ArmorExotic>
      <size>Medium</size>
      <race>unique</race>
      <alignment>Evil</alignment>
      <ethos>0</ethos>
      <hitroll>100</hitroll>
      <damRoll>100</damRoll>
      <armorclass>0</armorclass>
      <silver>0</silver>
      <gold>0</gold>
      <SavingThrow>0</SavingThrow>
      <Guild></Guild>
      <flags>NPC Aggressive StayArea Undead</flags>
      <immune></immune>
      <resist></resist>
      <vulnerable></vulnerable>
      <affectedBy>DetectIllusion</affectedBy>
      <WiznetFlags></WiznetFlags>
      <WeaponDamageMessage>punch</WeaponDamageMessage>
      <DamageDiceSides>15</DamageDiceSides>
      <DamageDiceCount>20</DamageDiceCount>
      <DamageDiceBonus>100</DamageDiceBonus>
      <PermanentStats>
        <Strength>16</Strength>
        <Wisdom>16</Wisdom>
        <Intelligence>16</Intelligence>
        <Dexterity>16</Dexterity>
        <Constitution>16</Constitution>
        <Charisma>16</Charisma>
      </PermanentStats>
    </NPC>
    <NPC>
      <Vnum>13306</Vnum>
      <name>ghost bungo</name>
      <description>A halfling of great stature in his community haunts here in his unrest. 
Slain by the powerful Lynchre.  He does all he can to make it a pain for
Lynchre to live in the mortal world while Bungo and his companions are
forced to be in the world of the undead.</description>
      <longDescription>Bungo is roaming the halls in his ghostly form.</longDescription>
      <shortDescription>Bungo</shortDescription>
      <Sex>Male</Sex>
      <level>42</level>
      <HitPointDiceSides>21</HitPointDiceSides>
      <HitPointDiceCount>8</HitPointDiceCount>
      <HitPointDiceBonus>2733</HitPointDiceBonus>
      <ManaPointDiceSides>1</ManaPointDiceSides>
      <ManaPointDiceCount>4</ManaPointDiceCount>
      <ManaPointDiceBonus>10</ManaPointDiceBonus>
      <trust>42</trust>
      <hitpoints>840</hitpoints>
      <maxhitpoints>840</maxhitpoints>
      <manapoints>0</manapoints>
      <maxmanapoints>0</maxmanapoints>
      <movementpoints>0</movementpoints>
      <maxmovementpoints>0</maxmovementpoints>
      <ArmorBash>-140</ArmorBash>
      <ArmorSlash>-140</ArmorSlash>
      <ArmorPierce>-140</ArmorPierce>
      <ArmorExotic>-140</ArmorExotic>
      <size>Medium</size>
      <race>unique</race>
      <alignment>Evil</alignment>
      <ethos>0</ethos>
      <hitroll>100</hitroll>
      <damRoll>100</damRoll>
      <armorclass>0</armorclass>
      <silver>0</silver>
      <gold>0</gold>
      <SavingThrow>0</SavingThrow>
      <Guild></Guild>
      <flags>NPC Aggressive StayArea Undead</flags>
      <immune></immune>
      <resist></resist>
      <vulnerable></vulnerable>
      <affectedBy>DetectIllusion</affectedBy>
      <WiznetFlags></WiznetFlags>
      <WeaponDamageMessage>punch</WeaponDamageMessage>
      <DamageDiceSides>15</DamageDiceSides>
      <DamageDiceCount>20</DamageDiceCount>
      <DamageDiceBonus>100</DamageDiceBonus>
      <PermanentStats>
        <Strength>16</Strength>
        <Wisdom>16</Wisdom>
        <Intelligence>16</Intelligence>
        <Dexterity>16</Dexterity>
        <Constitution>16</Constitution>
        <Charisma>16</Charisma>
      </PermanentStats>
    </NPC>
    <NPC>
      <Vnum>13307</Vnum>
      <name>ganisha ghost</name>
      <description>Ganisha, a slain dwarf, haunts this cave not because of riches or mining,
but because he was slain here. Ganisha will wait until the end of time
to see his death avenged and see Lynchre beg for mercy as he grasps to
the last breaths of his life.</description>
      <longDescription>Ganisha terries here before moving on to haunt his captor.</longDescription>
      <shortDescription>Ganisha</shortDescription>
      <Sex>Female</Sex>
      <level>42</level>
      <HitPointDiceSides>21</HitPointDiceSides>
      <HitPointDiceCount>8</HitPointDiceCount>
      <HitPointDiceBonus>2733</HitPointDiceBonus>
      <ManaPointDiceSides>1</ManaPointDiceSides>
      <ManaPointDiceCount>4</ManaPointDiceCount>
      <ManaPointDiceBonus>10</ManaPointDiceBonus>
      <trust>42</trust>
      <hitpoints>840</hitpoints>
      <maxhitpoints>840</maxhitpoints>
      <manapoints>0</manapoints>
      <maxmanapoints>0</maxmanapoints>
      <movementpoints>0</movementpoints>
      <maxmovementpoints>0</maxmovementpoints>
      <ArmorBash>-140</ArmorBash>
      <ArmorSlash>-140</ArmorSlash>
      <ArmorPierce>-140</ArmorPierce>
      <ArmorExotic>-140</ArmorExotic>
      <size>Medium</size>
      <race>unique</race>
      <alignment>Neutral</alignment>
      <ethos>0</ethos>
      <hitroll>100</hitroll>
      <damRoll>100</damRoll>
      <armorclass>0</armorclass>
      <silver>0</silver>
      <gold>0</gold>
      <SavingThrow>0</SavingThrow>
      <Guild></Guild>
      <flags>NPC Aggressive StayArea Undead</flags>
      <immune></immune>
      <resist></resist>
      <vulnerable></vulnerable>
      <affectedBy>DetectIllusion</affectedBy>
      <WiznetFlags></WiznetFlags>
      <WeaponDamageMessage>punch</WeaponDamageMessage>
      <DamageDiceSides>15</DamageDiceSides>
      <DamageDiceCount>20</DamageDiceCount>
      <DamageDiceBonus>100</DamageDiceBonus>
      <PermanentStats>
        <Strength>16</Strength>
        <Wisdom>16</Wisdom>
        <Intelligence>16</Intelligence>
        <Dexterity>16</Dexterity>
        <Constitution>16</Constitution>
        <Charisma>16</Charisma>
      </PermanentStats>
    </NPC>
    <NPC>
      <Vnum>13308</Vnum>
      <name>ghost centra</name>
      <description>Centra is constantly banging around and tryng to create a loathsome
environment for Lynchre to live in.  She is a slain storm giant and waits
for her vengence like the others.</description>
      <longDescription>Centra noisily wanders the halls.</longDescription>
      <shortDescription>Centra</shortDescription>
      <Sex>Female</Sex>
      <level>51</level>
      <HitPointDiceSides>21</HitPointDiceSides>
      <HitPointDiceCount>8</HitPointDiceCount>
      <HitPointDiceBonus>2875</HitPointDiceBonus>
      <ManaPointDiceSides>1</ManaPointDiceSides>
      <ManaPointDiceCount>4</ManaPointDiceCount>
      <ManaPointDiceBonus>10</ManaPointDiceBonus>
      <trust>51</trust>
      <hitpoints>1020</hitpoints>
      <maxhitpoints>1020</maxhitpoints>
      <manapoints>0</manapoints>
      <maxmanapoints>0</maxmanapoints>
      <movementpoints>0</movementpoints>
      <maxmovementpoints>0</maxmovementpoints>
      <ArmorBash>-150</ArmorBash>
      <ArmorSlash>-150</ArmorSlash>
      <ArmorPierce>-150</ArmorPierce>
      <ArmorExotic>-150</ArmorExotic>
      <size>Medium</size>
      <race>unique</race>
      <alignment>Good</alignment>
      <ethos>0</ethos>
      <hitroll>100</hitroll>
      <damRoll>51</damRoll>
      <armorclass>0</armorclass>
      <silver>0</silver>
      <gold>0</gold>
      <SavingThrow>0</SavingThrow>
      <Guild></Guild>
      <flags>NPC Aggressive StayArea Undead</flags>
      <immune></immune>
      <resist></resist>
      <vulnerable></vulnerable>
      <affectedBy>Sanctuary Flying Haste Regeneration DetectIllusion</affectedBy>
      <WiznetFlags></WiznetFlags>
      <WeaponDamageMessage>punch</WeaponDamageMessage>
      <DamageDiceSides>3</DamageDiceSides>
      <DamageDiceCount>12</DamageDiceCount>
      <DamageDiceBonus>22</DamageDiceBonus>
      <PermanentStats>
        <Strength>16</Strength>
        <Wisdom>16</Wisdom>
        <Intelligence>16</Intelligence>
        <Dexterity>16</Dexterity>
        <Constitution>16</Constitution>
        <Charisma>16</Charisma>
      </PermanentStats>
    </NPC>
    <NPC>
      <Vnum>13309</Vnum>
      <name>ghost Hamil</name>
      <description>Hamil is displeased with being in this rotten cave, but will not leave
until his death is avenged. He was once a handsome sidhe with an important
job and family, but is now a worthless ghost.</description>
      <longDescription>Hamil is glaring at his surroundings.</longDescription>
      <shortDescription>Hamil</shortDescription>
      <Sex>Male</Sex>
      <level>43</level>
      <HitPointDiceSides>21</HitPointDiceSides>
      <HitPointDiceCount>8</HitPointDiceCount>
      <HitPointDiceBonus>2875</HitPointDiceBonus>
      <ManaPointDiceSides>1</ManaPointDiceSides>
      <ManaPointDiceCount>4</ManaPointDiceCount>
      <ManaPointDiceBonus>10</ManaPointDiceBonus>
      <trust>43</trust>
      <hitpoints>860</hitpoints>
      <maxhitpoints>860</maxhitpoints>
      <manapoints>0</manapoints>
      <maxmanapoints>0</maxmanapoints>
      <movementpoints>0</movementpoints>
      <maxmovementpoints>0</maxmovementpoints>
      <ArmorBash>-150</ArmorBash>
      <ArmorSlash>-150</ArmorSlash>
      <ArmorPierce>-150</ArmorPierce>
      <ArmorExotic>-150</ArmorExotic>
      <size>Medium</size>
      <race>unique</race>
      <alignment>Good</alignment>
      <ethos>0</ethos>
      <hitroll>100</hitroll>
      <damRoll>100</damRoll>
      <armorclass>0</armorclass>
      <silver>0</silver>
      <gold>0</gold>
      <SavingThrow>0</SavingThrow>
      <Guild></Guild>
      <flags>NPC Aggressive StayArea Undead</flags>
      <immune></immune>
      <resist></resist>
      <vulnerable></vulnerable>
      <affectedBy>Sanctuary Flying Haste DetectIllusion</affectedBy>
      <WiznetFlags></WiznetFlags>
      <WeaponDamageMessage>punch</WeaponDamageMessage>
      <DamageDiceSides>15</DamageDiceSides>
      <DamageDiceCount>20</DamageDiceCount>
      <DamageDiceBonus>100</DamageDiceBonus>
      <PermanentStats>
        <Strength>16</Strength>
        <Wisdom>16</Wisdom>
        <Intelligence>16</Intelligence>
        <Dexterity>16</Dexterity>
        <Constitution>16</Constitution>
        <Charisma>16</Charisma>
      </PermanentStats>
    </NPC>
  </NPCs>
  <Items>
    <Item>
      <VNum>13300</VNum>
      <Name>blood ore torso armor</Name>
      <ShortDescription>blood ore armor</ShortDescription>
      <LongDescription>A piece of bloody armor sits here untouched.</LongDescription>
      <Description></Description>
      <Level>51</Level>
      <WeaponDamageType>none</WeaponDamageType>
      <WeaponType>None</WeaponType>
      <DiceSides>1</DiceSides>
      <DiceCount>1</DiceCount>
      <DiceBonus>1</DiceBonus>
      <Weight>6</Weight>
      <WearFlags>Take Body</WearFlags>
      <ExtraFlags>Dark Evil AntiGood AntiNeutral NoRemove</ExtraFlags>
      <ItemTypes>Armor</ItemTypes>
      <Affects>
        <Affect where="ToObject" level="0" duration="-1" location="Hitpoints" modifier="60" hidden="False" affectType="Spell">
          <ExtraState />
        </Affect>
        <Affect where="ToObject" level="0" duration="-1" location="Constitution" modifier="1" hidden="False" affectType="Spell">
          <ExtraState />
        </Affect>
        <Affect where="ToObject" level="0" duration="-1" location="Damroll" modifier="4" hidden="False" affectType="Spell">
          <ExtraState />
        </Affect>
        <Affect where="ToObject" level="0" duration="-1" location="Hitroll" modifier="4" hidden="False" affectType="Spell">
          <ExtraState />
        </Affect>
      </Affects>
      <Silver>0</Silver>
      <Gold>0</Gold>
      <Cost>0</Cost>
      <Nutrition>0</Nutrition>
      <Liquid></Liquid>
      <MaxWeight>0</MaxWeight>
      <Material>ore</Material>
      <Charges>0</Charges>
      <MaxCharges>0</MaxCharges>
      <MaxDurability>100</MaxDurability>
      <ArmorBash>14</ArmorBash>
      <ArmorSlash>14</ArmorSlash>
      <ArmorPierce>14</ArmorPierce>
      <ArmorExotic>14</ArmorExotic>
      <ExtraDescriptions />
    </Item>
    <Item>
      <VNum>13301</VNum>
      <Name>blood ore helmet helm metal</Name>
      <ShortDescription>blood ore helmet</ShortDescription>
      <LongDescription>A piece of blood covered metal lies here.</LongDescription>
      <Description></Description>
      <Level>51</Level>
      <WeaponDamageType>none</WeaponDamageType>
      <WeaponType>None</WeaponType>
      <DiceSides>1</DiceSides>
      <DiceCount>1</DiceCount>
      <DiceBonus>1</DiceBonus>
      <Weight>3</Weight>
      <WearFlags>Take Head</WearFlags>
      <ExtraFlags>Dark Evil AntiGood AntiNeutral NoRemove</ExtraFlags>
      <ItemTypes>Armor</ItemTypes>
      <Affects>
        <Affect where="ToObject" level="0" duration="-1" location="Mana" modifier="50" hidden="False" affectType="Spell">
          <ExtraState />
        </Affect>
        <Affect where="ToObject" level="0" duration="-1" location="Hitpoints" modifier="25" hidden="False" affectType="Spell">
          <ExtraState />
        </Affect>
        <Affect where="ToObject" level="0" duration="-1" location="Intelligence" modifier="5" hidden="False" affectType="Spell">
          <ExtraState />
        </Affect>
        <Affect where="ToObject" level="0" duration="-1" location="Wisdom" modifier="5" hidden="False" affectType="Spell">
          <ExtraState />
        </Affect>
        <Affect where="ToObject" level="0" duration="-1" location="SavingSpell" modifier="-3" hidden="False" affectType="Spell">
          <ExtraState />
        </Affect>
      </Affects>
      <Silver>0</Silver>
      <Gold>0</Gold>
      <Cost>0</Cost>
      <Nutrition>0</Nutrition>
      <Liquid></Liquid>
      <MaxWeight>0</MaxWeight>
      <Material>ore</Material>
      <Charges>0</Charges>
      <MaxCharges>0</MaxCharges>
      <MaxDurability>100</MaxDurability>
      <ArmorBash>14</ArmorBash>
      <ArmorSlash>14</ArmorSlash>
      <ArmorPierce>14</ArmorPierce>
      <ArmorExotic>12</ArmorExotic>
      <ExtraDescriptions />
    </Item>
    <Item>
      <VNum>13302</VNum>
      <Name>blood ore spear metal</Name>
      <ShortDescription>blood ore spear</ShortDescription>
      <LongDescription>A long piece of thin metal lays here covered in blood.</LongDescription>
      <Description></Description>
      <Level>49</Level>
      <WeaponDamageType>pierce</WeaponDamageType>
      <WeaponType>Spear</WeaponType>
      <DiceSides>8</DiceSides>
      <DiceCount>6</DiceCount>
      <DiceBonus>0</DiceBonus>
      <Weight>2.3</Weight>
      <WearFlags>Take Wield</WearFlags>
      <ExtraFlags>Dark Evil Bless AntiGood AntiNeutral NoRemove TwoHands</ExtraFlags>
      <ItemTypes>Weapon</ItemTypes>
      <Affects>
        <Affect where="ToObject" level="0" duration="-1" location="Hitpoints" modifier="50" hidden="False" affectType="Spell">
          <ExtraState />
        </Affect>
        <Affect where="ToObject" level="0" duration="-1" location="Damroll" modifier="2" hidden="False" affectType="Spell">
          <ExtraState />
        </Affect>
        <Affect where="ToObject" level="0" duration="-1" location="Hitroll" modifier="2" hidden="False" affectType="Spell">
          <ExtraState />
        </Affect>
      </Affects>
      <Silver>0</Silver>
      <Gold>0</Gold>
      <Cost>0</Cost>
      <Nutrition>0</Nutrition>
      <Liquid></Liquid>
      <MaxWeight>0</MaxWeight>
      <Material>ore</Material>
      <Charges>0</Charges>
      <MaxCharges>0</MaxCharges>
      <MaxDurability>100</MaxDurability>
      <ArmorBash>0</ArmorBash>
      <ArmorSlash>0</ArmorSlash>
      <ArmorPierce>0</ArmorPierce>
      <ArmorExotic>0</ArmorExotic>
      <ExtraDescriptions />
    </Item>
    <Item>
      <VNum>13303</VNum>
      <Name>blood ore axe metal</Name>
      <ShortDescription>blood ore axe</ShortDescription>
      <LongDescription>A large piece of metal with a wooden handle lays here in fresh blood.</LongDescription>
      <Description></Description>
      <Level>51</Level>
      <WeaponDamageType>chop</WeaponDamageType>
      <WeaponType>Axe</WeaponType>
      <DiceSides>7</DiceSides>
      <DiceCount>8</DiceCount>
      <DiceBonus>0</DiceBonus>
      <Weight>4.5</Weight>
      <WearFlags>Take Wield</WearFlags>
      <ExtraFlags>Dark Evil AntiGood AntiNeutral NoRemove</ExtraFlags>
      <ItemTypes>Weapon</ItemTypes>
      <Affects>
        <Affect where="ToObject" level="0" duration="-1" location="Damroll" modifier="4" hidden="False" affectType="Spell">
          <ExtraState />
        </Affect>
        <Affect where="ToObject" level="0" duration="-1" location="Hitroll" modifier="4" hidden="False" affectType="Spell">
          <ExtraState />
        </Affect>
      </Affects>
      <Silver>0</Silver>
      <Gold>0</Gold>
      <Cost>0</Cost>
      <Nutrition>0</Nutrition>
      <Liquid></Liquid>
      <MaxWeight>0</MaxWeight>
      <Material>ore</Material>
      <Charges>0</Charges>
      <MaxCharges>0</MaxCharges>
      <MaxDurability>100</MaxDurability>
      <ArmorBash>0</ArmorBash>
      <ArmorSlash>0</ArmorSlash>
      <ArmorPierce>0</ArmorPierce>
      <ArmorExotic>0</ArmorExotic>
      <ExtraDescriptions />
    </Item>
    <Item>
      <VNum>13304</VNum>
      <Name>Justice Nature</Name>
      <ShortDescription>a vine of justice</ShortDescription>
      <LongDescription>A vine, glowing green, is here.</LongDescription>
      <Description></Description>
      <Level>52</Level>
      <WeaponDamageType>nature</WeaponDamageType>
      <WeaponType>Whip</WeaponType>
      <DiceSides>29</DiceSides>
      <DiceCount>5</DiceCount>
      <DiceBonus>0</DiceBonus>
      <Weight>0.8</Weight>
      <WearFlags>Take Wield</WearFlags>
      <ExtraFlags>Glow Bless AntiEvil NoRemove</ExtraFlags>
      <ItemTypes>Weapon</ItemTypes>
      <Affects />
      <Silver>0</Silver>
      <Gold>0</Gold>
      <Cost>0</Cost>
      <Nutrition>0</Nutrition>
      <Liquid></Liquid>
      <MaxWeight>0</MaxWeight>
      <Material>power</Material>
      <Charges>0</Charges>
      <MaxCharges>0</MaxCharges>
      <MaxDurability>100</MaxDurability>
      <ArmorBash>0</ArmorBash>
      <ArmorSlash>0</ArmorSlash>
      <ArmorPierce>0</ArmorPierce>
      <ArmorExotic>0</ArmorExotic>
      <ExtraDescriptions />
    </Item>
    <Item>
      <VNum>13305</VNum>
      <Name>chain</Name>
      <ShortDescription>a large chain</ShortDescription>
      <LongDescription>A chain lays here forgotten.</LongDescription>
      <Description></Description>
      <Level>43</Level>
      <WeaponDamageType>whip</WeaponDamageType>
      <WeaponType>Whip</WeaponType>
      <DiceSides>5</DiceSides>
      <DiceCount>10</DiceCount>
      <DiceBonus>0</DiceBonus>
      <Weight>3</Weight>
      <WearFlags>Take Wield</WearFlags>
      <ExtraFlags>AntiEvil</ExtraFlags>
      <ItemTypes>Weapon</ItemTypes>
      <Affects />
      <Silver>0</Silver>
      <Gold>0</Gold>
      <Cost>250</Cost>
      <Nutrition>0</Nutrition>
      <Liquid></Liquid>
      <MaxWeight>0</MaxWeight>
      <Material>metal</Material>
      <Charges>0</Charges>
      <MaxCharges>0</MaxCharges>
      <MaxDurability>100</MaxDurability>
      <ArmorBash>0</ArmorBash>
      <ArmorSlash>0</ArmorSlash>
      <ArmorPierce>0</ArmorPierce>
      <ArmorExotic>0</ArmorExotic>
      <ExtraDescriptions />
    </Item>
    <Item>
      <VNum>13306</VNum>
      <Name>fire collar</Name>
      <ShortDescription>a collar of fire</ShortDescription>
      <LongDescription>A circle of fire lys here.</LongDescription>
      <Description></Description>
      <Level>45</Level>
      <WeaponDamageType>none</WeaponDamageType>
      <WeaponType>None</WeaponType>
      <DiceSides>1</DiceSides>
      <DiceCount>1</DiceCount>
      <DiceBonus>1</DiceBonus>
      <Weight>1.5</Weight>
      <WearFlags>Take Neck</WearFlags>
      <ExtraFlags>Glow Hum Evil AntiGood AntiNeutral NoRemove</ExtraFlags>
      <ItemTypes>Armor</ItemTypes>
      <Affects>
        <Affect where="ToObject" level="0" duration="-1" location="Damroll" modifier="2" hidden="False" affectType="Spell">
          <ExtraState />
        </Affect>
        <Affect where="ToObject" level="0" duration="-1" location="Hitroll" modifier="2" hidden="False" affectType="Spell">
          <ExtraState />
        </Affect>
      </Affects>
      <Silver>0</Silver>
      <Gold>0</Gold>
      <Cost>400</Cost>
      <Nutrition>0</Nutrition>
      <Liquid></Liquid>
      <MaxWeight>0</MaxWeight>
      <Material>energy</Material>
      <Charges>0</Charges>
      <MaxCharges>0</MaxCharges>
      <MaxDurability>100</MaxDurability>
      <ArmorBash>6</ArmorBash>
      <ArmorSlash>6</ArmorSlash>
      <ArmorPierce>6</ArmorPierce>
      <ArmorExotic>6</ArmorExotic>
      <ExtraDescriptions />
    </Item>
    <Item>
      <VNum>13307</VNum>
      <Name>leash</Name>
      <ShortDescription>a leash</ShortDescription>
      <LongDescription>A leash lays here unused.</LongDescription>
      <Description></Description>
      <Level>42</Level>
      <WeaponDamageType>whip</WeaponDamageType>
      <WeaponType>Exotic</WeaponType>
      <DiceSides>5</DiceSides>
      <DiceCount>10</DiceCount>
      <DiceBonus>0</DiceBonus>
      <Weight>2</Weight>
      <WearFlags>Take Wield</WearFlags>
      <ExtraFlags></ExtraFlags>
      <ItemTypes>Weapon</ItemTypes>
      <Affects />
      <Silver>0</Silver>
      <Gold>0</Gold>
      <Cost>100</Cost>
      <Nutrition>0</Nutrition>
      <Liquid></Liquid>
      <MaxWeight>0</MaxWeight>
      <Material>leather</Material>
      <Charges>0</Charges>
      <MaxCharges>0</MaxCharges>
      <MaxDurability>100</MaxDurability>
      <ArmorBash>0</ArmorBash>
      <ArmorSlash>0</ArmorSlash>
      <ArmorPierce>0</ArmorPierce>
      <ArmorExotic>0</ArmorExotic>
      <ExtraDescriptions />
    </Item>
    <Item>
      <VNum>13399</VNum>
      <Name>map ur'tazi caves</Name>
      <ShortDescription>a old map not for mortals</ShortDescription>
      <LongDescription>A old map is here, better sacrifice it</LongDescription>
      <Description></Description>
      <Level>52</Level>
      <WeaponDamageType>none</WeaponDamageType>
      <WeaponType>None</WeaponType>
      <DiceSides>1</DiceSides>
      <DiceCount>1</DiceCount>
      <DiceBonus>1</DiceBonus>
      <Weight>0</Weight>
      <WearFlags>Take</WearFlags>
      <ExtraFlags></ExtraFlags>
      <ItemTypes>Trash</ItemTypes>
      <Affects />
      <Silver>0</Silver>
      <Gold>0</Gold>
      <Cost>0</Cost>
      <Nutrition>0</Nutrition>
      <Liquid></Liquid>
      <MaxWeight>0</MaxWeight>
      <Material>unknown</Material>
      <Charges>0</Charges>
      <MaxCharges>0</MaxCharges>
      <MaxDurability>100</MaxDurability>
      <ArmorBash>0</ArmorBash>
      <ArmorSlash>0</ArmorSlash>
      <ArmorPierce>0</ArmorPierce>
      <ArmorExotic>0</ArmorExotic>
      <ExtraDescriptions>
        <ExtraDescription>
          <Keyword>map</Keyword>
          <Description>#
|
#    #
|    |
#--#--#--#
|
#
|
#
|
#
|
#--#--#--#
|    |
#   #--#--#
|   | | |
#   #--#--#
|
#--#--#
|
#
|
#</Description>
        </ExtraDescription>
      </ExtraDescriptions>
    </Item>
  </Items>
  <Resets>
    <Reset Type="NPC" Destination="13312" Count="1" Max="5" Vnum="13304">
      <!--Spawn an imp to Within a cavern-->
    </Reset>
    <Reset Type="Equip" Destination="0" Count="0" Max="0" Vnum="13307">
      <!--Spawn a leash to an imp-->
    </Reset>
    <Reset Type="NPC" Destination="13313" Count="1" Max="5" Vnum="13304">
      <!--Spawn an imp to Within a cavern-->
    </Reset>
    <Reset Type="Equip" Destination="0" Count="0" Max="0" Vnum="13307">
      <!--Spawn a leash to an imp-->
    </Reset>
    <Reset Type="NPC" Destination="13314" Count="1" Max="10" Vnum="13303">
      <!--Spawn a fire beast to Within a cavern-->
    </Reset>
    <Reset Type="Equip" Destination="0" Count="0" Max="0" Vnum="13306">
      <!--Spawn a collar of fire to a fire beast-->
    </Reset>
    <Reset Type="NPC" Destination="13315" Count="1" Max="5" Vnum="13304">
      <!--Spawn an imp to Within a cavern-->
    </Reset>
    <Reset Type="Equip" Destination="0" Count="0" Max="0" Vnum="13307">
      <!--Spawn a leash to an imp-->
    </Reset>
    <Reset Type="NPC" Destination="13316" Count="1" Max="10" Vnum="13303">
      <!--Spawn a fire beast to Within a cavern-->
    </Reset>
    <Reset Type="Equip" Destination="0" Count="0" Max="0" Vnum="13306">
      <!--Spawn a collar of fire to a fire beast-->
    </Reset>
    <Reset Type="NPC" Destination="13317" Count="1" Max="5" Vnum="13304">
      <!--Spawn an imp to Within a cavern-->
    </Reset>
    <Reset Type="Equip" Destination="0" Count="0" Max="0" Vnum="13307">
      <!--Spawn a leash to an imp-->
    </Reset>
    <Reset Type="NPC" Destination="13317" Count="10" Max="10" Vnum="13303">
      <!--Spawn a fire beast to Within a cavern-->
    </Reset>
    <Reset Type="Equip" Destination="0" Count="0" Max="0" Vnum="13306">
      <!--Spawn a collar of fire to a fire beast-->
    </Reset>
    <Reset Type="NPC" Destination="13319" Count="1" Max="1" Vnum="13302">
      <!--Spawn a ghost to A hidden passage, in the dark cave-->
    </Reset>
    <Reset Type="NPC" Destination="13324" Count="1" Max="1" Vnum="13301">
      <!--Spawn Larnest to Before a fiery cavern, in the dark cave-->
    </Reset>
    <Reset Type="NPC" Destination="13326" Count="1" Max="1" Vnum="13300">
      <!--Spawn Lynchre to The Forge of Ur'Tazi-->
    </Reset>
    <Reset Type="Equip" Destination="0" Count="0" Max="0" Vnum="13300">
      <!--Spawn blood ore armor to Lynchre-->
    </Reset>
    <Reset Type="Equip" Destination="0" Count="0" Max="0" Vnum="13301">
      <!--Spawn blood ore helmet to Lynchre-->
    </Reset>
    <Reset Type="Equip" Destination="0" Count="0" Max="0" Vnum="13303">
      <!--Spawn blood ore axe to Lynchre-->
    </Reset>
    <Reset Type="NPC" Destination="13300" Count="1" Max="1" Vnum="13307">
      <!--Spawn Ganisha to Before a massive cave, on the mountainside-->
    </Reset>
    <Reset Type="NPC" Destination="13301" Count="1" Max="1" Vnum="13309">
      <!--Spawn Hamil to Within a slightly-lit cave-->
    </Reset>
    <Reset Type="NPC" Destination="13305" Count="1" Max="1" Vnum="13308">
      <!--Spawn Centra to Along a thin tunnel, within a dark cave-->
    </Reset>
    <Reset Type="Equip" Destination="0" Count="0" Max="0" Vnum="13305">
      <!--Spawn a large chain to Centra-->
    </Reset>
    <Reset Type="NPC" Destination="13306" Count="1" Max="1" Vnum="13306">
      <!--Spawn Bungo to Along an odd tunnel, within a dark cave-->
    </Reset>
    <Reset Type="NPC" Destination="13308" Count="1" Max="1" Vnum="13305">
      <!--Spawn Mimsa to Before a sharp turn, in the dark cave-->
    </Reset>
  </Resets>
</Area>