﻿<?xml version="1.0" encoding="utf-8"?>
<Area>
  <AreaData>
    <Name>Valhalla</Name>
    <Info></Info>
    <VnumStart>1200</VnumStart>
    <VnumEnd>1299</VnumEnd>
    <MinimumLevel>51</MinimumLevel>
    <MaximumLevel>60</MaximumLevel>
    <Builders></Builders>
    <Security>0</Security>
    <Credits>ROM     Immortal Zone</Credits>
    <Continent>Immortal</Continent>
    <OverRoomVnum>101000</OverRoomVnum>
  </AreaData>
  <Rooms>
    <Room>
      <VNum>1200</VNum>
      <Name>The Chat Room</Name>
      <Description>You are lounging in a quiet cosy parlour, warmed by a gentle magical fire
which twinkles happily in a warm fireplace.  This is one of the many rooms
where the heroes and gods come to socialize.  It is by far one of the most
comfortable!</Description>
      <Sector>Inside</Sector>
      <Flags>NoMob</Flags>
      <Exits>
        <Exit>
          <Direction>South</Direction>
          <Destination>1213</Destination>
          <Display>the door south</Display>
          <Keywords></Keywords>
          <Description>Asgard lies to the south.</Description>
          <Flags></Flags>
          <Keys>-1</Keys>
          <ExitSize>Giant</ExitSize>
        </Exit>
      </Exits>
      <ExtraDescriptions />
    </Room>
    <Room>
      <VNum>1201</VNum>
      <Name>Moses' Hangout</Name>
      <Description>Moses' Hangout is a warm and inviting room designed for rest and rejuvenation. The fireplace is the centerpiece, with a burning bush giving off a soft, warm glow. Two stone tablets and a bible rest on a small ledge near the fireplace, serving as a reminder of the divine inspiration that this room is named after. A plush couch and comfortable armchairs are arranged in front of the fireplace, inviting visitors to sink into their soft cushions and enjoy the flickering fire. There is a television and stereo system in the room, as well as a hot tub in the corner, offering the ultimate in relaxation. A small bell sits on a nearby table, allowing guests to summon the butler with ease. This room truly provides a sanctuary for the soul.</Description>
      <Sector>Inside</Sector>
      <Flags>NoMob</Flags>
      <Exits>
        <Exit>
          <Direction>North</Direction>
          <Destination>1213</Destination>
          <Display>the door north</Display>
          <Keywords></Keywords>
          <Description>Asgard lies to the north.</Description>
          <Flags></Flags>
          <Keys>-1</Keys>
          <ExitSize>Giant</ExitSize>
        </Exit>
      </Exits>
      <ExtraDescriptions />
    </Room>
    <Room>
      <VNum>1202</VNum>
      <Name>The Center of the Universe</Name>
      <Description>The center of the universe is a place beyond description, where the laws of physics and reality as we know it no longer apply. The space is filled with an otherworldly radiance, a brilliant light in every color imaginable, pulsing with an energy that defies comprehension. Here, time seems to stand still, and the boundaries of space are blurred beyond recognition. The air is thick with an intangible essence, charged with the power of creation and boundless possibility. Exits to all 42 dimensions open before you, leading to every corner of the multiverse and beyond. The energy of this place is both calming and invigorating, filled with a sense of peace and infinite potential. Here, one feels as if they have reached the very heart of existence, a place where all things are possible and anything can be created with a single thought.</Description>
      <Sector>Inside</Sector>
      <Flags>NoMob</Flags>
      <Exits>
        <Exit>
          <Direction>East</Direction>
          <Destination>1213</Destination>
          <Display>the door east</Display>
          <Keywords></Keywords>
          <Description>Asgard lies to the east.</Description>
          <Flags></Flags>
          <Keys>-1</Keys>
          <ExitSize>Giant</ExitSize>
        </Exit>
      </Exits>
      <ExtraDescriptions />
    </Room>
    <Room>
      <VNum>1203</VNum>
      <Name>Valhalla</Name>
      <Description>This is the huge Hall of Valhalla, where the Gods rule supreme.  The
cavernous building stretches infinitely in all directions.  Valhalla 
continues to the east, and the gods make their homes north and south of
the halls.  The golden gates are to the west.  You know not what lies 
upward...</Description>
      <Sector>Inside</Sector>
      <Flags>NoMob</Flags>
      <Exits>
        <Exit>
          <Direction>North</Direction>
          <Destination>1209</Destination>
          <Display>the door north</Display>
          <Keywords></Keywords>
          <Description>Alander's workroom is to the north.</Description>
          <Flags>Door Closed</Flags>
          <Keys>-1</Keys>
          <ExitSize>Giant</ExitSize>
        </Exit>
        <Exit>
          <Direction>East</Direction>
          <Destination>1217</Destination>
          <Display>the door east</Display>
          <Keywords></Keywords>
          <Description>Valhalla continues east.</Description>
          <Flags></Flags>
          <Keys>-1</Keys>
          <ExitSize>Giant</ExitSize>
        </Exit>
        <Exit>
          <Direction>South</Direction>
          <Destination>1208</Destination>
          <Display>the door south</Display>
          <Keywords></Keywords>
          <Description>A sea cave is south of here.</Description>
          <Flags>Door Closed</Flags>
          <Keys>-1</Keys>
          <ExitSize>Giant</ExitSize>
        </Exit>
        <Exit>
          <Direction>West</Direction>
          <Destination>1216</Destination>
          <Display>the door west</Display>
          <Keywords></Keywords>
          <Description>The entrance to Valhalla is to the west.</Description>
          <Flags></Flags>
          <Keys>-1</Keys>
          <ExitSize>Giant</ExitSize>
        </Exit>
        <Exit>
          <Direction>Up</Direction>
          <Destination>1</Destination>
          <Display>the door up</Display>
          <Keywords></Keywords>
          <Description>If you want to know what is up there, you shall have to go look...</Description>
          <Flags></Flags>
          <Keys>-1</Keys>
          <ExitSize>Giant</ExitSize>
        </Exit>
      </Exits>
      <ExtraDescriptions />
    </Room>
    <Room>
      <VNum>1204</VNum>
      <Name>Priscilla's Pleasure Palace </Name>
      <Description>As you look around you, you see the largest collection of erotic toys
in the world!!!  On a table in the middle of the room lies a book titled :
"All You Ever Wanted to Know About Sex..But Were Afraid to Ask"
There are things here that you never even imagined in your wildest dreams!</Description>
      <Sector>Inside</Sector>
      <Flags>NoMob</Flags>
      <Exits>
        <Exit>
          <Direction>North</Direction>
          <Destination>1218</Destination>
          <Display>the door north</Display>
          <Keywords></Keywords>
          <Description>Valhalla is to the north.</Description>
          <Flags>Door Closed</Flags>
          <Keys>-1</Keys>
          <ExitSize>Giant</ExitSize>
        </Exit>
      </Exits>
      <ExtraDescriptions />
    </Room>
    <Room>
      <VNum>1205</VNum>
      <Name>The Eye of the Hurricane</Name>
      <Description>The shrieking winds of a monstrous storm surround you, spinning you around
in an endless web of fury. But then, in the middle of turmoil, you find a
strange calm. You find yourself hovering in the calm eye of a hurricane. All
around you you can see the desruction caused by the powerful storm. White
hot flashes of lightning flicker from the depths of the hurricane.  But
everything is strangely peaceful in here, with the sun shining in from above
and a flock of birds winging across the sky.  You stretch out and relax, this
storm is going to be here a while.</Description>
      <Sector>Air</Sector>
      <Flags>NoMob</Flags>
      <Exits />
      <ExtraDescriptions />
    </Room>
    <Room>
      <VNum>1206</VNum>
      <Name>The Chamber of Holiness</Name>
      <Description>In each of the cardinal directions a column of marble inlaid with gold
supports the ceiling All around you the light bounces from one object to
another giving the chamber a golden hue and preventing darkness from ever
entering the chamber.  The small window carved into the eastern wall gives
you a remarkable view of the rest of Valhalla.</Description>
      <Sector>Inside</Sector>
      <Flags>NoMob</Flags>
      <Exits />
      <ExtraDescriptions>
        <ExtraDescription>
          <Keyword>window</Keyword>
          <Description>Looking out the window you can see the city of Vahalla in it's entirety.</Description>
        </ExtraDescription>
      </ExtraDescriptions>
    </Room>
    <Room>
      <VNum>1207</VNum>
      <Name>The Satin Memorial Reading Room</Name>
      <Description>Half read books lie everywhere: Yeats, Tennyson, Chandler, Barrie;
a battered paperback de Laclos; a dusty leather-bound Donne.  A
damp novel perches precariously on the edge of a large bathtub.
As your eyes travel beyond the steam rising to the air toward the
rose-brambled balcony railing, you notice a well-creased printout
of a poem sitting on a the velvet cushions of a rosewood chair
that has been set so as to see the stark black mountains  from one angle, or
the wine-dark sea from another.</Description>
      <Sector>Hills</Sector>
      <Flags>NoMob</Flags>
      <Exits>
        <Exit>
          <Direction>South</Direction>
          <Destination>1217</Destination>
          <Display>the door south</Display>
          <Keywords></Keywords>
          <Description>Valhalla is to the south.</Description>
          <Flags>Door Closed</Flags>
          <Keys>-1</Keys>
          <ExitSize>Giant</ExitSize>
        </Exit>
      </Exits>
      <ExtraDescriptions>
        <ExtraDescription>
          <Keyword>rose rose-brambled balcony railing</Keyword>
          <Description>Climbing white roses have swarmed over the original marble to obscure
it almost completely.  The air is sweet not with roses, though,
but with Satin's sandalwood perfume.</Description>
        </ExtraDescription>
        <ExtraDescription>
          <Keyword>rosewood chair</Keyword>
          <Description>It looks comfortable, and the cushions are ivory velvet.</Description>
        </ExtraDescription>
        <ExtraDescription>
          <Keyword>stark black mountains wine wine-dark dark sea</Keyword>
          <Description>The ocean is constantly smashing up against the cliffs and rending
huge slabs from it.  The beach is scarcely a beach at all, more a
collection of rough flakes varying in size from a small car to a
small fist.  As the water comes up over the rocks and ebbs back
down, it filters through the spaces and makes an unnerving rattling
sound.</Description>
        </ExtraDescription>
        <ExtraDescription>
          <Keyword>print out print-out creased well poem</Keyword>
          <Description>This page has been read over so many times that you can barely discern
the words, and in fact with much poring only the following becomes
clear:
'I know that I am studly - Heck, I'm sexy, cute and cuddly
And I know that I'm extremely modest too.'</Description>
        </ExtraDescription>
        <ExtraDescription>
          <Keyword>yeats</Keyword>
          <Description>The page it is flipped open to reads:
A sudden blow: the great wings beating still
Above the staggering girl, her thighs carressed
By the dark webs, her nape caught in his bill,
he holds her helpless breast upon his breast.
How can those terrified vague fingers push
The feathered glory from her loosening thighs?
And how can body, laid in that white rush,
But feel that strange heart beating where it lies?
A shudder in the loins engenders there
The broken wall, the burning roof and tower
And Agammemnon dead.  Being so caught up,
So mastered by this brute blood of the air,
Did she put on his knowledge with his power
Before his indifferent beak could let her drop?</Description>
        </ExtraDescription>
        <ExtraDescription>
          <Keyword>chandler</Keyword>
          <Description>She has just started the Lady in the Lake:
Gillerain Regal, the Champagne of Perfumes.  It was definitely
the stuff to get.  One drop of that in the hollow of your
throat and the matched pink pearls started falling off you like
summer rain.</Description>
        </ExtraDescription>
        <ExtraDescription>
          <Keyword>barrie</Keyword>
          <Description>A copy of Peter Pan is opened near the end:
What sort of form was Hook showing?  Misguided man though he
was, we may be glad, without sympathising with him, that in
the end he stayed true to the traditions of his race.  The
other boys were flying about him now, flouting, scornful; and
as he staggered about the deck striking at them impotently, his
mind was no longer with them; it was slouching in the playing
fields of long ago, or being sent up for good, or watching
the wall-game from a famous wall.  And his shoes were right,
and his waistcoat was right, and his tie was right, and his
socks were right.
James Hook, thou not wholly unheroic figure, farewell.</Description>
        </ExtraDescription>
        <ExtraDescription>
          <Keyword>tennyson</Keyword>
          <Description>.       "My mariners
Souls that have toiled, and wrought, and thought with me -
The ever with a frolic welcome took
The thunder and the sunshine, and opposed
Free hearts, free foreheads - you and I are old;
Old age hath yet his honour and the toil
Death closes all; but something ere the end,
Some work of noble note, may yet be done,
Not unbecoming of men that strove with the gods.
The lights begin to twinkle from the rocks;
The long day wanes; the slow moon climbs; the deep
Moans round with many voices."</Description>
        </ExtraDescription>
        <ExtraDescription>
          <Keyword>battered paperback de Laclos</Keyword>
          <Description>.       'One is very soon bored of everything, my angel; it is a law
of nature.  It is not my fault.
If, that is to say, that I am bored with an adventure that has
claimed my attentions for four mortal months, it is not my fault.
If, that is to say, my love is equal to your virtue - and that
is certainly saying a great deal - it is not surprising that
one should come to the end at the same time as the other.  It
is not my fault.
A woman that I love madly now insists that I give you up for
her.  It is not my fault.
I quite realize that this is the perfect opportunity to accuse
me of perjury: but if, where nature has gifted men with no
more than constancy, she has given women obstinacy, it is
not my fault.
Believe this, you should take another lover, even as I take
another mistress.  This is good, very good advice: if you
find it bad, it is not my fault.
Good-bye, my angel.  I took you with pleasure, I leave you
without regret.  I shall come back perhaps.  Such is life.
It is not my fault.</Description>
        </ExtraDescription>
        <ExtraDescription>
          <Keyword>dusty leather bound leather-bound Donne</Keyword>
          <Description>.       `Cruel and sudden, hast thou since
Purpled thy nail in blood of innocence?
Wherein could this flea guilty be,
Except in the drop it sucked from thee?
Yet thou trimph'st and say'st that thou
Find'st not thyself, nor me the weaker now;
'Tis true, then learn how false fears be:
Just so much honour when thou yield'st to me
Will waste as this flea's death took life from thee.'</Description>
        </ExtraDescription>
      </ExtraDescriptions>
    </Room>
    <Room>
      <VNum>1208</VNum>
      <Name>A Sea Cave</Name>
      <Description>You are in a small cave in a cliff next to a deep green sea.  Fine
gold and pink sand blanket the floor.  Shells are scattered and strewn
about.  A blow hole in the roof of the cave allows beams of light to stream
in and illuminate the cave.  The wind blows outside the entrance, but
you are protected from the weather in your cozy cave.  The foamy surf
never seems to quite reach your feet.  Several boulders here have been
worn by time into a shape similar to a comfortable chair.</Description>
      <Sector>Inside</Sector>
      <Flags>NoMob</Flags>
      <Exits>
        <Exit>
          <Direction>North</Direction>
          <Destination>1203</Destination>
          <Display>the door north</Display>
          <Keywords></Keywords>
          <Description>Valhalla lies to the north.</Description>
          <Flags>Door Closed</Flags>
          <Keys>-1</Keys>
          <ExitSize>Giant</ExitSize>
        </Exit>
      </Exits>
      <ExtraDescriptions />
    </Room>
    <Room>
      <VNum>1209</VNum>
      <Name>The Archmage's Workroom</Name>
      <Description>This well-lit room is absolutely filled with clutter -- enchanting gear,
reagents, spell components, ancient tomes, scrolls, braziers, exotic incense
and countless other tools of the magical trade, all jumbled together with
seemingly no attention paid to organization.  You have no doubts that Alander
can find whatever he needs without delay, however.  A heavy oak door stands
barred to the south, to discourage idle visitors, and Alander's quarters
are east.</Description>
      <Sector>Inside</Sector>
      <Flags>NoMob</Flags>
      <Exits>
        <Exit>
          <Direction>South</Direction>
          <Destination>1203</Destination>
          <Display>the door south</Display>
          <Keywords></Keywords>
          <Description>Valhalla is to the south.</Description>
          <Flags>Door Closed</Flags>
          <Keys>-1</Keys>
          <ExitSize>Giant</ExitSize>
        </Exit>
      </Exits>
      <ExtraDescriptions>
        <ExtraDescription>
          <Keyword>tools scrolls braziers components</Keyword>
          <Description>It's all worth a fortune, but you'd better not touch it.  Alander keeps
inventory and holds grudges.</Description>
        </ExtraDescription>
        <ExtraDescription>
          <Keyword>clutter mess</Keyword>
          <Description>You notice Jimmy Hoffa's ring.</Description>
        </ExtraDescription>
      </ExtraDescriptions>
    </Room>
    <Room>
      <VNum>1210</VNum>
      <Name>Office</Name>
      <Description>The first thing you notice about this office is the floor; it
is a black &amp; white checkerboard pattern, with 8 squares to a side.  The
south wall is a HUGE picture window that produces a magnificent view of 
the land.  In front of the window is a large desk.  Completely covering
the east wall is a bookshelf, that is crammed full.  In the northwest
corner, you notice a statue.</Description>
      <Sector>Inside</Sector>
      <Flags>NoMob</Flags>
      <Exits>
        <Exit>
          <Direction>North</Direction>
          <Destination>1217</Destination>
          <Display>the door north</Display>
          <Keywords></Keywords>
          <Description>Valhalla is to the north</Description>
          <Flags>Door Closed</Flags>
          <Keys>-1</Keys>
          <ExitSize>Giant</ExitSize>
        </Exit>
      </Exits>
      <ExtraDescriptions>
        <ExtraDescription>
          <Keyword>desk</Keyword>
          <Description>This desk is much larger than anyone could possibly need.  At one end you 
notice a large, disorderly mass of papers; it must be all his immortal
paperwork.  At the other end is a magnificent wooden inlaid board with
handcrafted ebony and hardwood pieces.</Description>
        </ExtraDescription>
        <ExtraDescription>
          <Keyword>statue</Keyword>
          <Description>You recognize this as a statue of Robert James Fischer, one of the most 
creative, if not eccentric, players of all time.  The inscription on the
base reads, "I like the moment when I crush a man's ego."</Description>
        </ExtraDescription>
        <ExtraDescription>
          <Keyword>bookshelf</Keyword>
          <Description>This is the most amazing collection of chess books you have ever seen.
Everything from Damiano's manuscripts, to a complete collection of the
Encyclopedia of Chess Openings, to the latest Imformants are all here.</Description>
        </ExtraDescription>
      </ExtraDescriptions>
    </Room>
    <Room>
      <VNum>1211</VNum>
      <Name>Arena of Judgement</Name>
      <Description>The scene lain before you is one that gives you the feeling of being placed
under a higher authority.  The jury is out.  A statue of Pontius Pilate is
in the aft of the Arena.  Staring balefully, the statue faces a distant
hillside where many aged crosses still stand.  The Arena is set in a wide
pit-like field of trampled bloodstained grass, and is guarded by high walls
of veinous marble.  A bloodstone seat awaits the true paragon of Romanity.</Description>
      <Sector>Inside</Sector>
      <Flags>NoMob</Flags>
      <Exits>
        <Exit>
          <Direction>South</Direction>
          <Destination>1218</Destination>
          <Display>the door south</Display>
          <Keywords></Keywords>
          <Description>Valhalla is to the south.</Description>
          <Flags>Door Closed</Flags>
          <Keys>-1</Keys>
          <ExitSize>Giant</ExitSize>
        </Exit>
      </Exits>
      <ExtraDescriptions>
        <ExtraDescription>
          <Keyword>statue</Keyword>
          <Description>A statue of Pontius Pilate is here.  On it's face is the expression of some
age old contemplation.  Standing at the statues bronzy feet is a Blood red
shield that glimmers like a pool of blood.</Description>
        </ExtraDescription>
      </ExtraDescriptions>
    </Room>
    <Room>
      <VNum>1212</VNum>
      <Name>The Realm of the Dead</Name>
      <Description>You are standing on an immense, grey stone floor that stretches as far as you
can see in all directions.  Rough winds plunging from the dark, starless sky
tear savagely at your fragile body.</Description>
      <Sector>Inside</Sector>
      <Flags>NoMob</Flags>
      <Exits>
        <Exit>
          <Direction>North</Direction>
          <Destination>1212</Destination>
          <Display>the door north</Display>
          <Keywords></Keywords>
          <Description>The hard floor seems to go on forever.</Description>
          <Flags></Flags>
          <Keys>-1</Keys>
          <ExitSize>Giant</ExitSize>
        </Exit>
        <Exit>
          <Direction>East</Direction>
          <Destination>1212</Destination>
          <Display>the door east</Display>
          <Keywords></Keywords>
          <Description>The hard floor seems to go on forever.</Description>
          <Flags></Flags>
          <Keys>-1</Keys>
          <ExitSize>Giant</ExitSize>
        </Exit>
        <Exit>
          <Direction>South</Direction>
          <Destination>1212</Destination>
          <Display>the door south</Display>
          <Keywords></Keywords>
          <Description>The hard floor seems to go on forever.</Description>
          <Flags></Flags>
          <Keys>-1</Keys>
          <ExitSize>Giant</ExitSize>
        </Exit>
        <Exit>
          <Direction>West</Direction>
          <Destination>1212</Destination>
          <Display>the door west</Display>
          <Keywords></Keywords>
          <Description>The hard floor seems to go on forever.</Description>
          <Flags></Flags>
          <Keys>-1</Keys>
          <ExitSize>Giant</ExitSize>
        </Exit>
      </Exits>
      <ExtraDescriptions>
        <ExtraDescription>
          <Keyword>sky wind winds</Keyword>
          <Description>Cold winds plunge ceaselessly at you from the dark, cloudless sky.</Description>
        </ExtraDescription>
        <ExtraDescription>
          <Keyword>floor</Keyword>
          <Description>The stone floor is the same shade of grey as the sky and is completely plain
and unscratched.  It is probably too hard for anything to leave as much as a
scratch on it.</Description>
        </ExtraDescription>
      </ExtraDescriptions>
    </Room>
    <Room>
      <VNum>1213</VNum>
      <Name>Asgard</Name>
      <Description>You stand on a huge expanse of glass.  Below you are clouds and the 
pains of mortality.  As you stand in Asgard, home of the bravest of the
brave, you are frozen in awe of the power held within these walls.  A 
huge mansion lies to the east beyond a set of magnificent golden doors.</Description>
      <Sector>Inside</Sector>
      <Flags></Flags>
      <Exits>
        <Exit>
          <Direction>North</Direction>
          <Destination>1200</Destination>
          <Display>the door north</Display>
          <Keywords></Keywords>
          <Description>The chat room is to the north.</Description>
          <Flags></Flags>
          <Keys>-1</Keys>
          <ExitSize>Giant</ExitSize>
        </Exit>
        <Exit>
          <Direction>East</Direction>
          <Destination>1216</Destination>
          <Display>the door east</Display>
          <Keywords></Keywords>
          <Description>The golden doors of Valhalla are to the east</Description>
          <Flags></Flags>
          <Keys>-1</Keys>
          <ExitSize>Giant</ExitSize>
        </Exit>
        <Exit>
          <Direction>South</Direction>
          <Destination>1201</Destination>
          <Display>the door south</Display>
          <Keywords></Keywords>
          <Description>Moses' hangout is to the south.</Description>
          <Flags></Flags>
          <Keys>-1</Keys>
          <ExitSize>Giant</ExitSize>
        </Exit>
        <Exit>
          <Direction>West</Direction>
          <Destination>1202</Destination>
          <Display>the door west</Display>
          <Keywords></Keywords>
          <Description>The center of the universe is to the west.</Description>
          <Flags></Flags>
          <Keys>-1</Keys>
          <ExitSize>Giant</ExitSize>
        </Exit>
        <Exit>
          <Direction>Down</Direction>
          <Destination>1215</Destination>
          <Display>the door down</Display>
          <Keywords></Keywords>
          <Description>The Rainbow Bridge is below you.  You can barely see it through the clouds.</Description>
          <Flags></Flags>
          <Keys>-1</Keys>
          <ExitSize>Giant</ExitSize>
        </Exit>
      </Exits>
      <ExtraDescriptions />
    </Room>
    <Room>
      <VNum>1214</VNum>
      <Name>The Room of Lost Souls</Name>
      <Description>This is the room full of souls that never made it to Asgard.  They are 
trapped here eternally, left to wander about in misery.  They were infidels
and cowards.  Their cries of misery send a shiver down your spine.</Description>
      <Sector>Inside</Sector>
      <Flags>NoMob</Flags>
      <Exits>
        <Exit>
          <Direction>Down</Direction>
          <Destination>1219</Destination>
          <Display>the door down</Display>
          <Keywords></Keywords>
          <Description></Description>
          <Flags></Flags>
          <Keys>-1</Keys>
          <ExitSize>Giant</ExitSize>
        </Exit>
      </Exits>
      <ExtraDescriptions />
    </Room>
    <Room>
      <VNum>1215</VNum>
      <Name>Head of the Rainbow Bridge</Name>
      <Description>Standing on the mortal end of the Rainbow Bridge, the bridge arches up 
before you and seems to disappear into the clouds.  You wonder if it is 
wise to venture upward into the realm of the gods.  But it seems so calm
and peaceful here that it would be a shame to leave...</Description>
      <Sector>City</Sector>
      <Flags></Flags>
      <Exits>
        <Exit>
          <Direction>Up</Direction>
          <Destination>1220</Destination>
          <Display>the door up</Display>
          <Keywords></Keywords>
          <Description>The Rainbow Bridge stretches ahead before you.</Description>
          <Flags></Flags>
          <Keys>-1</Keys>
          <ExitSize>Giant</ExitSize>
        </Exit>
        <Exit>
          <Direction>Down</Direction>
          <Destination>3114</Destination>
          <Display>the door down</Display>
          <Keywords></Keywords>
          <Description>The pond of Midgaard is below you.</Description>
          <Flags></Flags>
          <Keys>-1</Keys>
          <ExitSize>Giant</ExitSize>
        </Exit>
      </Exits>
      <ExtraDescriptions />
    </Room>
    <Room>
      <VNum>1216</VNum>
      <Name>The Entrance of Valhalla</Name>
      <Description>The huge ornate entrance of Valhalla is before you.  It seems as though
atleast eight-hundred soldiers could walk abreast of one another through
these doors. You stare in awe at the sparkling mansion before you.  You
wonder what secrets are held behind these doors and long to hear the stories
of bravery and glory that you know are kept within the walls of Valhalla.</Description>
      <Sector>City</Sector>
      <Flags></Flags>
      <Exits>
        <Exit>
          <Direction>East</Direction>
          <Destination>1203</Destination>
          <Display>the door east</Display>
          <Keywords></Keywords>
          <Description>Valhalla lies to the east.</Description>
          <Flags></Flags>
          <Keys>-1</Keys>
          <ExitSize>Giant</ExitSize>
        </Exit>
        <Exit>
          <Direction>West</Direction>
          <Destination>1213</Destination>
          <Display>the door west</Display>
          <Keywords></Keywords>
          <Description>Asgard lies to the west.</Description>
          <Flags></Flags>
          <Keys>-1</Keys>
          <ExitSize>Giant</ExitSize>
        </Exit>
      </Exits>
      <ExtraDescriptions />
    </Room>
    <Room>
      <VNum>1217</VNum>
      <Name>Valhalla</Name>
      <Description>You are standing in the halls of Valhalla.  Pictures of Odin, Thor, Tyr,
Loki, Freyr, Feyja, and Balder line the walls.  The cavernous hall extends
to the east and west.  Rooms belonging to the gods lie to the north and 
south.  There appears to be an exit above you, but you do not know what is
up there...</Description>
      <Sector>Inside</Sector>
      <Flags></Flags>
      <Exits>
        <Exit>
          <Direction>North</Direction>
          <Destination>1207</Destination>
          <Display>the door north</Display>
          <Keywords></Keywords>
          <Description>The Satin Memorial Reading Room is north of here.</Description>
          <Flags>Door Closed</Flags>
          <Keys>-1</Keys>
          <ExitSize>Giant</ExitSize>
        </Exit>
        <Exit>
          <Direction>East</Direction>
          <Destination>1218</Destination>
          <Display>the door east</Display>
          <Keywords></Keywords>
          <Description>Valhalla continues east.</Description>
          <Flags></Flags>
          <Keys>-1</Keys>
          <ExitSize>Giant</ExitSize>
        </Exit>
        <Exit>
          <Direction>South</Direction>
          <Destination>1210</Destination>
          <Display>the door south</Display>
          <Keywords></Keywords>
          <Description>Bigfoots' room is south of here.</Description>
          <Flags>Door Closed</Flags>
          <Keys>-1</Keys>
          <ExitSize>Giant</ExitSize>
        </Exit>
        <Exit>
          <Direction>West</Direction>
          <Destination>1203</Destination>
          <Display>the door west</Display>
          <Keywords></Keywords>
          <Description>Valhalla continues west.</Description>
          <Flags></Flags>
          <Keys>-1</Keys>
          <ExitSize>Giant</ExitSize>
        </Exit>
        <Exit>
          <Direction>Up</Direction>
          <Destination>1212</Destination>
          <Display>the door up</Display>
          <Keywords></Keywords>
          <Description>If you want to know what is up there you shall have to go and look...</Description>
          <Flags></Flags>
          <Keys>-1</Keys>
          <ExitSize>Giant</ExitSize>
        </Exit>
      </Exits>
      <ExtraDescriptions />
    </Room>
    <Room>
      <VNum>1218</VNum>
      <Name>Valhalla</Name>
      <Description>You are standing in the halls of Valhalla.  Tapestries of the gods line
the walls.  A statue of Odin is here.  The halls continue to the east and
west, and there are doors to the north and south of you.  There is some 
sort of exit above you, but you do not know where it leads...</Description>
      <Sector>Inside</Sector>
      <Flags></Flags>
      <Exits>
        <Exit>
          <Direction>North</Direction>
          <Destination>1211</Destination>
          <Display>the door north</Display>
          <Keywords></Keywords>
          <Description>Pontius' room is north of here.</Description>
          <Flags>Door Closed</Flags>
          <Keys>-1</Keys>
          <ExitSize>Giant</ExitSize>
        </Exit>
        <Exit>
          <Direction>East</Direction>
          <Destination>1219</Destination>
          <Display>the door east</Display>
          <Keywords></Keywords>
          <Description>Valhalla continues east.</Description>
          <Flags></Flags>
          <Keys>-1</Keys>
          <ExitSize>Giant</ExitSize>
        </Exit>
        <Exit>
          <Direction>South</Direction>
          <Destination>1204</Destination>
          <Display>the door south</Display>
          <Keywords></Keywords>
          <Description>Priscilla's Pleasure Palace is south of here.</Description>
          <Flags>Door Closed</Flags>
          <Keys>-1</Keys>
          <ExitSize>Giant</ExitSize>
        </Exit>
        <Exit>
          <Direction>West</Direction>
          <Destination>1217</Destination>
          <Display>the door west</Display>
          <Keywords></Keywords>
          <Description>Valhalla continues west.</Description>
          <Flags></Flags>
          <Keys>-1</Keys>
          <ExitSize>Giant</ExitSize>
        </Exit>
        <Exit>
          <Direction>Up</Direction>
          <Destination>2</Destination>
          <Display>the door up</Display>
          <Keywords></Keywords>
          <Description>If you want to know what is up there you shall have to go up and see...</Description>
          <Flags></Flags>
          <Keys>-1</Keys>
          <ExitSize>Giant</ExitSize>
        </Exit>
      </Exits>
      <ExtraDescriptions>
        <ExtraDescription>
          <Keyword>statue odin</Keyword>
          <Description>The statue of Odin has been exquisitely crafted.  It is of white marble
with black and gold veins.  It looks to be of magical origin.</Description>
        </ExtraDescription>
      </ExtraDescriptions>
    </Room>
    <Room>
      <VNum>1219</VNum>
      <Name>Valhalla</Name>
      <Description>You have reached the end of the halls of Valhalla.  There are heavy doors
on 3 walls.  They lead into the rooms of the gods.  The hall goes back to
the west, and there is some sort of an exit above you.  Torches sputter
softly and the scent of incense is strong here.</Description>
      <Sector>Inside</Sector>
      <Flags></Flags>
      <Exits>
        <Exit>
          <Direction>North</Direction>
          <Destination>3161</Destination>
          <Display>the door north</Display>
          <Keywords></Keywords>
          <Description>Melancholys' room is north of here.</Description>
          <Flags></Flags>
          <Keys>-1</Keys>
          <ExitSize>Giant</ExitSize>
        </Exit>
        <Exit>
          <Direction>East</Direction>
          <Destination>3150</Destination>
          <Display>the door east</Display>
          <Keywords></Keywords>
          <Description>Kates' room is east of here.</Description>
          <Flags></Flags>
          <Keys>-1</Keys>
          <ExitSize>Giant</ExitSize>
        </Exit>
        <Exit>
          <Direction>South</Direction>
          <Destination>3170</Destination>
          <Display>the door south</Display>
          <Keywords></Keywords>
          <Description>The Temple of Stupid is south of here.</Description>
          <Flags></Flags>
          <Keys>-1</Keys>
          <ExitSize>Giant</ExitSize>
        </Exit>
        <Exit>
          <Direction>West</Direction>
          <Destination>1218</Destination>
          <Display>the door west</Display>
          <Keywords></Keywords>
          <Description>Valhalla goes back to the west.</Description>
          <Flags></Flags>
          <Keys>-1</Keys>
          <ExitSize>Giant</ExitSize>
        </Exit>
        <Exit>
          <Direction>Up</Direction>
          <Destination>1214</Destination>
          <Display>the door up</Display>
          <Keywords></Keywords>
          <Description>If you want to know what is up from here, you shall have to go up and see...</Description>
          <Flags></Flags>
          <Keys>-1</Keys>
          <ExitSize>Giant</ExitSize>
        </Exit>
      </Exits>
      <ExtraDescriptions />
    </Room>
    <Room>
      <VNum>1220</VNum>
      <Name>On the Rainbow Bridge</Name>
      <Description>You have reached the center of the Rainbow Bridge.  Clouds and mist swirl
around your feet.  The view from here is incredible.  It is little wonder 
that the heavens were saved for the gods personal pleasures.</Description>
      <Sector>City</Sector>
      <Flags></Flags>
      <Exits>
        <Exit>
          <Direction>Up</Direction>
          <Destination>1221</Destination>
          <Display>the door up</Display>
          <Keywords></Keywords>
          <Description>The Rainbow Bridge continues upwards into the heavens.</Description>
          <Flags></Flags>
          <Keys>-1</Keys>
          <ExitSize>Giant</ExitSize>
        </Exit>
        <Exit>
          <Direction>Down</Direction>
          <Destination>1215</Destination>
          <Display>the door down</Display>
          <Keywords></Keywords>
          <Description>The Rainbow Bridge disappears down into the clouds.</Description>
          <Flags></Flags>
          <Keys>-1</Keys>
          <ExitSize>Giant</ExitSize>
        </Exit>
      </Exits>
      <ExtraDescriptions>
        <ExtraDescription>
          <Keyword>clouds</Keyword>
          <Description>The clouds are beautiful.  There are shades of gray, pink and purple swirled
into the blue sky.</Description>
        </ExtraDescription>
      </ExtraDescriptions>
    </Room>
    <Room>
      <VNum>1221</VNum>
      <Name>The End of the Rainbow Bridge</Name>
      <Description>You have reached the end of the Rainbow Bridge.  Asgard stretches out above 
you.  Looking around, you search for the legendary guardian of Asgard.  The
clouds are far below you and a sense of beauty and peacefulness surrounds you.</Description>
      <Sector>Inside</Sector>
      <Flags></Flags>
      <Exits>
        <Exit>
          <Direction>Up</Direction>
          <Destination>1213</Destination>
          <Display>the door up</Display>
          <Keywords></Keywords>
          <Description>Asgard is above you, spread out in all its glory.</Description>
          <Flags></Flags>
          <Keys>-1</Keys>
          <ExitSize>Giant</ExitSize>
        </Exit>
        <Exit>
          <Direction>Down</Direction>
          <Destination>1220</Destination>
          <Display>the door down</Display>
          <Keywords></Keywords>
          <Description>Bifrost, the Rainbow Bridge leads down to the Temple of Midgaard.</Description>
          <Flags></Flags>
          <Keys>-1</Keys>
          <ExitSize>Giant</ExitSize>
        </Exit>
      </Exits>
      <ExtraDescriptions />
    </Room>
    <Room>
      <VNum>1222</VNum>
      <Name>Nature's Haven</Name>
      <Description>Walking into this room it is as if you have steped through a protal to
the outdoors.  You can see no roof to the room and no edges to it's
expansive boundries.  A huge Oak Tree stands in the center of your view,
looking as old as time itself.  Bushes and a small stream seem to gravitate
towards the tree as it sways with the light breeze bringing scents of
daisies and roses to your nostrils.</Description>
      <Sector>Forest</Sector>
      <Flags>NoMob</Flags>
      <Exits />
      <ExtraDescriptions />
    </Room>
    <Room>
      <VNum>1223</VNum>
      <Name></Name>
      <Description></Description>
      <Sector>Inside</Sector>
      <Flags>NoMob</Flags>
      <Exits />
      <ExtraDescriptions />
    </Room>
    <Room>
      <VNum>1299</VNum>
      <Name>Detlef's Pot House</Name>
      <Description>You see leaves of the plant to the left and right of you. As before,
the air is filled with a sweet fragrance which relaxes you and enhances
your senses. You feel yourself becoming stuck in the hairs of the plant.
If only real life could be this perfect.</Description>
      <Sector>Inside</Sector>
      <Flags>NoMob</Flags>
      <Exits />
      <ExtraDescriptions />
    </Room>
  </Rooms>
  <NPCs>
    <NPC>
      <Vnum>1207</Vnum>
      <name>Huge Oak Tree</name>
      <description>The Tree stands in the center of the glade making everything around it
seem tiny.  It's branches sway in the wind making beautifull masic with it's
branches.  It's age could not be counted if you had all the time in the
world for this tree is as old as the world itself.</description>
      <longDescription>A Massive Oak Tree stands in the center of the Glade</longDescription>
      <shortDescription>A massive Oak Tree stands in the center of the Glade</shortDescription>
      <Sex>None</Sex>
      <level>70</level>
      <HitPointDiceSides>5000</HitPointDiceSides>
      <HitPointDiceCount>50</HitPointDiceCount>
      <HitPointDiceBonus>30000</HitPointDiceBonus>
      <ManaPointDiceSides>100</ManaPointDiceSides>
      <ManaPointDiceCount>100</ManaPointDiceCount>
      <ManaPointDiceBonus>1000</ManaPointDiceBonus>
      <trust>70</trust>
      <hitpoints>1400</hitpoints>
      <maxhitpoints>1400</maxhitpoints>
      <manapoints>0</manapoints>
      <maxmanapoints>0</maxmanapoints>
      <movementpoints>0</movementpoints>
      <maxmovementpoints>0</maxmovementpoints>
      <ArmorBash>-200</ArmorBash>
      <ArmorSlash>-200</ArmorSlash>
      <ArmorPierce>-200</ArmorPierce>
      <ArmorExotic>-200</ArmorExotic>
      <size>Huge</size>
      <race>angel</race>
      <alignment>Good</alignment>
      <ethos>0</ethos>
      <hitroll>1000</hitroll>
      <damRoll>300</damRoll>
      <armorclass>0</armorclass>
      <silver>0</silver>
      <gold>0</gold>
      <SavingThrow>0</SavingThrow>
      <Guild>healer</Guild>
      <flags>NPC Healer AreaAttack Fade AssistAlign</flags>
      <immune></immune>
      <resist></resist>
      <vulnerable></vulnerable>
      <affectedBy>DetectInvis DetectHidden Sanctuary Flying PassDoor Haste DarkVision Regeneration</affectedBy>
      <WiznetFlags></WiznetFlags>
      <WeaponDamageMessage>punch</WeaponDamageMessage>
      <DamageDiceSides>500</DamageDiceSides>
      <DamageDiceCount>50</DamageDiceCount>
      <DamageDiceBonus>300</DamageDiceBonus>
      <PermanentStats>
        <Strength>16</Strength>
        <Wisdom>16</Wisdom>
        <Intelligence>16</Intelligence>
        <Dexterity>16</Dexterity>
        <Constitution>16</Constitution>
        <Charisma>16</Charisma>
      </PermanentStats>
    </NPC>
    <NPC>
      <Vnum>1210</Vnum>
      <name>guardian newbie lone man</name>
      <description></description>
      <longDescription>A Lone Guardian Of Newbies Stands Here With His Trophies</longDescription>
      <shortDescription>A Lone Guardian Of Newbies Stands Here With His Trophies</shortDescription>
      <Sex>None</Sex>
      <level>10</level>
      <HitPointDiceSides>10</HitPointDiceSides>
      <HitPointDiceCount>10</HitPointDiceCount>
      <HitPointDiceBonus>10</HitPointDiceBonus>
      <ManaPointDiceSides>10</ManaPointDiceSides>
      <ManaPointDiceCount>10</ManaPointDiceCount>
      <ManaPointDiceBonus>10</ManaPointDiceBonus>
      <trust>10</trust>
      <hitpoints>200</hitpoints>
      <maxhitpoints>200</maxhitpoints>
      <manapoints>0</manapoints>
      <maxmanapoints>0</maxmanapoints>
      <movementpoints>0</movementpoints>
      <maxmovementpoints>0</maxmovementpoints>
      <ArmorBash>0</ArmorBash>
      <ArmorSlash>0</ArmorSlash>
      <ArmorPierce>0</ArmorPierce>
      <ArmorExotic>0</ArmorExotic>
      <size>Medium</size>
      <race>human</race>
      <alignment>Neutral</alignment>
      <ethos>0</ethos>
      <hitroll>0</hitroll>
      <damRoll>10</damRoll>
      <armorclass>0</armorclass>
      <silver>0</silver>
      <gold>0</gold>
      <SavingThrow>0</SavingThrow>
      <Guild></Guild>
      <flags>NPC Sentinel StayArea</flags>
      <immune></immune>
      <resist></resist>
      <vulnerable></vulnerable>
      <affectedBy>DetectInvis DetectHidden Sanctuary DetectIllusion</affectedBy>
      <WiznetFlags></WiznetFlags>
      <WeaponDamageMessage>punch</WeaponDamageMessage>
      <PermanentStats>
        <Strength>16</Strength>
        <Wisdom>16</Wisdom>
        <Intelligence>16</Intelligence>
        <Dexterity>16</Dexterity>
        <Constitution>16</Constitution>
        <Charisma>16</Charisma>
      </PermanentStats>
    </NPC>
  </NPCs>
  <Items>
    <Item>
      <VNum>1201</VNum>
      <Name>Bushes gateway portal</Name>
      <ShortDescription>a few bushes are bunched together making a sort of gateway through the leaves</ShortDescription>
      <LongDescription>A few bushes are bunched together making a sort of gateway through the leaves</LongDescription>
      <Description></Description>
      <Level>0</Level>
      <WeaponDamageType>none</WeaponDamageType>
      <WeaponType>None</WeaponType>
      <DiceSides>1</DiceSides>
      <DiceCount>1</DiceCount>
      <DiceBonus>1</DiceBonus>
      <Weight>0.4</Weight>
      <WearFlags>NoSac</WearFlags>
      <ExtraFlags>Magic</ExtraFlags>
      <ItemTypes>Portal</ItemTypes>
      <Affects />
      <Silver>0</Silver>
      <Gold>0</Gold>
      <Cost>0</Cost>
      <Nutrition>0</Nutrition>
      <Liquid></Liquid>
      <MaxWeight>0</MaxWeight>
      <Material>plant</Material>
      <Charges>0</Charges>
      <MaxCharges>0</MaxCharges>
      <MaxDurability>100</MaxDurability>
      <ArmorBash>0</ArmorBash>
      <ArmorSlash>0</ArmorSlash>
      <ArmorPierce>0</ArmorPierce>
      <ArmorExotic>0</ArmorExotic>
      <ExtraDescriptions />
    </Item>
    <Item>
      <VNum>1202</VNum>
      <Name>Armrest Severed</Name>
      <ShortDescription>a Severed Armrest</ShortDescription>
      <LongDescription>A Severed Armrest</LongDescription>
      <Description></Description>
      <Level>0</Level>
      <WeaponDamageType>beating</WeaponDamageType>
      <WeaponType>Mace</WeaponType>
      <DiceSides>9</DiceSides>
      <DiceCount>5</DiceCount>
      <DiceBonus>0</DiceBonus>
      <Weight>2.1</Weight>
      <WearFlags>Take Wield</WearFlags>
      <ExtraFlags>Glow Hum NoDrop NoRemove RotDeath Flaming Frost Vorpal TwoHands Shocking Poison Unholy</ExtraFlags>
      <ItemTypes>Weapon</ItemTypes>
      <Affects />
      <Silver>0</Silver>
      <Gold>0</Gold>
      <Cost>0</Cost>
      <Nutrition>0</Nutrition>
      <Liquid></Liquid>
      <MaxWeight>0</MaxWeight>
      <Material>unknown</Material>
      <Charges>0</Charges>
      <MaxCharges>0</MaxCharges>
      <MaxDurability>100</MaxDurability>
      <ArmorBash>0</ArmorBash>
      <ArmorSlash>0</ArmorSlash>
      <ArmorPierce>0</ArmorPierce>
      <ArmorExotic>0</ArmorExotic>
      <ExtraDescriptions />
    </Item>
    <Item>
      <VNum>1203</VNum>
      <Name>flail breaker flesh</Name>
      <ShortDescription>a flail made of elven flesh and skulls named, 'Will Breaker'</ShortDescription>
      <LongDescription>A flail for a master drows hand sprawls across the floor here.</LongDescription>
      <Description></Description>
      <Level>52</Level>
      <WeaponDamageType>darkwrath</WeaponDamageType>
      <WeaponType>Flail</WeaponType>
      <DiceSides>7</DiceSides>
      <DiceCount>7</DiceCount>
      <DiceBonus>0</DiceBonus>
      <Weight>1.9</Weight>
      <WearFlags>Take Wield</WearFlags>
      <ExtraFlags>Glow Hum Dark Magic RotDeath SellExtract</ExtraFlags>
      <ItemTypes>Weapon</ItemTypes>
      <Affects>
        <Affect where="ToObject" level="0" duration="-1" location="Mana" modifier="50" hidden="False" affectType="Spell">
          <ExtraState />
        </Affect>
        <Affect where="ToObject" level="0" duration="-1" location="Hitpoints" modifier="50" hidden="False" affectType="Spell">
          <ExtraState />
        </Affect>
        <Affect where="ToObject" level="0" duration="-1" location="Damroll" modifier="7" hidden="False" affectType="Spell">
          <ExtraState />
        </Affect>
        <Affect where="ToResist" level="0" duration="-1" location="None" DamageTypes="Mental" modifier="-1" hidden="False" affectType="Spell">
          <ExtraState />
        </Affect>
      </Affects>
      <Silver>0</Silver>
      <Gold>0</Gold>
      <Cost>0</Cost>
      <Nutrition>0</Nutrition>
      <Liquid></Liquid>
      <MaxWeight>0</MaxWeight>
      <Material>iron</Material>
      <Charges>0</Charges>
      <MaxCharges>0</MaxCharges>
      <MaxDurability>100</MaxDurability>
      <ArmorBash>0</ArmorBash>
      <ArmorSlash>0</ArmorSlash>
      <ArmorPierce>0</ArmorPierce>
      <ArmorExotic>0</ArmorExotic>
      <ExtraDescriptions />
    </Item>
    <Item>
      <VNum>1204</VNum>
      <Name>sword blade</Name>
      <ShortDescription>a wicked serrated blade</ShortDescription>
      <LongDescription>A wicked, serrated blade has been left here.</LongDescription>
      <Description></Description>
      <Level>60</Level>
      <WeaponDamageType>none</WeaponDamageType>
      <WeaponType>Sword</WeaponType>
      <DiceSides>12</DiceSides>
      <DiceCount>12</DiceCount>
      <DiceBonus>0</DiceBonus>
      <Weight>0.9</Weight>
      <WearFlags>Take Wield</WearFlags>
      <ExtraFlags>Glow Hum Evil RotDeath SellExtract Flaming Frost Sharp Vorpal TwoHands Shocking Poison Unholy</ExtraFlags>
      <ItemTypes>Weapon</ItemTypes>
      <Affects>
        <Affect where="ToObject" level="0" duration="-1" location="Damroll" modifier="50" hidden="False" affectType="Spell">
          <ExtraState />
        </Affect>
        <Affect where="ToObject" level="0" duration="-1" location="Hitroll" modifier="50" hidden="False" affectType="Spell">
          <ExtraState />
        </Affect>
        <Affect where="ToObject" level="0" duration="-1" location="Chr" modifier="-25" hidden="False" affectType="Spell">
          <ExtraState />
        </Affect>
      </Affects>
      <Silver>0</Silver>
      <Gold>0</Gold>
      <Cost>0</Cost>
      <Nutrition>0</Nutrition>
      <Liquid></Liquid>
      <MaxWeight>0</MaxWeight>
      <Material>energy</Material>
      <Charges>0</Charges>
      <MaxCharges>0</MaxCharges>
      <MaxDurability>100</MaxDurability>
      <ArmorBash>0</ArmorBash>
      <ArmorSlash>0</ArmorSlash>
      <ArmorPierce>0</ArmorPierce>
      <ArmorExotic>0</ArmorExotic>
      <ExtraDescriptions />
    </Item>
    <Item>
      <VNum>1205</VNum>
      <Name>guide</Name>
      <ShortDescription>the quick guide to a hero's domination</ShortDescription>
      <LongDescription>A book with all the answers calls out to you here.</LongDescription>
      <Description></Description>
      <Level>0</Level>
      <WeaponDamageType>none</WeaponDamageType>
      <WeaponType>None</WeaponType>
      <DiceSides>1</DiceSides>
      <DiceCount>1</DiceCount>
      <DiceBonus>1</DiceBonus>
      <Weight>0.3</Weight>
      <WearFlags>Take</WearFlags>
      <ExtraFlags>Dark Magic RotDeath SellExtract</ExtraFlags>
      <ItemTypes>Trash</ItemTypes>
      <Affects />
      <Silver>0</Silver>
      <Gold>0</Gold>
      <Cost>10</Cost>
      <Nutrition>0</Nutrition>
      <Liquid></Liquid>
      <MaxWeight>0</MaxWeight>
      <Material>paper</Material>
      <Charges>0</Charges>
      <MaxCharges>0</MaxCharges>
      <MaxDurability>100</MaxDurability>
      <ArmorBash>0</ArmorBash>
      <ArmorSlash>0</ArmorSlash>
      <ArmorPierce>0</ArmorPierce>
      <ArmorExotic>0</ArmorExotic>
      <ExtraDescriptions>
        <ExtraDescription>
          <Keyword>guide</Keyword>
          <Description>A bound book hums with untold wisdom..perhaps looking through these pages will get you
on your way in these terrible lands. Looking at PageOne seems a good idea.</Description>
        </ExtraDescription>
        <ExtraDescription>
          <Keyword>pageone</Keyword>
          <Description>Welcome to the secret book of total POS domination. Count yourself lucky, people have 
killed for this information. Now read on and learn all you need to know.
Getting Started:
1. Right when you create, your should first type Outfit. This will give you a basic set
of armor to get started. Buying simple weapons, one south and up of the altar in
Mid should be your next stop. At the merchant, type LIST to show his wares..then simply
type BUY Dagger..etc..whichever weapon you wish, or purchase all of them if you want.
Congrats, you now have armor and weapons. Next type PRAC ALL, to practice all your skills,
spells, or sups to 75%. You are now ready to get on with the training. Look at pagetwo.</Description>
        </ExtraDescription>
        <ExtraDescription>
          <Keyword>pagetwo</Keyword>
          <Description>2. Training and getting the lay of the land.
From market square in Midgaard, go one south, and three east to the sailor. It is here
you can train your health points or mana, or other stats. Simply type TRAIN there to see
how many training sessions you have and what you are able to spend them on. To Train them
type Train hp..or train mana..etc to improve your stats. Once you are out of trains that
is it..no more. If you have spare practices you can gain convert them. 10 pracs=one train
here. Be careful of spending your practice sessions though, you might need them further
down the road with cabal skills and the like. So you have armor and weapon and are trained.
If you wish to spend your three hours as a protected newbie practicing your skills in
a safe place, three west and three south, and one east of the market square in Midgaard
would be the place to start. This is only able to be accessed by newbies, and the dummy
does not hit that hard, so you will be able to practice parry, dodge..etc in relative
safety. It's also a good place to learn what your skills *actually* do, if you have any
questions on what a certain skill/spell/supplication does try looking to our helpfiles
for an answer. For instance..typing HELP shield will bring up all related topics to 
shields..helpful for newbie paladins. Onward you go! Doing well so far right?</Description>
        </ExtraDescription>
      </ExtraDescriptions>
    </Item>
    <Item>
      <VNum>1210</VNum>
      <Name>iron rusted breastplate</Name>
      <ShortDescription>a rusted breastplate</ShortDescription>
      <LongDescription>A rusty breastplate lies here.</LongDescription>
      <Description></Description>
      <Level>45</Level>
      <WeaponDamageType>none</WeaponDamageType>
      <WeaponType>None</WeaponType>
      <DiceSides>1</DiceSides>
      <DiceCount>1</DiceCount>
      <DiceBonus>1</DiceBonus>
      <Weight>3.3</Weight>
      <WearFlags>Take Body</WearFlags>
      <ExtraFlags>Glow RotDeath SellExtract</ExtraFlags>
      <ItemTypes>Armor</ItemTypes>
      <Affects>
        <Affect where="ToObject" level="0" duration="-1" location="Damroll" modifier="2" hidden="False" affectType="Spell">
          <ExtraState />
        </Affect>
        <Affect where="ToObject" level="0" duration="-1" location="Hitroll" modifier="2" hidden="False" affectType="Spell">
          <ExtraState />
        </Affect>
      </Affects>
      <Silver>0</Silver>
      <Gold>0</Gold>
      <Cost>0</Cost>
      <Nutrition>0</Nutrition>
      <Liquid></Liquid>
      <MaxWeight>0</MaxWeight>
      <Material>iron</Material>
      <Charges>0</Charges>
      <MaxCharges>0</MaxCharges>
      <MaxDurability>100</MaxDurability>
      <ArmorBash>48</ArmorBash>
      <ArmorSlash>68</ArmorSlash>
      <ArmorPierce>62</ArmorPierce>
      <ArmorExotic>34</ArmorExotic>
      <ExtraDescriptions />
    </Item>
    <Item>
      <VNum>1211</VNum>
      <Name>steel armguards</Name>
      <ShortDescription>a pair of steel armguards</ShortDescription>
      <LongDescription>A pair of steel armguards lie here.</LongDescription>
      <Description></Description>
      <Level>45</Level>
      <WeaponDamageType>none</WeaponDamageType>
      <WeaponType>None</WeaponType>
      <DiceSides>1</DiceSides>
      <DiceCount>1</DiceCount>
      <DiceBonus>1</DiceBonus>
      <Weight>2.7</Weight>
      <WearFlags>Take Arms</WearFlags>
      <ExtraFlags>Glow RotDeath SellExtract</ExtraFlags>
      <ItemTypes>Armor</ItemTypes>
      <Affects>
        <Affect where="ToObject" level="0" duration="-1" location="Damroll" modifier="2" hidden="False" affectType="Spell">
          <ExtraState />
        </Affect>
        <Affect where="ToObject" level="0" duration="-1" location="Hitroll" modifier="2" hidden="False" affectType="Spell">
          <ExtraState />
        </Affect>
      </Affects>
      <Silver>0</Silver>
      <Gold>0</Gold>
      <Cost>0</Cost>
      <Nutrition>0</Nutrition>
      <Liquid></Liquid>
      <MaxWeight>0</MaxWeight>
      <Material>steel</Material>
      <Charges>0</Charges>
      <MaxCharges>0</MaxCharges>
      <MaxDurability>100</MaxDurability>
      <ArmorBash>33</ArmorBash>
      <ArmorSlash>49</ArmorSlash>
      <ArmorPierce>49</ArmorPierce>
      <ArmorExotic>31</ArmorExotic>
      <ExtraDescriptions />
    </Item>
    <Item>
      <VNum>1212</VNum>
      <Name>steel gauntlets</Name>
      <ShortDescription>a pair of steel gauntlets</ShortDescription>
      <LongDescription>A pair of steel gauntlets lie here.</LongDescription>
      <Description></Description>
      <Level>45</Level>
      <WeaponDamageType>none</WeaponDamageType>
      <WeaponType>None</WeaponType>
      <DiceSides>1</DiceSides>
      <DiceCount>1</DiceCount>
      <DiceBonus>1</DiceBonus>
      <Weight>2</Weight>
      <WearFlags>Take Hands</WearFlags>
      <ExtraFlags>Glow RotDeath SellExtract</ExtraFlags>
      <ItemTypes>Armor</ItemTypes>
      <Affects>
        <Affect where="ToObject" level="0" duration="-1" location="Damroll" modifier="2" hidden="False" affectType="Spell">
          <ExtraState />
        </Affect>
      </Affects>
      <Silver>0</Silver>
      <Gold>0</Gold>
      <Cost>0</Cost>
      <Nutrition>0</Nutrition>
      <Liquid></Liquid>
      <MaxWeight>0</MaxWeight>
      <Material>steel</Material>
      <Charges>0</Charges>
      <MaxCharges>0</MaxCharges>
      <MaxDurability>100</MaxDurability>
      <ArmorBash>29</ArmorBash>
      <ArmorSlash>43</ArmorSlash>
      <ArmorPierce>43</ArmorPierce>
      <ArmorExotic>27</ArmorExotic>
      <ExtraDescriptions />
    </Item>
    <Item>
      <VNum>1213</VNum>
      <Name>dusty necklace</Name>
      <ShortDescription>a dusty necklace</ShortDescription>
      <LongDescription>A necklace lies here, covered in dust.</LongDescription>
      <Description></Description>
      <Level>45</Level>
      <WeaponDamageType>none</WeaponDamageType>
      <WeaponType>None</WeaponType>
      <DiceSides>1</DiceSides>
      <DiceCount>1</DiceCount>
      <DiceBonus>1</DiceBonus>
      <Weight>0.8</Weight>
      <WearFlags>Take Neck</WearFlags>
      <ExtraFlags>Glow RotDeath SellExtract</ExtraFlags>
      <ItemTypes>Armor</ItemTypes>
      <Affects>
        <Affect where="ToObject" level="0" duration="-1" location="Hitpoints" modifier="5" hidden="False" affectType="Spell">
          <ExtraState />
        </Affect>
        <Affect where="ToObject" level="0" duration="-1" location="Mana" modifier="10" hidden="False" affectType="Spell">
          <ExtraState />
        </Affect>
        <Affect where="ToObject" level="0" duration="-1" location="SavingSpell" modifier="-3" hidden="False" affectType="Spell">
          <ExtraState />
        </Affect>
        <Affect where="ToObject" level="0" duration="-1" location="Damroll" modifier="1" hidden="False" affectType="Spell">
          <ExtraState />
        </Affect>
        <Affect where="ToObject" level="0" duration="-1" location="Hitroll" modifier="1" hidden="False" affectType="Spell">
          <ExtraState />
        </Affect>
      </Affects>
      <Silver>0</Silver>
      <Gold>0</Gold>
      <Cost>0</Cost>
      <Nutrition>0</Nutrition>
      <Liquid></Liquid>
      <MaxWeight>0</MaxWeight>
      <Material>gem</Material>
      <Charges>0</Charges>
      <MaxCharges>0</MaxCharges>
      <MaxDurability>100</MaxDurability>
      <ArmorBash>37</ArmorBash>
      <ArmorSlash>31</ArmorSlash>
      <ArmorPierce>24</ArmorPierce>
      <ArmorExotic>28</ArmorExotic>
      <ExtraDescriptions />
    </Item>
    <Item>
      <VNum>1214</VNum>
      <Name>ring</Name>
      <ShortDescription>a ring set with a dull stone</ShortDescription>
      <LongDescription>A dull newbie ring has been left here.</LongDescription>
      <Description></Description>
      <Level>45</Level>
      <WeaponDamageType>none</WeaponDamageType>
      <WeaponType>None</WeaponType>
      <DiceSides>1</DiceSides>
      <DiceCount>1</DiceCount>
      <DiceBonus>1</DiceBonus>
      <Weight>0.4</Weight>
      <WearFlags>Take Finger</WearFlags>
      <ExtraFlags>Glow RotDeath SellExtract</ExtraFlags>
      <ItemTypes>Armor</ItemTypes>
      <Affects>
        <Affect where="ToObject" level="0" duration="-1" location="Damroll" modifier="2" hidden="False" affectType="Spell">
          <ExtraState />
        </Affect>
        <Affect where="ToObject" level="0" duration="-1" location="Hitroll" modifier="2" hidden="False" affectType="Spell">
          <ExtraState />
        </Affect>
      </Affects>
      <Silver>0</Silver>
      <Gold>0</Gold>
      <Cost>0</Cost>
      <Nutrition>0</Nutrition>
      <Liquid></Liquid>
      <MaxWeight>0</MaxWeight>
      <Material>mineral</Material>
      <Charges>0</Charges>
      <MaxCharges>0</MaxCharges>
      <MaxDurability>100</MaxDurability>
      <ArmorBash>36</ArmorBash>
      <ArmorSlash>23</ArmorSlash>
      <ArmorPierce>20</ArmorPierce>
      <ArmorExotic>24</ArmorExotic>
      <ExtraDescriptions />
    </Item>
    <Item>
      <VNum>1215</VNum>
      <Name>charred cloth bracer</Name>
      <ShortDescription>a charred cloth bracer</ShortDescription>
      <LongDescription>A cloth-bracer with charred edges lies here.</LongDescription>
      <Description></Description>
      <Level>45</Level>
      <WeaponDamageType>none</WeaponDamageType>
      <WeaponType>None</WeaponType>
      <DiceSides>1</DiceSides>
      <DiceCount>1</DiceCount>
      <DiceBonus>1</DiceBonus>
      <Weight>0.2</Weight>
      <WearFlags>Take Wrist</WearFlags>
      <ExtraFlags>Glow RotDeath SellExtract</ExtraFlags>
      <ItemTypes>Armor</ItemTypes>
      <Affects>
        <Affect where="ToObject" level="0" duration="-1" location="Hitroll" modifier="1" hidden="False" affectType="Spell">
          <ExtraState />
        </Affect>
        <Affect where="ToObject" level="0" duration="-1" location="SavingSpell" modifier="-1" hidden="False" affectType="Spell">
          <ExtraState />
        </Affect>
        <Affect where="ToObject" level="0" duration="-1" location="Damroll" modifier="2" hidden="False" affectType="Spell">
          <ExtraState />
        </Affect>
      </Affects>
      <Silver>0</Silver>
      <Gold>0</Gold>
      <Cost>0</Cost>
      <Nutrition>0</Nutrition>
      <Liquid></Liquid>
      <MaxWeight>0</MaxWeight>
      <Material>cloth</Material>
      <Charges>0</Charges>
      <MaxCharges>0</MaxCharges>
      <MaxDurability>100</MaxDurability>
      <ArmorBash>0</ArmorBash>
      <ArmorSlash>0</ArmorSlash>
      <ArmorPierce>0</ArmorPierce>
      <ArmorExotic>0</ArmorExotic>
      <ExtraDescriptions />
    </Item>
    <Item>
      <VNum>1216</VNum>
      <Name>embrioedered leather belt</Name>
      <ShortDescription>an embroidered belt</ShortDescription>
      <LongDescription>An embroidered leather belt has been left here.</LongDescription>
      <Description></Description>
      <Level>45</Level>
      <WeaponDamageType>none</WeaponDamageType>
      <WeaponType>None</WeaponType>
      <DiceSides>1</DiceSides>
      <DiceCount>1</DiceCount>
      <DiceBonus>1</DiceBonus>
      <Weight>0.9</Weight>
      <WearFlags>Take Waist</WearFlags>
      <ExtraFlags>Glow RotDeath SellExtract</ExtraFlags>
      <ItemTypes>Armor</ItemTypes>
      <Affects>
        <Affect where="ToObject" level="0" duration="-1" location="Damroll" modifier="2" hidden="False" affectType="Spell">
          <ExtraState />
        </Affect>
        <Affect where="ToObject" level="0" duration="-1" location="Hitroll" modifier="2" hidden="False" affectType="Spell">
          <ExtraState />
        </Affect>
      </Affects>
      <Silver>0</Silver>
      <Gold>0</Gold>
      <Cost>0</Cost>
      <Nutrition>0</Nutrition>
      <Liquid></Liquid>
      <MaxWeight>0</MaxWeight>
      <Material>leather</Material>
      <Charges>0</Charges>
      <MaxCharges>0</MaxCharges>
      <MaxDurability>100</MaxDurability>
      <ArmorBash>37</ArmorBash>
      <ArmorSlash>23</ArmorSlash>
      <ArmorPierce>21</ArmorPierce>
      <ArmorExotic>24</ArmorExotic>
      <ExtraDescriptions />
    </Item>
    <Item>
      <VNum>1217</VNum>
      <Name>cloth leggings</Name>
      <ShortDescription>a pair of cloth leggings</ShortDescription>
      <LongDescription>A pair of cloth leggings lie on the ground.</LongDescription>
      <Description></Description>
      <Level>45</Level>
      <WeaponDamageType>none</WeaponDamageType>
      <WeaponType>None</WeaponType>
      <DiceSides>1</DiceSides>
      <DiceCount>1</DiceCount>
      <DiceBonus>1</DiceBonus>
      <Weight>0.7</Weight>
      <WearFlags>Take Legs</WearFlags>
      <ExtraFlags>Glow RotDeath SellExtract</ExtraFlags>
      <ItemTypes>Armor</ItemTypes>
      <Affects>
        <Affect where="ToObject" level="0" duration="-1" location="Damroll" modifier="2" hidden="False" affectType="Spell">
          <ExtraState />
        </Affect>
        <Affect where="ToObject" level="0" duration="-1" location="Hitroll" modifier="2" hidden="False" affectType="Spell">
          <ExtraState />
        </Affect>
      </Affects>
      <Silver>0</Silver>
      <Gold>0</Gold>
      <Cost>0</Cost>
      <Nutrition>0</Nutrition>
      <Liquid></Liquid>
      <MaxWeight>0</MaxWeight>
      <Material>cloth</Material>
      <Charges>0</Charges>
      <MaxCharges>0</MaxCharges>
      <MaxDurability>100</MaxDurability>
      <ArmorBash>30</ArmorBash>
      <ArmorSlash>23</ArmorSlash>
      <ArmorPierce>23</ArmorPierce>
      <ArmorExotic>43</ArmorExotic>
      <ExtraDescriptions />
    </Item>
    <Item>
      <VNum>1218</VNum>
      <Name>iron tarnished boots</Name>
      <ShortDescription>a pair of tarnished boots</ShortDescription>
      <LongDescription>A pair of tarnished iron boots lie here, damaged.</LongDescription>
      <Description></Description>
      <Level>45</Level>
      <WeaponDamageType>none</WeaponDamageType>
      <WeaponType>None</WeaponType>
      <DiceSides>1</DiceSides>
      <DiceCount>1</DiceCount>
      <DiceBonus>1</DiceBonus>
      <Weight>2.3</Weight>
      <WearFlags>Take Feet</WearFlags>
      <ExtraFlags>Glow RotDeath SellExtract</ExtraFlags>
      <ItemTypes>Armor</ItemTypes>
      <Affects>
        <Affect where="ToObject" level="0" duration="-1" location="Damroll" modifier="2" hidden="False" affectType="Spell">
          <ExtraState />
        </Affect>
      </Affects>
      <Silver>0</Silver>
      <Gold>0</Gold>
      <Cost>0</Cost>
      <Nutrition>0</Nutrition>
      <Liquid></Liquid>
      <MaxWeight>0</MaxWeight>
      <Material>iron</Material>
      <Charges>0</Charges>
      <MaxCharges>0</MaxCharges>
      <MaxDurability>100</MaxDurability>
      <ArmorBash>30</ArmorBash>
      <ArmorSlash>43</ArmorSlash>
      <ArmorPierce>39</ArmorPierce>
      <ArmorExotic>21</ArmorExotic>
      <ExtraDescriptions />
    </Item>
    <Item>
      <VNum>1219</VNum>
      <Name>head pole</Name>
      <ShortDescription>an unbalanced pole</ShortDescription>
      <LongDescription>An unbalanced pole has been abandoned here.</LongDescription>
      <Description></Description>
      <Level>45</Level>
      <WeaponDamageType>none</WeaponDamageType>
      <WeaponType>None</WeaponType>
      <DiceSides>1</DiceSides>
      <DiceCount>1</DiceCount>
      <DiceBonus>1</DiceBonus>
      <Weight>0.9</Weight>
      <WearFlags>Take Hold</WearFlags>
      <ExtraFlags>Glow RotDeath SellExtract</ExtraFlags>
      <ItemTypes>Light</ItemTypes>
      <Affects>
        <Affect where="ToObject" level="0" duration="-1" location="Hitpoints" modifier="30" hidden="False" affectType="Spell">
          <ExtraState />
        </Affect>
        <Affect where="ToObject" level="0" duration="-1" location="Mana" modifier="30" hidden="False" affectType="Spell">
          <ExtraState />
        </Affect>
        <Affect where="ToObject" level="0" duration="-1" location="Saves" modifier="-10" hidden="False" affectType="Spell">
          <ExtraState />
        </Affect>
      </Affects>
      <Silver>0</Silver>
      <Gold>0</Gold>
      <Cost>0</Cost>
      <Nutrition>0</Nutrition>
      <Liquid></Liquid>
      <MaxWeight>0</MaxWeight>
      <Material>iron</Material>
      <Charges>0</Charges>
      <MaxCharges>0</MaxCharges>
      <MaxDurability>100</MaxDurability>
      <ArmorBash>0</ArmorBash>
      <ArmorSlash>0</ArmorSlash>
      <ArmorPierce>0</ArmorPierce>
      <ArmorExotic>0</ArmorExotic>
      <ExtraDescriptions>
        <ExtraDescription>
          <Keyword>eyes</Keyword>
          <Description>Two sunken eyes stare at you, lifelessly yet still eminating enough light
to keep your surroundings visible.</Description>
        </ExtraDescription>
      </ExtraDescriptions>
    </Item>
    <Item>
      <VNum>1220</VNum>
      <Name>steel shield polished</Name>
      <ShortDescription>a polished shield</ShortDescription>
      <LongDescription>A polished steel shield has been left here.</LongDescription>
      <Description></Description>
      <Level>45</Level>
      <WeaponDamageType>none</WeaponDamageType>
      <WeaponType>None</WeaponType>
      <DiceSides>1</DiceSides>
      <DiceCount>1</DiceCount>
      <DiceBonus>1</DiceBonus>
      <Weight>4.1</Weight>
      <WearFlags>Take Shield</WearFlags>
      <ExtraFlags>Glow RotDeath SellExtract</ExtraFlags>
      <ItemTypes>Armor</ItemTypes>
      <Affects>
        <Affect where="ToObject" level="0" duration="-1" location="Damroll" modifier="3" hidden="False" affectType="Spell">
          <ExtraState />
        </Affect>
        <Affect where="ToObject" level="0" duration="-1" location="Hitroll" modifier="3" hidden="False" affectType="Spell">
          <ExtraState />
        </Affect>
      </Affects>
      <Silver>0</Silver>
      <Gold>0</Gold>
      <Cost>0</Cost>
      <Nutrition>0</Nutrition>
      <Liquid></Liquid>
      <MaxWeight>0</MaxWeight>
      <Material>steel</Material>
      <Charges>0</Charges>
      <MaxCharges>0</MaxCharges>
      <MaxDurability>100</MaxDurability>
      <ArmorBash>77</ArmorBash>
      <ArmorSlash>116</ArmorSlash>
      <ArmorPierce>116</ArmorPierce>
      <ArmorExotic>72</ArmorExotic>
      <ExtraDescriptions />
    </Item>
    <Item>
      <VNum>1221</VNum>
      <Name>leather backpack pack</Name>
      <ShortDescription>a leather backpack</ShortDescription>
      <LongDescription>A leather backpack lies on the ground.</LongDescription>
      <Description></Description>
      <Level>0</Level>
      <WeaponDamageType>none</WeaponDamageType>
      <WeaponType>None</WeaponType>
      <DiceSides>1</DiceSides>
      <DiceCount>1</DiceCount>
      <DiceBonus>1</DiceBonus>
      <Weight>2.4</Weight>
      <WearFlags>Take About</WearFlags>
      <ExtraFlags>Glow RotDeath SellExtract</ExtraFlags>
      <ItemTypes>Container</ItemTypes>
      <Affects />
      <Silver>0</Silver>
      <Gold>0</Gold>
      <Cost>0</Cost>
      <Nutrition>0</Nutrition>
      <Liquid></Liquid>
      <MaxWeight>0</MaxWeight>
      <Material>unknown</Material>
      <Charges>0</Charges>
      <MaxCharges>0</MaxCharges>
      <MaxDurability>100</MaxDurability>
      <ArmorBash>0</ArmorBash>
      <ArmorSlash>0</ArmorSlash>
      <ArmorPierce>0</ArmorPierce>
      <ArmorExotic>0</ArmorExotic>
      <ExtraDescriptions />
    </Item>
    <Item>
      <VNum>1222</VNum>
      <Name>parchment map plain</Name>
      <ShortDescription>a map written on parchment</ShortDescription>
      <LongDescription>A map on plain parchment lies here.</LongDescription>
      <Description></Description>
      <Level>0</Level>
      <WeaponDamageType>none</WeaponDamageType>
      <WeaponType>None</WeaponType>
      <DiceSides>1</DiceSides>
      <DiceCount>1</DiceCount>
      <DiceBonus>1</DiceBonus>
      <Weight>0.9</Weight>
      <WearFlags>Take</WearFlags>
      <ExtraFlags>Glow RotDeath SellExtract</ExtraFlags>
      <ItemTypes>Map</ItemTypes>
      <Affects />
      <Silver>0</Silver>
      <Gold>0</Gold>
      <Cost>0</Cost>
      <Nutrition>0</Nutrition>
      <Liquid></Liquid>
      <MaxWeight>0</MaxWeight>
      <Material>unknown</Material>
      <Charges>0</Charges>
      <MaxCharges>0</MaxCharges>
      <MaxDurability>100</MaxDurability>
      <ArmorBash>0</ArmorBash>
      <ArmorSlash>0</ArmorSlash>
      <ArmorPierce>0</ArmorPierce>
      <ArmorExotic>0</ArmorExotic>
      <ExtraDescriptions>
        <ExtraDescription>
          <Keyword>map</Keyword>
          <Description>To Practice: n,w,n,w 
To Train: s,3e,s 
Strange Mansion: 21e,8n,w,n 
Riven Rock Canyon: 12e,3n,w,2n,e,n,e,2n,e,2n 
Strange Carnival: s,2e,2s,8w,s,w,2e,7n 
Nightfall: 3e,4n,2w,7n,6e,4s,3e,d,s,d,2s,e,3s,e,2s,2e,2s,e,2s,2e,2s,3e,2s,u,2e,2n,e,n,e,4u,2e,  2d,e 
Nightfall Keep: 
3e,4n,2w,7n,6e,4s,3e,d,s,d,2s,e,3s,e,2s,2e,2s,e,2s,2e,2s,3e,2s,u,2e,2n,e,n, 
4u,2e,2d,10e,s,2e,3u,e,3d,2e,s 
Ramadhn: 6e,n,w,2n,3w,7n,3e,17n
Dark Forest: 3e,4n,2w,13n 
The Valley Inn: 4e,3n,2w 
Lich Tower: n,d 
The Hobo Train Yard: 4e,3n,2w,5n,w,2n,2e 
Mausoleum: 40e,n,6e,2n,2e,n,e,d,2s 
Tar Valon: 6e,n,w,2n,3w 
The Lost Prison: 21e,12n 
Battlefield: 3e,4n,2w,4n,w,5n,2w 
Southern Swamps: 40e,n,6e, all south 
Castle of Giants: 6e,4s,2e,s,2e,d,5n,2w,6n 
Emerald Forest: 6s,w,s,2w,2s,e,s,w,2s,e,3s,w,s,w,u 
Varggin Shih: n,d,3w,3s,d,2s,d,n,u,w,u,n,u,2n,e,d,n,d,2n</Description>
        </ExtraDescription>
      </ExtraDescriptions>
    </Item>
    <Item>
      <VNum>1223</VNum>
      <Name>small stash gold</Name>
      <ShortDescription>a small stash of gold</ShortDescription>
      <LongDescription>A small stash of gold</LongDescription>
      <Description></Description>
      <Level>0</Level>
      <WeaponDamageType>none</WeaponDamageType>
      <WeaponType>None</WeaponType>
      <DiceSides>1</DiceSides>
      <DiceCount>1</DiceCount>
      <DiceBonus>1</DiceBonus>
      <Weight>0</Weight>
      <WearFlags>Take</WearFlags>
      <ExtraFlags>Glow</ExtraFlags>
      <ItemTypes>Money</ItemTypes>
      <Affects />
      <Silver>0</Silver>
      <Gold>0</Gold>
      <Cost>0</Cost>
      <Nutrition>0</Nutrition>
      <Liquid></Liquid>
      <MaxWeight>0</MaxWeight>
      <Material>unknown</Material>
      <Charges>0</Charges>
      <MaxCharges>0</MaxCharges>
      <MaxDurability>100</MaxDurability>
      <ArmorBash>0</ArmorBash>
      <ArmorSlash>0</ArmorSlash>
      <ArmorPierce>0</ArmorPierce>
      <ArmorExotic>0</ArmorExotic>
      <ExtraDescriptions />
    </Item>
  </Items>
  <Resets>
    <Reset Type="NPC" Destination="1202" Count="1" Max="1" Vnum="1210">
      <!--Spawn A Lone Guardian Of Newbies Stands Here With His Trophies to The Center of the Universe-->
    </Reset>
    <Reset Type="Give" Destination="0" Count="0" Max="0" Vnum="1222">
      <!--Spawn a map written on parchment to A Lone Guardian Of Newbies Stands Here With His Trophies-->
    </Reset>
    <Reset Type="Give" Destination="0" Count="0" Max="0" Vnum="1221">
      <!--Spawn a leather backpack to A Lone Guardian Of Newbies Stands Here With His Trophies-->
    </Reset>
    <Reset Type="Give" Destination="0" Count="0" Max="0" Vnum="1220">
      <!--Spawn a polished shield to A Lone Guardian Of Newbies Stands Here With His Trophies-->
    </Reset>
    <Reset Type="Give" Destination="0" Count="0" Max="0" Vnum="1219">
      <!--Spawn an unbalanced pole to A Lone Guardian Of Newbies Stands Here With His Trophies-->
    </Reset>
    <Reset Type="Give" Destination="0" Count="0" Max="0" Vnum="1218">
      <!--Spawn a pair of tarnished boots to A Lone Guardian Of Newbies Stands Here With His Trophies-->
    </Reset>
    <Reset Type="Give" Destination="0" Count="0" Max="0" Vnum="1217">
      <!--Spawn a pair of cloth leggings to A Lone Guardian Of Newbies Stands Here With His Trophies-->
    </Reset>
    <Reset Type="Give" Destination="0" Count="0" Max="0" Vnum="1216">
      <!--Spawn an embroidered belt to A Lone Guardian Of Newbies Stands Here With His Trophies-->
    </Reset>
    <Reset Type="Give" Destination="0" Count="0" Max="0" Vnum="1215">
      <!--Spawn a charred cloth bracer to A Lone Guardian Of Newbies Stands Here With His Trophies-->
    </Reset>
    <Reset Type="Give" Destination="0" Count="0" Max="0" Vnum="1215">
      <!--Spawn a charred cloth bracer to A Lone Guardian Of Newbies Stands Here With His Trophies-->
    </Reset>
    <Reset Type="Give" Destination="0" Count="0" Max="0" Vnum="1214">
      <!--Spawn a ring set with a dull stone to A Lone Guardian Of Newbies Stands Here With His Trophies-->
    </Reset>
    <Reset Type="Give" Destination="0" Count="0" Max="0" Vnum="1214">
      <!--Spawn a ring set with a dull stone to A Lone Guardian Of Newbies Stands Here With His Trophies-->
    </Reset>
    <Reset Type="Give" Destination="0" Count="0" Max="0" Vnum="1213">
      <!--Spawn a dusty necklace to A Lone Guardian Of Newbies Stands Here With His Trophies-->
    </Reset>
    <Reset Type="Give" Destination="0" Count="0" Max="0" Vnum="1213">
      <!--Spawn a dusty necklace to A Lone Guardian Of Newbies Stands Here With His Trophies-->
    </Reset>
    <Reset Type="Give" Destination="0" Count="0" Max="0" Vnum="1212">
      <!--Spawn a pair of steel gauntlets to A Lone Guardian Of Newbies Stands Here With His Trophies-->
    </Reset>
    <Reset Type="Give" Destination="0" Count="0" Max="0" Vnum="1211">
      <!--Spawn a pair of steel armguards to A Lone Guardian Of Newbies Stands Here With His Trophies-->
    </Reset>
    <Reset Type="Give" Destination="0" Count="0" Max="0" Vnum="1210">
      <!--Spawn a rusted breastplate to A Lone Guardian Of Newbies Stands Here With His Trophies-->
    </Reset>
    <Reset Type="Item" Destination="1222" Count="0" Max="1" Vnum="1201">
      <!--Spawn a few bushes are bunched together making a sort of gateway through the leaves to Nature's Haven-->
    </Reset>
    <Reset Type="NPC" Destination="1222" Count="1" Max="1" Vnum="1207">
      <!--Spawn A massive Oak Tree stands in the center of the Glade to Nature's Haven-->
    </Reset>
  </Resets>
</Area>