﻿<?xml version="1.0" encoding="utf-8"?>
<Race CanSpeak="true" HasCoins="true">
  <Name>arial</Name>
  <PcRace>False</PcRace>
  <Act></Act>
  <Aff>Flying</Aff>
  <Immune></Immune>
  <Resist></Resist>
  <Vulnerable>Drowning Lightning</Vulnerable>
  <Form>edible sentient biped mammal</Form>
  <Part>Head Arms Legs Heart Brains Guts Hands Feet Fingers Ear Eye Wings</Part>
  <Stats>
    <Strength>20</Strength>
    <Wisdom>20</Wisdom>
    <Intelligence>20</Intelligence>
    <Dexterity>20</Dexterity>
    <Constitution>20</Constitution>
    <Charisma>20</Charisma>
  </Stats>
  <MaxStats>
    <Strength>25</Strength>
    <Wisdom>25</Wisdom>
    <Intelligence>25</Intelligence>
    <Dexterity>25</Dexterity>
    <Constitution>25</Constitution>
    <Charisma>25</Charisma>
  </MaxStats>
  <Size>Medium</Size>
</Race>