﻿<?xml version="1.0" encoding="utf-8"?>
<Race CanSpeak="true" HasCoins="true">
  <Name>modron</Name>
  <PcRace>False</PcRace>
  <Act>AssistAlign AssistRace</Act>
  <Aff>Infrared</Aff>
  <Immune>Charm Negative Holy Mental Disease</Immune>
  <Resist>Fire Cold Acid</Resist>
  <Vulnerable></Vulnerable>
  <Form>sentient</Form>
  <Part>Head Arms Legs Hands Feet Ear Eye</Part>
  <Stats>
    <Strength>20</Strength>
    <Wisdom>20</Wisdom>
    <Intelligence>20</Intelligence>
    <Dexterity>20</Dexterity>
    <Constitution>20</Constitution>
    <Charisma>20</Charisma>
  </Stats>
  <MaxStats>
    <Strength>25</Strength>
    <Wisdom>25</Wisdom>
    <Intelligence>25</Intelligence>
    <Dexterity>25</Dexterity>
    <Constitution>25</Constitution>
    <Charisma>25</Charisma>
  </MaxStats>
  <Size>Medium</Size>
</Race>