﻿<?xml version="1.0" encoding="utf-8"?>
<Race CanSpeak="false" HasCoins="false">
  <Name>serpent</Name>
  <PcRace>False</PcRace>
  <Act></Act>
  <Aff>DetectIllusion</Aff>
  <Immune></Immune>
  <Resist>Poison</Resist>
  <Vulnerable>Cold</Vulnerable>
  <Form>edible animal reptile snake cold_blood</Form>
  <Part>Head Heart Brains Guts Eye LongTongue Tail Fangs Scales</Part>
  <Stats>
    <Strength>20</Strength>
    <Wisdom>20</Wisdom>
    <Intelligence>20</Intelligence>
    <Dexterity>20</Dexterity>
    <Constitution>20</Constitution>
    <Charisma>20</Charisma>
  </Stats>
  <MaxStats>
    <Strength>25</Strength>
    <Wisdom>25</Wisdom>
    <Intelligence>25</Intelligence>
    <Dexterity>25</Dexterity>
    <Constitution>25</Constitution>
    <Charisma>25</Charisma>
  </MaxStats>
  <Size>Medium</Size>
</Race>