﻿<?xml version="1.0" encoding="utf-8"?>
<Race CanSpeak="true" HasCoins="true">
  <Name>trolloc</Name>
  <PcRace>False</PcRace>
  <Act></Act>
  <Aff>DetectInvis PassDoor DarkVision</Aff>
  <Immune>Charm Negative Energy Mental</Immune>
  <Resist></Resist>
  <Vulnerable>Fire Acid Holy Divine</Vulnerable>
  <Form>sentient biped mammal</Form>
  <Part>Head Arms Legs Heart Brains Guts Hands Feet Fingers Ear Eye</Part>
  <Stats>
    <Strength>20</Strength>
    <Wisdom>20</Wisdom>
    <Intelligence>20</Intelligence>
    <Dexterity>20</Dexterity>
    <Constitution>20</Constitution>
    <Charisma>20</Charisma>
  </Stats>
  <MaxStats>
    <Strength>25</Strength>
    <Wisdom>25</Wisdom>
    <Intelligence>25</Intelligence>
    <Dexterity>25</Dexterity>
    <Constitution>25</Constitution>
    <Charisma>25</Charisma>
  </MaxStats>
  <Size>Medium</Size>
</Race>