<?xml version="1.0" encoding="utf-8"?>
<DamageMessages>
	<DamageMessage keyword="none" message="hit" type="None" />
	<DamageMessage keyword="slice" message="slice" type="Slash" />
	<DamageMessage keyword="stab" message="stab" type="Pierce" />
	<DamageMessage keyword="slash" message="slash" type="Slash" />
	<DamageMessage keyword="whip" message="whip" type="Slash" />
	<DamageMessage keyword="claw" message="claw" type="Slash" />
	<DamageMessage keyword="blast" message="blast" type="Bash" />
	<DamageMessage keyword="pound" message="pound" type="Bash" />
	<DamageMessage keyword="crush" message="crush" type="Bash" />
	<DamageMessage keyword="grep" message="grep" type="Slash" />
	<DamageMessage keyword="bite" message="bite" type="Pierce" />
	<DamageMessage keyword="suction" message="suction" type="Bash" />
	<DamageMessage keyword="pierce" message="pierce" type="Pierce" />
	<DamageMessage keyword="beating" message="beating" type="Bash" />
	<DamageMessage keyword="digestion" message="digestion" type="Acid" />
	<DamageMessage keyword="charge" message="charge" type="Bash" />
	<DamageMessage keyword="slap" message="slap" type="Bash" />
	<DamageMessage keyword="punch" message="punch" type="Bash" />
	<DamageMessage keyword="wrath" message="wrath" type="Holy" />
	<DamageMessage keyword="magic" message="magic" type="Energy" />
	<DamageMessage keyword="divine" message="divine power" type="Divine" />
	<DamageMessage keyword="cleave" message="cleave" type="Slash" />
	<DamageMessage keyword="scratch" message="scratch" type="Pierce" />
	<DamageMessage keyword="peck" message="peck" type="Pierce" />
	<DamageMessage keyword="peckb" message="peck" type="Bash" />
	<DamageMessage keyword="chop" message="chop" type="Slash" />
	<DamageMessage keyword="sting" message="sting" type="Pierce" />
	<DamageMessage keyword="smash" message="smash" type="Bash" />
	<DamageMessage keyword="shbite" message="shocking bite" type="Lightning" />
	<DamageMessage keyword="shockingbite" message="shocking bite" type="Lightning" />
	<DamageMessage keyword="flbite" message="flaming bite" type="Fire" />
	<DamageMessage keyword="flamingbite" message="flaming bite" type="Fire" />
	<DamageMessage keyword="frbite" message="freezing bite" type="Cold" />
	<DamageMessage keyword="freezingbite" message="freezing bite" type="Cold" />
	<DamageMessage keyword="acbite" message="acidic bite" type="Acid" />
	<DamageMessage keyword="acidicbite" message="acidic bite" type="Acid" />
	<DamageMessage keyword="chomp" message="chomp" type="Pierce" />
	<DamageMessage keyword="drain" message="life drain" type="Negative" />
	<DamageMessage keyword="thrust" message="thrust" type="Pierce" />
	<DamageMessage keyword="slime" message="slime" type="Acid" />
	<DamageMessage keyword="shock" message="shock" type="Lightning" />
	<DamageMessage keyword="thwack" message="thwack" type="Bash" />
	<DamageMessage keyword="flame" message="flame" type="Fire" />
	<DamageMessage keyword="chill" message="chill" type="Cold" />
	<DamageMessage keyword="light" message="blast of light" type="Light" />
	<DamageMessage keyword="nature" message="force of nature" type="Energy" />
	<DamageMessage keyword="defilement" message="defilement" type="Negative" />
	<DamageMessage keyword="mental" message="mental assault" type="Mental" />
	<DamageMessage keyword="sound" message="sonic assault" type="Sound" />
	<DamageMessage keyword="searing" message="searing light" type="Light" />
	<DamageMessage keyword="defile" message="defilement" type="Negative" />
	<DamageMessage keyword="acidbite" message="acidic bite" type="Acid" />
	<DamageMessage keyword="poisonbite" message="poisonous bite" type="Poison" />
	<DamageMessage keyword="darkwrath" message="dark wrath" type="Negative" />
	<DamageMessage keyword="kick" message="kick" type="bash" />
	<DamageMessage keyword="strike" message="strike" type="pierce" />	
	<DamageMessage keyword="nibble" message="nibble" type="pierce" />		
	<DamageMessage keyword="pinch" message="pinch" type="pierce" />
	<DamageMessage keyword="drowning" message="drowning" type="drowning" />			

</DamageMessages>