﻿<?xml version="1.0" encoding="utf-8"?>
<Liquids>
  <Liquid Name="water" Color="clear" Proof="0" Full="1" Thirst="10" Food="0" SSize="16" />
  <Liquid Name="beer" Color="amber" Proof="12" Full="1" Thirst="8" Food="1" SSize="12" />
  <Liquid Name="red wine" Color="burgundy" Proof="30" Full="1" Thirst="8" Food="1" SSize="5" />
  <Liquid Name="ale" Color="brown" Proof="15" Full="1" Thirst="8" Food="1" SSize="12" />
  <Liquid Name="dark ale" Color="dark" Proof="16" Full="1" Thirst="8" Food="1" SSize="12" />
  <Liquid Name="whisky" Color="golden" Proof="120" Full="1" Thirst="5" Food="0" SSize="2" />
  <Liquid Name="lemonade" Color="pink" Proof="0" Full="1" Thirst="9" Food="2" SSize="12" />
  <Liquid Name="firebreather" Color="boiling" Proof="190" Full="0" Thirst="4" Food="0" SSize="2" />
  <Liquid Name="local specialty" Color="clear" Proof="151" Full="1" Thirst="3" Food="0" SSize="2" />
  <Liquid Name="slime mold juice" Color="green" Proof="0" Full="2" Thirst="-8" Food="1" SSize="2" />
  <Liquid Name="milk" Color="white" Proof="0" Full="2" Thirst="9" Food="3" SSize="12" />
  <Liquid Name="tea" Color="tan" Proof="0" Full="1" Thirst="8" Food="0" SSize="6" />
  <Liquid Name="coffee" Color="black" Proof="0" Full="1" Thirst="8" Food="0" SSize="6" />
  <Liquid Name="blood" Color="red" Proof="0" Full="2" Thirst="-1" Food="2" SSize="6" />
  <Liquid Name="salt water" Color="clear" Proof="0" Full="1" Thirst="-2" Food="0" SSize="1" />
  <Liquid Name="coke" Color="brown" Proof="0" Full="2" Thirst="9" Food="2" SSize="12" />
  <Liquid Name="root beer" Color="brown" Proof="0" Full="2" Thirst="9" Food="2" SSize="12" />
  <Liquid Name="elvish wine" Color="green" Proof="35" Full="2" Thirst="8" Food="1" SSize="5" />
  <Liquid Name="white wine" Color="golden" Proof="28" Full="1" Thirst="8" Food="1" SSize="5" />
  <Liquid Name="champagne" Color="golden" Proof="32" Full="1" Thirst="8" Food="1" SSize="5" />
  <Liquid Name="mead" Color="honey-colored" Proof="34" Full="2" Thirst="8" Food="2" SSize="12" />
  <Liquid Name="rose wine" Color="pink" Proof="26" Full="1" Thirst="8" Food="1" SSize="5" />
  <Liquid Name="benedictine wine" Color="burgundy" Proof="40" Full="1" Thirst="8" Food="1" SSize="5" />
  <Liquid Name="vodka" Color="clear" Proof="130" Full="1" Thirst="5" Food="0" SSize="2" />
  <Liquid Name="cranberry juice" Color="red" Proof="0" Full="1" Thirst="9" Food="2" SSize="12" />
  <Liquid Name="orange juice" Color="orange" Proof="0" Full="2" Thirst="9" Food="3" SSize="12" />
  <Liquid Name="absinthe" Color="green" Proof="200" Full="1" Thirst="4" Food="0" SSize="2" />
  <Liquid Name="brandy" Color="golden" Proof="80" Full="1" Thirst="5" Food="0" SSize="4" />
  <Liquid Name="aquavit" Color="clear" Proof="140" Full="1" Thirst="5" Food="0" SSize="2" />
  <Liquid Name="schnapps" Color="clear" Proof="90" Full="1" Thirst="5" Food="0" SSize="2" />
  <Liquid Name="icewine" Color="purple" Proof="50" Full="2" Thirst="6" Food="1" SSize="5" />
  <Liquid Name="amontillado" Color="burgundy" Proof="35" Full="2" Thirst="8" Food="1" SSize="5" />
  <Liquid Name="sherry" Color="red" Proof="38" Full="2" Thirst="7" Food="1" SSize="5" />
  <Liquid Name="framboise" Color="red" Proof="50" Full="1" Thirst="7" Food="1" SSize="5" />
  <Liquid Name="rum" Color="amber" Proof="151" Full="1" Thirst="4" Food="0" SSize="2" />
  <Liquid Name="cordial" Color="clear" Proof="100" Full="1" Thirst="5" Food="0" SSize="2" />
</Liquids>