﻿<?xml version="1.0" encoding="utf-8"?>
<Races>
  <RaceData>
    <Name>Elf</Name>
    <Alignment>Good</Alignment>
    <Ethos>Orderly Neutral Chaotic</Ethos>
    <IsPCRace>True</IsPCRace>
    <Parts>Head Arms Legs Heart Brains Guts Hands Feet Fingers Ear Eye</Parts>
    <Size>Medium</Size>
    <Stats>
      <Strength>16</Strength>
      <Wisdom>19</Wisdom>
      <Intelligence>23</Intelligence>
      <Dexterity>19</Dexterity>
      <Constitution>16</Constitution>
      <Charisma>18</Charisma>
    </Stats>
    <MaxStats>
      <Strength>17</Strength>
      <Wisdom>20</Wisdom>
      <Intelligence>25</Intelligence>
      <Dexterity>22</Dexterity>
      <Constitution>16</Constitution>
      <Charisma>18</Charisma>
    </MaxStats>
  </RaceData>
  <RaceData>
    <Name>Human</Name>
    <Alignment>Good Neutral Evil</Alignment>
    <Ethos>Orderly Neutral Chaotic</Ethos>
    <IsPCRace>True</IsPCRace>
    <Parts>Head Arms Legs Heart Brains Guts Hands Feet Fingers Ear Eye</Parts>
    <Size>Medium</Size>
    <Stats>
      <Strength>18</Strength>
      <Wisdom>18</Wisdom>
      <Intelligence>18</Intelligence>
      <Dexterity>18</Dexterity>
      <Constitution>18</Constitution>
      <Charisma>18</Charisma>
    </Stats>
    <MaxStats>
      <Strength>20</Strength>
      <Wisdom>20</Wisdom>
      <Intelligence>20</Intelligence>
      <Dexterity>20</Dexterity>
      <Constitution>20</Constitution>
      <Charisma>20</Charisma>
    </MaxStats>
  </RaceData>
  <RaceData>
    <Name>Dwarf</Name>
    <Alignment>Good Neutral</Alignment>
    <Ethos>Orderly Neutral Chaotic</Ethos>
    <IsPCRace>True</IsPCRace>
    <Parts>Head Arms Legs Heart Brains Guts Hands Feet Fingers Ear Eye</Parts>
    <Size>Medium</Size>
    <Stats>
      <Strength>20</Strength>
      <Wisdom>18</Wisdom>
      <Intelligence>18</Intelligence>
      <Dexterity>16</Dexterity>
      <Constitution>24</Constitution>
      <Charisma>15</Charisma>
    </Stats>
    <MaxStats>
      <Strength>22</Strength>
      <Wisdom>18</Wisdom>
      <Intelligence>18</Intelligence>
      <Dexterity>17</Dexterity>
      <Constitution>25</Constitution>
      <Charisma>16</Charisma>
    </MaxStats>
  </RaceData>
  <RaceData>
    <Name>Orc</Name>
    <Alignment>Evil</Alignment>
    <Ethos>Orderly Neutral Chaotic</Ethos>
    <IsPCRace>True</IsPCRace>
    <Parts>Head Arms Legs Heart Brains Guts Hands Feet Fingers Ear Eye</Parts>
    <Size>Medium</Size>
    <Stats>
      <Strength>21</Strength>
      <Wisdom>15</Wisdom>
      <Intelligence>16</Intelligence>
      <Dexterity>19</Dexterity>
      <Constitution>21</Constitution>
      <Charisma>8</Charisma>
    </Stats>
    <MaxStats>
      <Strength>23</Strength>
      <Wisdom>17</Wisdom>
      <Intelligence>17</Intelligence>
      <Dexterity>20</Dexterity>
      <Constitution>23</Constitution>
      <Charisma>12</Charisma>
    </MaxStats>
  </RaceData>
  <RaceData>
    <Name>Minotaur</Name>
    <Alignment>Neutral Evil</Alignment>
    <Ethos>Neutral Chaotic</Ethos>
    <IsPCRace>True</IsPCRace>
    <Parts>Horns Head Arms Legs Heart Brains Guts Hands Fingers Ear Eye</Parts>
    <Size>Medium</Size>
    <Stats>
      <Strength>21</Strength>
      <Wisdom>16</Wisdom>
      <Intelligence>17</Intelligence>
      <Dexterity>16</Dexterity>
      <Constitution>20</Constitution>
      <Charisma>12</Charisma>
    </Stats>
    <MaxStats>
      <Strength>23</Strength>
      <Wisdom>18</Wisdom>
      <Intelligence>18</Intelligence>
      <Dexterity>18</Dexterity>
      <Constitution>22</Constitution>
      <Charisma>12</Charisma>
    </MaxStats>
  </RaceData>
</Races>