<?xml version="1.0"?> 
<Groups>
	<Group name="warrior" skills="'enhanced damage' 'second attack' 
	'third attack' 'fourth attack' 'dual wield' bash dodge berserk 
	trance meditation trip 'dirt kick' kick axe sword dagger mace staff whip spear flail parry"/>
	
	<Group name="warrior_basics" skills="" />
	
	
	<Group name="thief" skills="'dual wield' 'dodge' trip
	'second attack' 'dirt kick' sword mace" />
	
	<Group name="thief_basics" skills="dodge" />
	
	
	<Group name="healer" skills="bless heal 'cure serious'
	dagger mace 'create bread' blindness armor" />
	
	<Group name="healer_basics" skills="'cure light'" />
	
	
	<Group name="paladin" skills="bless heal 'cure serious'
	sword mace 'create bread' blindness armor" />
	
	<Group name="paladin_basics" skills="'cure light'" />
	
	
	<Group name="mage" skills="dagger mace blindness" />
	<Group name="mage_basics" skills="" />
	
	<Group name="bard" skills="staff sword mace dagger" />
	
	<Group name="bard_basics" skills="lore" />
</Groups>