﻿<?xml version="1.0" encoding="utf-8"?>
<Songs>
  <Song
    Name="travelers march"
    MinimumPosition="Resting"
    MinmumMana="20"
    WaitTime="0"
    NounDamage="NA"
    AutoCast="false"
    SpellFuncType="CrimsonStainedLands.Songs, CrimsonStainedLands"
    SpellFuncName="SongTravelersMarch"
    SkillTypes="Song">
    <SkillLevel
      Guild="bard"
      Level="2"
      Rating="1" />
    <Lyrics>
I used to struggle just to take a stroll,
But now I'm moving with a rhythm and roll.
Gone are the days of feeling so slow,
Cause I can move it and I'm ready to go.
I'll do the cha-cha, tango and swing,
All with a smile and a joyful sing.
I'm feeling so light, like a feather in air,
Cause moving longer is just beyond compare.
    </Lyrics>
  </Song>
  <Song
    Name="charismatic prelude"
    MinimumPosition="Resting"
    MinmumMana="20"
    WaitTime="12"
    NounDamage="NA"
    AutoCast="false"
    SpellFuncType="CrimsonStainedLands.Songs, CrimsonStainedLands"
    SpellFuncName="SongCharismaticPrelude"
    SkillTypes="Song">
    <SkillLevel
      Guild="bard"
      Level="4"
      Rating="1" />
    <Lyrics>
I used to blend in with the crowd, now I stand out
My confidence is growing, there's no doubt
I work on my social skills every day
Now people are drawn to me, in every way.
    </Lyrics>
  </Song>
  <Song
    Name="adagio"
    MinimumPosition="Resting"
    MinmumMana="20"
    WaitTime="12"
    NounDamage="NA"
    AutoCast="false"
    SpellFuncType="CrimsonStainedLands.Songs, CrimsonStainedLands"
    SpellFuncName="SongAdagio"
    SkillTypes="Song">
    <SkillLevel
      Guild="bard"
      Level="7"
      Rating="1" />
    <Lyrics>
Bruised and battered, I've been struggling to stand
The weight of the pain, pressing down like a heavy hand
But I won't give up, I'll fight with all my might
To heal this broken body and make everything alright.
    </Lyrics>
  </Song>
  <Song
    Name="elven adagio"
    MinimumPosition="Resting"
    MinmumMana="20"
    WaitTime="12"
    NounDamage="NA"
    AutoCast="false"
    SpellFuncType="CrimsonStainedLands.Songs, CrimsonStainedLands"
    SpellFuncName="SongElvenAdagio"
    SkillTypes="Song">
    <SkillLevel
      Guild="bard"
      Level="15"
      Rating="1" />
    <Lyrics>
Broken bones and scars,
Pain and sufferings ours,
But the will to be whole,
Is worth more than gold.
With faith and hope in hand,
We can heal and take a stand,
And rise above the aches and tears,
The journey to wellness is here.
    </Lyrics>
  </Song>
  <Song
    Name="piercing dissonance"
    MinimumPosition="Resting"
    MinmumMana="20"
    WaitTime="12"
    NounDamage="piercing dissonance"
    AutoCast="false"
    SpellFuncType="CrimsonStainedLands.Songs, CrimsonStainedLands"
    SpellFuncName="SongPiercingDissonance"
    SkillTypes="Song">
    <SkillLevel
      Guild="bard"
      Level="9"
      Rating="1" />
    <Lyrics>
A sound echoes through the space,
It hurts them all with a relentless pace,
They cover their ears but it won't subside,
Their minds are aching, they can't escape.
    </Lyrics>
  </Song>
  <Song
    Name="battaglia"
    MinimumPosition="Fighting"
    MinmumMana="20"
    WaitTime="12"
    NounDamage="NA"
    AutoCast="false"
    SpellFuncType="CrimsonStainedLands.Songs, CrimsonStainedLands"
    SpellFuncName="SongBattaglia"
    SkillTypes="Song">
    <SkillLevel
      Guild="bard"
      Level="10"
      Rating="1" />
    <Lyrics>
We're moving fast, we're feeling right,
In the heat of the moment, we're a sight,
The enemy tries to strike, but we're always one step ahead,
Our pace leaving them with less chance to hit instead.
    </Lyrics>
  </Song>
  <Song
    Name="canticle"
    MinimumPosition="Resting"
    MinmumMana="20"
    WaitTime="12"
    NounDamage="NA"
    AutoCast="false"
    SpellFuncType="CrimsonStainedLands.Songs, CrimsonStainedLands"
    SpellFuncName="SongCanticle"
    SkillTypes="Song">
    <SkillLevel
      Guild="bard"
      Level="14"
      Rating="1" />
    <Lyrics>
We march forward with heads held high,
Our weapons gleaming as we pass by.
Enemies tremble at the sight,
Of our power and might in the fight.
Unyielding and forever revealing,
Our strength shines bright for all to see.
    </Lyrics>
  </Song>
  <Song
    Name="languid carol"
    MinimumPosition="Fighting"
    MinmumMana="20"
    WaitTime="12"
    NounDamage="NA"
    AutoCast="false"
    SpellFuncType="CrimsonStainedLands.Songs, CrimsonStainedLands"
    SpellFuncName="SongLanguidCarol"
    SkillTypes="Song">
    <SkillLevel
      Guild="bard"
      Level="17"
      Rating="1" />
    <Lyrics>
Lost in the darkness, feeling so low
What once was steady, now starting to go
Can't seem to rise, can't seem to fight
Feeling so weak, with no end in sight.
    </Lyrics>
  </Song>
  <Song
    Name="anthem of resistance"
    MinimumPosition="Fighting"
    MinmumMana="20"
    WaitTime="12"
    NounDamage="NA"
    AutoCast="false"
    SpellFuncType="CrimsonStainedLands.Songs, CrimsonStainedLands"
    SpellFuncName="SongAnthemOfResistance"
    SkillTypes="Song">
    <SkillLevel
      Guild="bard"
      Level="18"
      Rating="1" />
    <Lyrics>
We've built up our defenses, strengthened our hearts
We won't let life break us, we'll play our parts
We won't crumble and fall, we'll take on the storm
We'll weather it all, and face every form
Of challenge with all of our might.
    </Lyrics>
  </Song>
  <Song
    Name="riddle of revelation"
    MinimumPosition="Fighting"
    MinmumMana="20"
    WaitTime="4"
    NounDamage="NA"
    AutoCast="false"
    SpellFuncType="CrimsonStainedLands.Songs, CrimsonStainedLands"
    SpellFuncName="SongRiddleOfRevelation"
    SkillTypes="Song">
    <SkillLevel
      Guild="bard"
      Level="19"
      Rating="1" />
    <Lyrics>
With every word I sing, my voice echoes far
Revealing secrets hidden, like stars in the sky
The truth once lost now shines, a guiding light
In this musical journey I embark
One verse, a song to reveal all that is hidden
The truth that was lost, now found and forbidden
With every note I play, a story is rebidden.
    </Lyrics>
  </Song>
  <Song
    Name="reveille"
    MinimumPosition="Fighting"
    MinmumMana="20"
    WaitTime="4"
    NounDamage="NA"
    AutoCast="false"
    SpellFuncType="CrimsonStainedLands.Songs, CrimsonStainedLands"
    SpellFuncName="SongReveille"
    SkillTypes="Song">
    <SkillLevel
      Guild="bard"
      Level="20"
      Rating="1" />
    <Lyrics>
Awaken, oh sleeping ones,
Let my words be the dawn.
Rise up, shake off the dreams,
And step into the morn
In slumber deep, you do now lie,
But with my song, I'll make you arise.
    </Lyrics>
  </Song>
  <Song
    Name="pastoral of the mind"
    MinimumPosition="Resting"
    MinmumMana="20"
    WaitTime="4"
    NounDamage="NA"
    AutoCast="false"
    SpellFuncType="CrimsonStainedLands.Songs, CrimsonStainedLands"
    SpellFuncName="SongPastoralOfTheMind"
    SkillTypes="Song">
    <SkillLevel
      Guild="bard"
      Level="21"
      Rating="1" />
    <Lyrics>
Oh weary adventurers, your spirits declined,
With magic spent and mana low, you struggle to align.
But fear not, for I am here, a bard with a song,
To lift your spirits high and restore what's lost, so strong.
    </Lyrics>
  </Song>
  <Song
    Name="tranquil serenade"
    MinimumPosition="Fighting"
    MinmumMana="20"
    WaitTime="12"
    NounDamage="NA"
    AutoCast="false"
    SpellFuncType="CrimsonStainedLands.Songs, CrimsonStainedLands"
    SpellFuncName="SongTranquilSerenade"
    SkillTypes="Song">
    <SkillLevel
      Guild="bard"
      Level="22"
      Rating="1" />
    <Lyrics>
Come gather 'round, and listen well,
For a joyful tune, I have to tell.
Let's leave behind all stress and strife,
And fill our hearts with joy and life
With every note, I'll lift you high,
And chase away all worries, let them fly.
For laughter and love are what we need,
So let's all smile, and our hearts be freed.
    </Lyrics>
  </Song>
  <Song
    Name="requiem"
    MinimumPosition="Resting"
    MinmumMana="20"
    WaitTime="12"
    NounDamage="NA"
    AutoCast="false"
    SpellFuncType="CrimsonStainedLands.Songs, CrimsonStainedLands"
    SpellFuncName="SongRequiem"
    SkillTypes="Song">
    <SkillLevel
      Guild="bard"
      Level="26"
      Rating="1" />
    <Lyrics>
Laying here, motionless,
But your spirit soars,
With the melodies of the ancients,
That the bards of old have poured
Oh hear the song of life,
That brings new hope to all,
With every note, a new strength,
That shall not let them fall.
    </Lyrics>
  </Song>
  <Song
    Name="elegy of tears"
    MinimumPosition="Resting"
    MinmumMana="20"
    WaitTime="12"
    NounDamage="NA"
    AutoCast="false"
    SpellFuncType="CrimsonStainedLands.Songs, CrimsonStainedLands"
    SpellFuncName="SongElegyOfTears"
    SkillTypes="Song">
    <SkillLevel
      Guild="bard"
      Level="27"
      Rating="1" />
    <Lyrics>
With a silly grin and a tune so absurd
A song that I sing leaves them all deterred
They'll twirl and whirl, they'll forget their chase
As they dance to the beat, with a silly grace!
    </Lyrics>
  </Song>
  <Song
    Name="bagatelle of bravado"
    MinimumPosition="Resting"
    MinmumMana="20"
    WaitTime="12"
    NounDamage="NA"
    AutoCast="false"
    SpellFuncType="CrimsonStainedLands.Songs, CrimsonStainedLands"
    SpellFuncName="SongBagatelleOfBravado"
    SkillTypes="Song">
    <SkillLevel
      Guild="bard"
      Level="28"
      Rating="1" />
    <Lyrics>
Close your eyes, and let the music play
Feel the rhythm, let it wash away
All your doubts, all your fears
And let the power of my voice be near.
Rise up, my friends, and feel the power
Your hearts and minds, in this moment, empowered
Health and magic, at your command
With this song, your journey shall withstand.
    </Lyrics>
  </Song>
  <Song
    Name="laborious lament"
    MinimumPosition="Resting"
    MinmumMana="20"
    WaitTime="12"
    NounDamage="NA"
    AutoCast="false"
    SpellFuncType="CrimsonStainedLands.Songs, CrimsonStainedLands"
    SpellFuncName="SongLaboriousLament"
    SkillTypes="Song">
    <SkillLevel
      Guild="bard"
      Level="29"
      Rating="1" />
    <Lyrics>
In this dark and lonely hall, I stand alone and still
With words so strong and true, I cast this curse with will
The foes that roam this land, with malice in their heart
Shall feel the power of my voice, and know its impart.
A curse upon them all, in this haunted place
Their strength and power waning, their movements slow with grace
Their once fierce eyes, now dim with fear and pain
And in this somber moment, they will feel its chain.
    </Lyrics>
  </Song>
  <Song
    Name="vibrato"
    MinimumPosition="Resting"
    MinmumMana="20"
    WaitTime="12"
    NounDamage="vibrato"
    AutoCast="false"
    SpellFuncType="CrimsonStainedLands.Songs, CrimsonStainedLands"
    SpellFuncName="SongVibrato"
    SkillTypes="Song">
    <SkillLevel
      Guild="bard"
      Level="32"
      Rating="1" />
    <Lyrics>
With a voice so clear and true,
I sing a song of power anew.
The notes I strike shall rend the air,
And send my foes in panic and despair.
Blast of magic, hear my call,
Bring destruction to one and all.
My song shall conquer, my words shall reign,
Leaving naught but destruction and pain.
    </Lyrics>
  </Song>
  <Song
    Name="apocalyptic overture"
    MinimumPosition="Resting"
    MinmumMana="20"
    WaitTime="12"
    NounDamage="apocalyptic overture"
    AutoCast="false"
    SpellFuncType="CrimsonStainedLands.Songs, CrimsonStainedLands"
    SpellFuncName="SongApocalypticOverture"
    SkillTypes="Song">
    <SkillLevel
      Guild="bard"
      Level="34"
      Rating="1" />
    <Lyrics>
With my voice as the flicker of flame,
I call forth the fire, my power and aim.
With each word, the blaze shall rise,
Bringing death to all who disguise.
Or, with the chill of winter's breath,
I unleash the frost, a deadly wreath.
With each note, the ice shall flow,
Bringing ruin to those below.
Flame of fire or frost of ice,
My song brings death in a single slice.
With magic in my voice and power in my sound,
All who face me shall feel my deadly round.
    </Lyrics>
  </Song>
  <Song
    Name="fantasia of palliation"
    MinimumPosition="Resting"
    MinmumMana="20"
    WaitTime="12"
    NounDamage="NA"
    AutoCast="false"
    SpellFuncType="CrimsonStainedLands.Songs, CrimsonStainedLands"
    SpellFuncName="SongFantasiaOfPalliation"
    SkillTypes="Song">
    <SkillLevel
      Guild="bard"
      Level="38"
      Rating="1" />
    <Lyrics>
Listen, oh foes, to my mournful lay
For in my voice lies magic's sway
A spell of palliation, soft and kind
To soothe the spirit and ease the mind.
With every note, the power grows
And spreads its peace, like a summer's glow
So listen well and be at peace
This melody that brings release
    </Lyrics>
  </Song>
  <Song
    Name="dirge of sacrifice"
    MinimumPosition="Resting"
    MinmumMana="20"
    WaitTime="12"
    NounDamage="immolation"
    AutoCast="false"
    SpellFuncType="CrimsonStainedLands.Songs, CrimsonStainedLands"
    SpellFuncName="SongDirgeOfSacrifice"
    TickFuncType="CrimsonStainedLands.Songs, CrimsonStainedLands"
    TickFuncName="DirgeImmolation"
    SkillTypes="Song">
    <SkillLevel
      Guild="bard"
      Level="40"
      Rating="1" />
    <Lyrics>
With a voice as powerful as the sun,
I call upon the flame's might.
Let all who hear this song,
Be engulfed by its blazing light.
Let the inferno rage,
And let the flames engulf all.
For with this song I raise,
A fire that shall overwhelm all.
    </Lyrics>
  </Song>
  <Song
    Name="grand nocturne"
    MinimumPosition="Resting"
    MinmumMana="20"
    WaitTime="12"
    NounDamage="NA"
    AutoCast="false"
    SpellFuncType="CrimsonStainedLands.Songs, CrimsonStainedLands"
    SpellFuncName="SongGrandNocturne"
    SkillTypes="Song">
    <SkillLevel
      Guild="bard"
      Level="45"
      Rating="1" />
    <Lyrics>
With the power of my voice, I cast a spell
That will cause your strikes to miss and fail
Your aim shall be off, your strikes untrue
This bard's song, a weapon that will subdue.
So let my voice, a lullaby be
A symphony of defeat, for you to see
For as I sing, my magic takes hold
And leaves you weak, unable to uphold.
    </Lyrics>
  </Song>
  <Song
    Name="lullaby"
    MinimumPosition="Fighting"
    MinmumMana="20"
    WaitTime="4"
    NounDamage="NA"
    AutoCast="false"
    SpellFuncType="CrimsonStainedLands.Songs, CrimsonStainedLands"
    SpellFuncName="SongLullaby"
    SkillTypes="Song">
    <SkillLevel
      Guild="bard"
      Level="16"
      Rating="1" />
    <Lyrics>
With every note sung so true,
A calming presence shines right through,
The room falls silent, with a gentle hum,
Putting all to sleep, one by one.
Close your eyes and let the sounds carry on,
Easing worries, letting dreams start to dawn,
With every word, a peaceful vibe,
In this room, sweet dreams will surely abide.
    </Lyrics>
  </Song>
</Songs>