﻿<?xml version="1.0" encoding="utf-8"?>
<PlayerData>
  <name>Giaken</name>
  <description></description>
  <longDescription></longDescription>
  <shortDescription></shortDescription>
  <Sex>Male</Sex>
  <level>60</level>
  <hitpoints>5511</hitpoints>
  <maxhitpoints>5511</maxhitpoints>
  <manapoints>5030</manapoints>
  <maxmanapoints>5030</maxmanapoints>
  <movementpoints>5000</movementpoints>
  <maxmovementpoints>5000</maxmovementpoints>
  <ArmorBash>0</ArmorBash>
  <ArmorSlash>0</ArmorSlash>
  <ArmorPierce>0</ArmorPierce>
  <ArmorExotic>0</ArmorExotic>
  <size>Medium</size>
  <xp>6779</xp>
  <xpTotal>6779</xpTotal>
  <race>human</race>
  <Title>the Code Conjurer</Title>
  <ExtendedTitle>, Digital Dungeon Architect</ExtendedTitle>
  <alignment>Good</alignment>
  <ethos>Lawful</ethos>
  <room>19094</room>
  <hitroll>23</hitroll>
  <damRoll>32</damRoll>
  <armorclass>-83</armorclass>
  <silver>26007</silver>
  <gold>57247</gold>
  <silverbank>10100</silverbank>
  <practices>6</practices>
  <hunger>48</hunger>
  <thirst>48</thirst>
  <SavingThrow>4</SavingThrow>
  <Guild>paladin</Guild>
  <flags>AutoSac AutoGold AutoSplit AutoAssist HolyLight WizInvis NewbieChannel ColorOn</flags>
  <immune></immune>
  <resist></resist>
  <vulnerable></vulnerable>
  <affectedBy></affectedBy>
  <WiznetFlags>On Logins Connections Levels</WiznetFlags>
  <PermanentStats>
    <Strength>20</Strength>
    <Wisdom>20</Wisdom>
    <Intelligence>20</Intelligence>
    <Dexterity>20</Dexterity>
    <Constitution>20</Constitution>
    <Charisma>20</Charisma>
  </PermanentStats>
  <ModifiedStats>
    <Strength>11</Strength>
    <Wisdom>2</Wisdom>
    <Intelligence>7</Intelligence>
    <Dexterity>2</Dexterity>
    <Constitution>3</Constitution>
    <Charisma>0</Charisma>
  </ModifiedStats>
  <Learned>
    <SkillSpell Name="cure light" Value="80" Level="5" />
    <SkillSpell Name="cure serious" Value="80" Level="15" />
    <SkillSpell Name="heal" Value="80" Level="29" />
    <SkillSpell Name="bless" Value="80" Level="10" />
    <SkillSpell Name="berserk" Value="80" Level="60" />
    <SkillSpell Name="second attack" Value="80" Level="6" />
    <SkillSpell Name="third attack" Value="80" Level="13" />
    <SkillSpell Name="fourth attack" Value="80" Level="32" />
    <SkillSpell Name="dual wield" Value="80" Level="60" />
    <SkillSpell Name="create bread" Value="80" Level="5" />
    <SkillSpell Name="trip" Value="80" Level="10" />
    <SkillSpell Name="bash" Value="80" Level="10" />
    <SkillSpell Name="blindness" Value="80" Level="10" />
    <SkillSpell Name="enhanced damage" Value="77" Level="4" />
    <SkillSpell Name="dodge" Value="75" Level="60" />
    <SkillSpell Name="axe" Value="1" Level="1" />
    <SkillSpell Name="sword" Value="86" Level="1" />
    <SkillSpell Name="dagger" Value="75" Level="60" />
    <SkillSpell Name="mace" Value="75" Level="1" />
    <SkillSpell Name="staff" Value="1" Level="1" />
    <SkillSpell Name="whip" Value="1" Level="60" />
    <SkillSpell Name="spear" Value="1" Level="60" />
    <SkillSpell Name="flail" Value="1" Level="60" />
    <SkillSpell Name="parry" Value="76" Level="1" />
    <SkillSpell Name="recall" Value="100" Level="1" />
    <SkillSpell Name="form lion" Value="100" Level="60" />
    <SkillSpell Name="fly" Value="100" Level="1" />
  </Learned>
  <Inventory>
    <Item>
      <VNum>40012</VNum>
      <Nutrition>40</Nutrition>
      <Liquid>firebreather</Liquid>
      <Charges>39</Charges>
      <Durability>100</Durability>
      <WearFlags>Take Hold</WearFlags>
      <ExtraFlags></ExtraFlags>
      <Programs>
        <Program Name="EverfullSkin" />
      </Programs>
      <Affects />
      <ItemTypes>DrinkContainer</ItemTypes>
      <Contains />
    </Item>
    <Item>
      <VNum>40011</VNum>
      <Durability>100</Durability>
      <WearFlags>Take Hold</WearFlags>
      <ExtraFlags>Closable Closed</ExtraFlags>
      <Programs>
        <Program Name="PouchNourishment" />
      </Programs>
      <Affects />
      <ItemTypes>Container</ItemTypes>
      <Contains />
    </Item>
    <Item>
      <VNum>40010</VNum>
      <Durability>100</Durability>
      <WearFlags>Take Hold</WearFlags>
      <ExtraFlags>Closable</ExtraFlags>
      <Affects />
      <ItemTypes>Container</ItemTypes>
      <Contains />
    </Item>
    <Item>
      <VNum>2970</VNum>
      <Level>60</Level>
      <WeaponDamageType>wrath</WeaponDamageType>
      <DiceSides>6</DiceSides>
      <DiceCount>8</DiceCount>
      <DiceBonus>25</DiceBonus>
      <Durability>100</Durability>
      <WearFlags>Take Wield</WearFlags>
      <ExtraFlags>Glow TwoHands Hum</ExtraFlags>
      <Programs>
        <Program Name="OneHitHitRangerWeapon" />
      </Programs>
      <Affects>
        <Affect where="ToObject" level="0" duration="-1" location="Damroll" modifier="14" hidden="False" affectType="Spell" skillSpell="imbue weapon">
          <ExtraState />
        </Affect>
        <Affect where="ToObject" level="0" duration="-1" location="Hitroll" modifier="14" hidden="False" affectType="Spell" skillSpell="imbue weapon">
          <ExtraState />
        </Affect>
        <Affect where="ToObject" level="60" duration="-1" location="Damroll" modifier="11" hidden="False" affectType="Spell" skillSpell="bless weapon">
          <ExtraState />
        </Affect>
        <Affect where="ToObject" level="60" duration="-1" location="Hitroll" modifier="11" hidden="False" affectType="Spell" skillSpell="bless weapon">
          <ExtraState />
        </Affect>
        <Affect where="ToObject" level="60" duration="-1" location="Damroll" modifier="6" hidden="False" affectType="Spell" skillSpell="enchant weapon">
          <ExtraState />
        </Affect>
        <Affect where="ToObject" level="60" duration="-1" location="Hitroll" modifier="6" hidden="False" affectType="Spell" skillSpell="enchant weapon">
          <ExtraState />
        </Affect>
      </Affects>
      <ItemTypes>Weapon</ItemTypes>
      <Contains />
    </Item>
    <Item>
      <VNum>2971</VNum>
      <ShortDescription>a steak of the corpse of the healer</ShortDescription>
      <LongDescription>A juicy steak carved from the corpse of the healer is lying here.</LongDescription>
      <Description>A juicy steak carved from the corpse of the healer smells delicious.</Description>
      <Durability>100</Durability>
      <WearFlags>Take</WearFlags>
      <ExtraFlags></ExtraFlags>
      <Affects />
      <ItemTypes>Food</ItemTypes>
      <Contains />
    </Item>
    <Item>
      <VNum>11407</VNum>
      <Durability>100</Durability>
      <WearFlags>Take Wield</WearFlags>
      <ExtraFlags>Glow Evil AntiNeutral</ExtraFlags>
      <Affects>
        <Affect where="ToObject" level="0" duration="-1" location="Damroll" modifier="2" hidden="False" affectType="Spell">
          <ExtraState />
        </Affect>
        <Affect where="ToObject" level="0" duration="-1" location="Hitroll" modifier="5" hidden="False" affectType="Spell">
          <ExtraState />
        </Affect>
      </Affects>
      <ItemTypes>Weapon</ItemTypes>
      <Contains />
    </Item>
    <Item>
      <VNum>51001</VNum>
      <Name></Name>
      <ShortDescription></ShortDescription>
      <LongDescription></LongDescription>
      <NightShortDescription></NightShortDescription>
      <NightLongDescription></NightLongDescription>
      <Description></Description>
      <Level>0</Level>
      <WeaponDamageType>none</WeaponDamageType>
      <WeaponType>None</WeaponType>
      <DiceSides>1</DiceSides>
      <DiceCount>1</DiceCount>
      <DiceBonus>1</DiceBonus>
      <Weight>0</Weight>
      <Silver>0</Silver>
      <Gold>0</Gold>
      <Nutrition>0</Nutrition>
      <Liquid></Liquid>
      <MaxWeight>0</MaxWeight>
      <Material></Material>
      <Charges>0</Charges>
      <MaxCharges>0</MaxCharges>
      <ArmorBash>0</ArmorBash>
      <ArmorSlash>0</ArmorSlash>
      <ArmorPierce>0</ArmorPierce>
      <ArmorExotic>0</ArmorExotic>
      <Cost>0</Cost>
      <MaxDurability>0</MaxDurability>
      <Durability>100</Durability>
      <WearFlags>Take Hold</WearFlags>
      <ExtraFlags></ExtraFlags>
      <Affects />
      <ItemTypes></ItemTypes>
      <Contains />
    </Item>
    <Item>
      <VNum>3051</VNum>
      <Durability>100</Durability>
      <WearFlags>Take</WearFlags>
      <ExtraFlags></ExtraFlags>
      <Affects />
      <ItemTypes>Boat</ItemTypes>
      <Contains />
    </Item>
    <Item>
      <VNum>40010</VNum>
      <Durability>100</Durability>
      <WearFlags>Take Hold</WearFlags>
      <ExtraFlags>Closable</ExtraFlags>
      <Affects />
      <ItemTypes>Container</ItemTypes>
      <Contains>
        <Item>
          <VNum>51016</VNum>
          <Name></Name>
          <ShortDescription></ShortDescription>
          <LongDescription></LongDescription>
          <NightShortDescription></NightShortDescription>
          <NightLongDescription></NightLongDescription>
          <Description></Description>
          <Level>0</Level>
          <WeaponDamageType>none</WeaponDamageType>
          <WeaponType>None</WeaponType>
          <DiceSides>1</DiceSides>
          <DiceCount>1</DiceCount>
          <DiceBonus>1</DiceBonus>
          <Weight>0</Weight>
          <Silver>0</Silver>
          <Gold>0</Gold>
          <Nutrition>0</Nutrition>
          <Liquid></Liquid>
          <MaxWeight>0</MaxWeight>
          <Material></Material>
          <Charges>0</Charges>
          <MaxCharges>0</MaxCharges>
          <ArmorBash>0</ArmorBash>
          <ArmorSlash>0</ArmorSlash>
          <ArmorPierce>0</ArmorPierce>
          <ArmorExotic>0</ArmorExotic>
          <Cost>0</Cost>
          <MaxDurability>0</MaxDurability>
          <Durability>100</Durability>
          <WearFlags>Take Wield</WearFlags>
          <ExtraFlags></ExtraFlags>
          <Programs>
            <Program Name="OneHitHitBlackHammer" />
          </Programs>
          <Affects>
            <Affect where="ToObject" level="0" duration="-1" location="Saves" modifier="-8" hidden="False" affectType="Spell">
              <ExtraState />
            </Affect>
            <Affect where="ToObject" level="0" duration="-1" location="Damroll" modifier="4" hidden="False" affectType="Spell">
              <ExtraState />
            </Affect>
            <Affect where="ToObject" level="0" duration="-1" location="Hitroll" modifier="4" hidden="False" affectType="Spell">
              <ExtraState />
            </Affect>
          </Affects>
          <ItemTypes>Weapon</ItemTypes>
          <Contains />
        </Item>
        <Item>
          <VNum>24410</VNum>
          <Durability>100</Durability>
          <WearFlags>Take Hands</WearFlags>
          <ExtraFlags></ExtraFlags>
          <Affects>
            <Affect where="ToObject" level="0" duration="-1" location="SavingSpell" modifier="-3" hidden="False" affectType="Spell">
              <ExtraState />
            </Affect>
            <Affect where="ToObject" level="0" duration="-1" location="Damroll" modifier="5" hidden="False" affectType="Spell">
              <ExtraState />
            </Affect>
            <Affect where="ToObject" level="0" duration="-1" location="Hitroll" modifier="-1" hidden="False" affectType="Spell">
              <ExtraState />
            </Affect>
            <Affect where="ToObject" level="0" duration="-1" location="Dexterity" modifier="-3" hidden="False" affectType="Spell">
              <ExtraState />
            </Affect>
          </Affects>
          <ItemTypes>Armor</ItemTypes>
          <Contains />
        </Item>
        <Item>
          <VNum>24410</VNum>
          <Durability>100</Durability>
          <WearFlags>Take Hands</WearFlags>
          <ExtraFlags></ExtraFlags>
          <Affects>
            <Affect where="ToObject" level="0" duration="-1" location="SavingSpell" modifier="-3" hidden="False" affectType="Spell">
              <ExtraState />
            </Affect>
            <Affect where="ToObject" level="0" duration="-1" location="Damroll" modifier="5" hidden="False" affectType="Spell">
              <ExtraState />
            </Affect>
            <Affect where="ToObject" level="0" duration="-1" location="Hitroll" modifier="-1" hidden="False" affectType="Spell">
              <ExtraState />
            </Affect>
            <Affect where="ToObject" level="0" duration="-1" location="Dexterity" modifier="-3" hidden="False" affectType="Spell">
              <ExtraState />
            </Affect>
          </Affects>
          <ItemTypes>Armor</ItemTypes>
          <Contains />
        </Item>
        <Item>
          <VNum>17726</VNum>
          <Durability>100</Durability>
          <WearFlags>Take Finger</WearFlags>
          <ExtraFlags>Glow Dark Evil AntiGood AntiNeutral</ExtraFlags>
          <Affects>
            <Affect where="ToObject" level="0" duration="-1" location="Damroll" modifier="4" hidden="False" affectType="Spell">
              <ExtraState />
            </Affect>
          </Affects>
          <ItemTypes>Armor</ItemTypes>
          <Contains />
        </Item>
        <Item>
          <VNum>17726</VNum>
          <Durability>100</Durability>
          <WearFlags>Take Finger</WearFlags>
          <ExtraFlags>Glow Dark Evil AntiGood AntiNeutral</ExtraFlags>
          <Affects>
            <Affect where="ToObject" level="0" duration="-1" location="Damroll" modifier="4" hidden="False" affectType="Spell">
              <ExtraState />
            </Affect>
          </Affects>
          <ItemTypes>Armor</ItemTypes>
          <Contains />
        </Item>
        <Item>
          <VNum>29806</VNum>
          <Durability>100</Durability>
          <WearFlags>Take Hold</WearFlags>
          <ExtraFlags>Glow Hum Magic</ExtraFlags>
          <Affects>
            <Affect where="ToObject" level="0" duration="-1" location="Mana" modifier="30" hidden="False" affectType="Spell">
              <ExtraState />
            </Affect>
            <Affect where="ToObject" level="0" duration="-1" location="Wisdom" modifier="3" hidden="False" affectType="Spell">
              <ExtraState />
            </Affect>
            <Affect where="ToObject" level="0" duration="-1" location="Intelligence" modifier="3" hidden="False" affectType="Spell">
              <ExtraState />
            </Affect>
          </Affects>
          <ItemTypes>Scroll</ItemTypes>
          <Contains />
        </Item>
        <Item>
          <VNum>14094</VNum>
          <Durability>100</Durability>
          <WearFlags>Take Head</WearFlags>
          <ExtraFlags>Glow Dark Magic AntiNeutral</ExtraFlags>
          <Affects>
            <Affect where="ToObject" level="0" duration="-1" location="Damroll" modifier="3" hidden="False" affectType="Spell">
              <ExtraState />
            </Affect>
            <Affect where="ToObject" level="0" duration="-1" location="Hitroll" modifier="4" hidden="False" affectType="Spell">
              <ExtraState />
            </Affect>
            <Affect where="ToObject" level="0" duration="-1" location="Hitpoints" modifier="30" hidden="False" affectType="Spell">
              <ExtraState />
            </Affect>
            <Affect where="ToObject" level="0" duration="-1" location="Mana" modifier="30" hidden="False" affectType="Spell">
              <ExtraState />
            </Affect>
            <Affect where="ToObject" level="0" duration="-1" location="Constitution" modifier="-4" hidden="False" affectType="Spell">
              <ExtraState />
            </Affect>
          </Affects>
          <ItemTypes>Armor</ItemTypes>
          <Contains />
        </Item>
        <Item>
          <VNum>19053</VNum>
          <Name>small scroll</Name>
          <Durability>100</Durability>
          <WearFlags>Hold Take</WearFlags>
          <ExtraFlags></ExtraFlags>
          <Affects />
          <ItemTypes>Scroll</ItemTypes>
          <Contains />
        </Item>
        <Item>
          <VNum>19102</VNum>
          <Durability>100</Durability>
          <WearFlags>Take Wield</WearFlags>
          <ExtraFlags>Magic Glow</ExtraFlags>
          <Affects>
            <Affect where="ToObject" level="0" duration="-1" location="Intelligence" modifier="6" hidden="False" affectType="Spell">
              <ExtraState />
            </Affect>
          </Affects>
          <ItemTypes>Weapon</ItemTypes>
          <Contains />
        </Item>
        <Item>
          <VNum>11434</VNum>
          <Durability>100</Durability>
          <WearFlags>Take Wield</WearFlags>
          <ExtraFlags>Hum Evil Magic Bless AntiGood</ExtraFlags>
          <Affects>
            <Affect where="ToObject" level="0" duration="-1" location="Str" modifier="-3" hidden="False" affectType="Spell">
              <ExtraState />
            </Affect>
            <Affect where="ToObject" level="0" duration="-1" location="Damroll" modifier="-2" hidden="False" affectType="Spell">
              <ExtraState />
            </Affect>
          </Affects>
          <ItemTypes>Weapon</ItemTypes>
          <Contains />
        </Item>
        <Item>
          <VNum>17705</VNum>
          <Durability>100</Durability>
          <WearFlags>Take Body</WearFlags>
          <ExtraFlags>Hum Dark Evil Magic Bless AntiGood AntiNeutral</ExtraFlags>
          <Affects>
            <Affect where="ToObject" level="0" duration="-1" location="SavingSpell" modifier="-6" hidden="False" affectType="Spell">
              <ExtraState />
            </Affect>
            <Affect where="ToObject" level="0" duration="-1" location="Damroll" modifier="2" hidden="False" affectType="Spell">
              <ExtraState />
            </Affect>
            <Affect where="ToObject" level="0" duration="-1" location="Mana" modifier="25" hidden="False" affectType="Spell">
              <ExtraState />
            </Affect>
          </Affects>
          <ItemTypes>Armor</ItemTypes>
          <Contains />
        </Item>
        <Item>
          <VNum>22002</VNum>
          <Durability>100</Durability>
          <WearFlags>Take Finger</WearFlags>
          <ExtraFlags></ExtraFlags>
          <Affects>
            <Affect where="ToObject" level="0" duration="-1" location="SavingSpell" modifier="-5" hidden="False" affectType="Spell">
              <ExtraState />
            </Affect>
            <Affect where="ToObject" level="0" duration="-1" location="Constitution" modifier="2" hidden="False" affectType="Spell">
              <ExtraState />
            </Affect>
            <Affect where="ToObject" level="0" duration="-1" location="Damroll" modifier="3" hidden="False" affectType="Spell">
              <ExtraState />
            </Affect>
            <Affect where="ToObject" level="0" duration="-1" location="Hitpoints" modifier="35" hidden="False" affectType="Spell">
              <ExtraState />
            </Affect>
            <Affect where="ToObject" level="0" duration="-1" location="Mana" modifier="35" hidden="False" affectType="Spell">
              <ExtraState />
            </Affect>
          </Affects>
          <ItemTypes>Armor</ItemTypes>
          <Contains />
        </Item>
        <Item>
          <VNum>14100</VNum>
          <Durability>100</Durability>
          <WearFlags>Take Wrist</WearFlags>
          <ExtraFlags></ExtraFlags>
          <Affects>
            <Affect where="ToObject" level="0" duration="-1" location="Damroll" modifier="5" hidden="False" affectType="Spell">
              <ExtraState />
            </Affect>
          </Affects>
          <ItemTypes>Armor</ItemTypes>
          <Contains />
        </Item>
        <Item>
          <VNum>27054</VNum>
          <Durability>100</Durability>
          <WearFlags>Take Legs</WearFlags>
          <ExtraFlags>Evil MeltDrop BurnProof</ExtraFlags>
          <Affects>
            <Affect where="ToAffects" level="0" duration="-1" location="None" flags="FaerieFire" modifier="0" hidden="False" affectType="Spell">
              <ExtraState />
            </Affect>
            <Affect where="ToObject" level="0" duration="-1" location="Str" modifier="-2" hidden="False" affectType="Spell">
              <ExtraState />
            </Affect>
            <Affect where="ToObject" level="0" duration="-1" location="Dexterity" modifier="-2" hidden="False" affectType="Spell">
              <ExtraState />
            </Affect>
            <Affect where="ToObject" level="0" duration="-1" location="Saves" modifier="-6" hidden="False" affectType="Spell">
              <ExtraState />
            </Affect>
            <Affect where="ToObject" level="0" duration="-1" location="Damroll" modifier="4" hidden="False" affectType="Spell">
              <ExtraState />
            </Affect>
            <Affect where="ToObject" level="0" duration="-1" location="Hitroll" modifier="4" hidden="False" affectType="Spell">
              <ExtraState />
            </Affect>
          </Affects>
          <ItemTypes>Armor</ItemTypes>
          <Contains />
        </Item>
        <Item>
          <VNum>2971</VNum>
          <ShortDescription>a steak of the corpse of Giaken</ShortDescription>
          <LongDescription>A juicy steak carved from the corpse of Giaken is lying here.</LongDescription>
          <Description>A juicy steak carved from the corpse of Giaken smells delicious.</Description>
          <Durability>100</Durability>
          <WearFlags>Take</WearFlags>
          <ExtraFlags></ExtraFlags>
          <Affects />
          <ItemTypes>Food</ItemTypes>
          <Contains />
        </Item>
        <Item>
          <VNum>51017</VNum>
          <Name></Name>
          <ShortDescription></ShortDescription>
          <LongDescription></LongDescription>
          <NightShortDescription></NightShortDescription>
          <NightLongDescription></NightLongDescription>
          <Description></Description>
          <Level>0</Level>
          <WeaponDamageType>none</WeaponDamageType>
          <WeaponType>None</WeaponType>
          <DiceSides>1</DiceSides>
          <DiceCount>1</DiceCount>
          <DiceBonus>1</DiceBonus>
          <Weight>0</Weight>
          <Silver>0</Silver>
          <Gold>0</Gold>
          <Nutrition>0</Nutrition>
          <Liquid></Liquid>
          <MaxWeight>0</MaxWeight>
          <Material></Material>
          <Charges>0</Charges>
          <MaxCharges>0</MaxCharges>
          <ArmorBash>0</ArmorBash>
          <ArmorSlash>0</ArmorSlash>
          <ArmorPierce>0</ArmorPierce>
          <ArmorExotic>0</ArmorExotic>
          <Cost>0</Cost>
          <MaxDurability>0</MaxDurability>
          <Durability>100</Durability>
          <WearFlags>Take Wield</WearFlags>
          <ExtraFlags>Glow Magic</ExtraFlags>
          <Affects>
            <Affect where="ToObject" level="0" duration="-1" location="Damroll" modifier="3" hidden="False" affectType="Spell">
              <ExtraState />
            </Affect>
            <Affect where="ToObject" level="0" duration="-1" location="Hitroll" modifier="3" hidden="False" affectType="Spell">
              <ExtraState />
            </Affect>
          </Affects>
          <ItemTypes>Weapon</ItemTypes>
          <Contains />
        </Item>
        <Item>
          <VNum>40011</VNum>
          <Durability>100</Durability>
          <WearFlags>Take Hold</WearFlags>
          <ExtraFlags>Closable Closed</ExtraFlags>
          <Programs>
            <Program Name="PouchNourishment" />
          </Programs>
          <Affects />
          <ItemTypes>Container</ItemTypes>
          <Contains />
        </Item>
        <Item>
          <VNum>19108</VNum>
          <Durability>100</Durability>
          <ExtraFlags>Closed Locked Closable</ExtraFlags>
          <Affects />
          <ItemTypes>Container</ItemTypes>
          <Contains />
          <Keys>
            <Key vnum="19107" />
          </Keys>
        </Item>
        <Item>
          <VNum>40000</VNum>
          <Durability>100</Durability>
          <WearFlags>Take Wield</WearFlags>
          <ExtraFlags>Glow</ExtraFlags>
          <Affects />
          <ItemTypes>Weapon</ItemTypes>
          <Contains />
        </Item>
        <Item>
          <VNum>50618</VNum>
          <Name></Name>
          <ShortDescription></ShortDescription>
          <LongDescription></LongDescription>
          <NightShortDescription></NightShortDescription>
          <NightLongDescription></NightLongDescription>
          <Description></Description>
          <Level>0</Level>
          <WeaponDamageType>none</WeaponDamageType>
          <WeaponType>None</WeaponType>
          <DiceSides>1</DiceSides>
          <DiceCount>1</DiceCount>
          <DiceBonus>1</DiceBonus>
          <Weight>0</Weight>
          <Silver>0</Silver>
          <Gold>0</Gold>
          <Nutrition>0</Nutrition>
          <Liquid></Liquid>
          <MaxWeight>0</MaxWeight>
          <Material></Material>
          <Charges>0</Charges>
          <MaxCharges>0</MaxCharges>
          <ArmorBash>0</ArmorBash>
          <ArmorSlash>0</ArmorSlash>
          <ArmorPierce>0</ArmorPierce>
          <ArmorExotic>0</ArmorExotic>
          <Cost>0</Cost>
          <MaxDurability>0</MaxDurability>
          <Durability>100</Durability>
          <WearFlags>Feet</WearFlags>
          <ExtraFlags>Hum Glow</ExtraFlags>
          <Affects>
            <Affect where="ToAffects" level="0" duration="-1" location="Hitroll" modifier="3" hidden="False" affectType="Spell">
              <ExtraState />
            </Affect>
          </Affects>
          <ItemTypes>Armor</ItemTypes>
          <Contains />
        </Item>
        <Item>
          <VNum>50605</VNum>
          <Name></Name>
          <ShortDescription></ShortDescription>
          <LongDescription></LongDescription>
          <NightShortDescription></NightShortDescription>
          <NightLongDescription></NightLongDescription>
          <Description></Description>
          <Level>0</Level>
          <WeaponDamageType>none</WeaponDamageType>
          <WeaponType>None</WeaponType>
          <DiceSides>1</DiceSides>
          <DiceCount>1</DiceCount>
          <DiceBonus>1</DiceBonus>
          <Weight>0</Weight>
          <Silver>0</Silver>
          <Gold>0</Gold>
          <Nutrition>0</Nutrition>
          <Liquid></Liquid>
          <MaxWeight>0</MaxWeight>
          <Material></Material>
          <Charges>0</Charges>
          <MaxCharges>0</MaxCharges>
          <ArmorBash>0</ArmorBash>
          <ArmorSlash>0</ArmorSlash>
          <ArmorPierce>0</ArmorPierce>
          <ArmorExotic>0</ArmorExotic>
          <Cost>0</Cost>
          <MaxDurability>0</MaxDurability>
          <Durability>100</Durability>
          <WearFlags>Take Wield</WearFlags>
          <ExtraFlags></ExtraFlags>
          <Affects>
            <Affect where="ToObject" level="0" duration="-1" location="Damroll" modifier="3" hidden="False" affectType="Spell">
              <ExtraState />
            </Affect>
            <Affect where="ToObject" level="0" duration="-1" location="Hitroll" modifier="3" hidden="False" affectType="Spell">
              <ExtraState />
            </Affect>
          </Affects>
          <ItemTypes>Weapon</ItemTypes>
          <Contains />
        </Item>
        <Item>
          <VNum>19109</VNum>
          <Durability>100</Durability>
          <WearFlags>Take Wield</WearFlags>
          <ExtraFlags>Magic Glow UniqueEquip</ExtraFlags>
          <Affects>
            <Affect where="ToObject" level="0" duration="-1" location="Dexterity" modifier="3" hidden="False" affectType="Spell">
              <ExtraState />
            </Affect>
            <Affect where="ToObject" level="0" duration="-1" location="Hitroll" modifier="3" hidden="False" affectType="Spell">
              <ExtraState />
            </Affect>
            <Affect where="ToObject" level="0" duration="-1" location="Damroll" modifier="3" hidden="False" affectType="Spell">
              <ExtraState />
            </Affect>
          </Affects>
          <ItemTypes></ItemTypes>
          <Contains />
        </Item>
      </Contains>
    </Item>
    <Item>
      <VNum>40010</VNum>
      <Durability>100</Durability>
      <WearFlags>Take Hold</WearFlags>
      <ExtraFlags></ExtraFlags>
      <Affects />
      <ItemTypes>Container</ItemTypes>
      <Contains>
        <Item>
          <VNum>19110</VNum>
          <Durability>100</Durability>
          <WearFlags>Take Wield</WearFlags>
          <ExtraFlags>Magic Glow UniqueEquip</ExtraFlags>
          <Affects>
            <Affect where="ToObject" level="0" duration="-1" location="Hitpoints" modifier="30" hidden="False" affectType="Spell">
              <ExtraState />
            </Affect>
            <Affect where="ToObject" level="0" duration="-1" location="Hitroll" modifier="2" hidden="False" affectType="Spell">
              <ExtraState />
            </Affect>
            <Affect where="ToObject" level="0" duration="-1" location="Damroll" modifier="2" hidden="False" affectType="Spell">
              <ExtraState />
            </Affect>
          </Affects>
          <ItemTypes>Weapon</ItemTypes>
          <Contains />
        </Item>
        <Item>
          <VNum>19109</VNum>
          <Durability>100</Durability>
          <WearFlags>Take Wield</WearFlags>
          <ExtraFlags>Magic Glow UniqueEquip</ExtraFlags>
          <Affects>
            <Affect where="ToObject" level="0" duration="-1" location="Dexterity" modifier="3" hidden="False" affectType="Spell">
              <ExtraState />
            </Affect>
            <Affect where="ToObject" level="0" duration="-1" location="Hitroll" modifier="3" hidden="False" affectType="Spell">
              <ExtraState />
            </Affect>
            <Affect where="ToObject" level="0" duration="-1" location="Damroll" modifier="3" hidden="False" affectType="Spell">
              <ExtraState />
            </Affect>
          </Affects>
          <ItemTypes>Weapon</ItemTypes>
          <Contains />
        </Item>
        <Item>
          <VNum>11439</VNum>
          <Durability>100</Durability>
          <WearFlags>Take Hold</WearFlags>
          <ExtraFlags>Glow Hum Magic Bless</ExtraFlags>
          <Affects>
            <Affect where="ToObject" level="0" duration="-1" location="Intelligence" modifier="5" hidden="False" affectType="Spell">
              <ExtraState />
            </Affect>
            <Affect where="ToObject" level="0" duration="-1" location="Armor" modifier="-14" hidden="False" affectType="Spell">
              <ExtraState />
            </Affect>
            <Affect where="ToObject" level="0" duration="-1" location="Wisdom" modifier="5" hidden="False" affectType="Spell">
              <ExtraState />
            </Affect>
            <Affect where="ToObject" level="0" duration="-1" location="SavingSpell" modifier="-15" hidden="False" affectType="Spell">
              <ExtraState />
            </Affect>
            <Affect where="ToObject" level="0" duration="-1" location="Mana" modifier="50" hidden="False" affectType="Spell">
              <ExtraState />
            </Affect>
          </Affects>
          <ItemTypes>Armor</ItemTypes>
          <Contains />
        </Item>
        <Item>
          <VNum>19111</VNum>
          <Durability>100</Durability>
          <WearFlags>Take Wield</WearFlags>
          <ExtraFlags>Magic Glow UniqueEquip</ExtraFlags>
          <Affects>
            <Affect where="ToObject" level="0" duration="-1" location="Hitroll" modifier="5" hidden="False" affectType="Spell">
              <ExtraState />
            </Affect>
            <Affect where="ToObject" level="0" duration="-1" location="SavingSpell" modifier="-20" hidden="False" affectType="Spell">
              <ExtraState />
            </Affect>
          </Affects>
          <ItemTypes>Weapon</ItemTypes>
          <Contains />
        </Item>
        <Item>
          <VNum>11436</VNum>
          <Durability>100</Durability>
          <WearFlags>Take Wrist</WearFlags>
          <ExtraFlags>Glow</ExtraFlags>
          <Affects>
            <Affect where="ToObject" level="0" duration="-1" location="Armor" modifier="-10" hidden="False" affectType="Spell">
              <ExtraState />
            </Affect>
            <Affect where="ToObject" level="0" duration="-1" location="Mana" modifier="25" hidden="False" affectType="Spell">
              <ExtraState />
            </Affect>
          </Affects>
          <ItemTypes>Treasure</ItemTypes>
          <Contains />
        </Item>
        <Item>
          <VNum>11435</VNum>
          <Durability>100</Durability>
          <WearFlags>Take Neck</WearFlags>
          <ExtraFlags>Glow Hum</ExtraFlags>
          <Affects>
            <Affect where="ToObject" level="0" duration="-1" location="Armor" modifier="-10" hidden="False" affectType="Spell">
              <ExtraState />
            </Affect>
            <Affect where="ToObject" level="0" duration="-1" location="Hitpoints" modifier="25" hidden="False" affectType="Spell">
              <ExtraState />
            </Affect>
          </Affects>
          <ItemTypes>Treasure</ItemTypes>
          <Contains />
        </Item>
        <Item>
          <VNum>19052</VNum>
          <Durability>100</Durability>
          <WearFlags>Take Finger</WearFlags>
          <ExtraFlags></ExtraFlags>
          <Affects>
            <Affect where="ToObject" level="0" duration="-1" location="Move" modifier="50" hidden="False" affectType="Spell">
              <ExtraState />
            </Affect>
          </Affects>
          <ItemTypes>Light</ItemTypes>
          <Contains />
        </Item>
        <Item>
          <VNum>11437</VNum>
          <Durability>100</Durability>
          <WearFlags>Take Neck</WearFlags>
          <ExtraFlags>Glow Hum</ExtraFlags>
          <Affects>
            <Affect where="ToObject" level="0" duration="-1" location="Mana" modifier="25" hidden="False" affectType="Spell">
              <ExtraState />
            </Affect>
            <Affect where="ToObject" level="0" duration="-1" location="Hitpoints" modifier="20" hidden="False" affectType="Spell">
              <ExtraState />
            </Affect>
            <Affect where="ToObject" level="0" duration="-1" location="Armor" modifier="-10" hidden="False" affectType="Spell">
              <ExtraState />
            </Affect>
          </Affects>
          <ItemTypes>Armor</ItemTypes>
          <Contains />
        </Item>
        <Item>
          <VNum>27000</VNum>
          <Durability>100</Durability>
          <WearFlags>Take Hold</WearFlags>
          <ExtraFlags></ExtraFlags>
          <Affects />
          <ItemTypes>Trash</ItemTypes>
          <Contains />
        </Item>
        <Item>
          <VNum>11454</VNum>
          <Durability>100</Durability>
          <WearFlags>Take Neck</WearFlags>
          <ExtraFlags></ExtraFlags>
          <Affects>
            <Affect where="ToObject" level="0" duration="-1" location="Mana" modifier="25" hidden="False" affectType="Spell">
              <ExtraState />
            </Affect>
            <Affect where="ToObject" level="0" duration="-1" location="Hitroll" modifier="5" hidden="False" affectType="Spell">
              <ExtraState />
            </Affect>
            <Affect where="ToObject" level="0" duration="-1" location="Hitroll" modifier="2" hidden="False" affectType="Spell">
              <ExtraState />
            </Affect>
          </Affects>
          <ItemTypes>Armor</ItemTypes>
          <Contains />
        </Item>
        <Item>
          <VNum>11424</VNum>
          <Durability>100</Durability>
          <WearFlags>Take Hold</WearFlags>
          <ExtraFlags>Glow Hum</ExtraFlags>
          <Affects>
            <Affect where="ToObject" level="0" duration="-1" location="Armor" modifier="-10" hidden="False" affectType="Spell">
              <ExtraState />
            </Affect>
            <Affect where="ToObject" level="0" duration="-1" location="Wisdom" modifier="7" hidden="False" affectType="Spell">
              <ExtraState />
            </Affect>
            <Affect where="ToObject" level="0" duration="-1" location="Intelligence" modifier="7" hidden="False" affectType="Spell">
              <ExtraState />
            </Affect>
            <Affect where="ToObject" level="0" duration="-1" location="Mana" modifier="50" hidden="False" affectType="Spell">
              <ExtraState />
            </Affect>
          </Affects>
          <ItemTypes>Treasure</ItemTypes>
          <Contains />
        </Item>
        <Item>
          <VNum>30803</VNum>
          <Durability>100</Durability>
          <WearFlags>Take Body</WearFlags>
          <ExtraFlags></ExtraFlags>
          <Affects>
            <Affect where="ToObject" level="60" duration="-1" location="Armor" modifier="20" hidden="False" affectType="Spell" skillSpell="enchant armor">
              <ExtraState />
            </Affect>
          </Affects>
          <ItemTypes>Armor</ItemTypes>
          <Contains />
        </Item>
        <Item>
          <VNum>40000</VNum>
          <Durability>100</Durability>
          <WearFlags>Take Wield</WearFlags>
          <ExtraFlags></ExtraFlags>
          <Affects />
          <ItemTypes>Weapon</ItemTypes>
          <Contains />
        </Item>
        <Item>
          <VNum>1328</VNum>
          <Durability>100</Durability>
          <WearFlags>Take Hold</WearFlags>
          <ExtraFlags></ExtraFlags>
          <Affects />
          <ItemTypes>Wand</ItemTypes>
          <Contains />
        </Item>
        <Item>
          <VNum>23100</VNum>
          <Durability>100</Durability>
          <WearFlags>Take Wield</WearFlags>
          <ExtraFlags></ExtraFlags>
          <Affects>
            <Affect where="ToObject" level="0" duration="-1" location="Hitroll" modifier="15" hidden="False" affectType="Spell">
              <ExtraState />
            </Affect>
            <Affect where="ToObject" level="0" duration="-1" location="Damroll" modifier="15" hidden="False" affectType="Spell">
              <ExtraState />
            </Affect>
            <Affect where="ToObject" level="0" duration="-1" location="SavingSpell" modifier="-20" hidden="False" affectType="Spell">
              <ExtraState />
            </Affect>
            <Affect where="ToObject" level="0" duration="-1" location="Armor" modifier="-20" hidden="False" affectType="Spell">
              <ExtraState />
            </Affect>
            <Affect where="ToAffects" level="0" duration="-1" location="None" flags="DetectEvil" modifier="0" hidden="False" affectType="Spell">
              <ExtraState />
            </Affect>
          </Affects>
          <ItemTypes>Weapon</ItemTypes>
          <Contains />
        </Item>
        <Item>
          <VNum>2966</VNum>
          <Level>60</Level>
          <DiceSides>5</DiceSides>
          <DiceCount>5</DiceCount>
          <DiceBonus>10</DiceBonus>
          <Durability>100</Durability>
          <WearFlags>Take Wield</WearFlags>
          <ExtraFlags>MeltDrop</ExtraFlags>
          <Affects>
            <Affect where="ToWeapon" level="0" duration="-1" location="None" flags="Poison" modifier="0" hidden="False" affectType="Spell" skillSpell="poison">
              <ExtraState />
            </Affect>
          </Affects>
          <ItemTypes>Weapon</ItemTypes>
          <Contains />
        </Item>
        <Item>
          <VNum>2966</VNum>
          <Level>60</Level>
          <DiceSides>5</DiceSides>
          <DiceCount>5</DiceCount>
          <DiceBonus>10</DiceBonus>
          <Durability>100</Durability>
          <WearFlags>Take Wield</WearFlags>
          <ExtraFlags>MeltDrop</ExtraFlags>
          <Affects>
            <Affect where="ToWeapon" level="0" duration="-1" location="None" flags="Poison" modifier="0" hidden="False" affectType="Spell" skillSpell="poison">
              <ExtraState />
            </Affect>
          </Affects>
          <ItemTypes>Weapon</ItemTypes>
          <Contains />
        </Item>
        <Item>
          <VNum>2971</VNum>
          <ShortDescription>a steak of the corpse of Aroyang</ShortDescription>
          <LongDescription>A juicy steak carved from the corpse of Aroyang is lying here.</LongDescription>
          <Description>A juicy steak carved from the corpse of Aroyang smells delicious.</Description>
          <Durability>100</Durability>
          <WearFlags>Take</WearFlags>
          <ExtraFlags></ExtraFlags>
          <Affects />
          <ItemTypes>Food</ItemTypes>
          <Contains />
        </Item>
        <Item>
          <VNum>19051</VNum>
          <Durability>100</Durability>
          <WearFlags>Take Hold</WearFlags>
          <ExtraFlags></ExtraFlags>
          <Affects />
          <ItemTypes>DrinkContainer</ItemTypes>
          <Contains />
        </Item>
        <Item>
          <VNum>40015</VNum>
          <Durability>100</Durability>
          <WearFlags>Take Body</WearFlags>
          <ExtraFlags></ExtraFlags>
          <Affects>
            <Affect where="ToObject" level="0" duration="-1" location="Hitpoints" modifier="10" hidden="False" affectType="Spell">
              <ExtraState />
            </Affect>
            <Affect where="ToObject" level="0" duration="-1" location="Dexterity" modifier="1" hidden="False" affectType="Spell">
              <ExtraState />
            </Affect>
            <Affect where="ToObject" level="0" duration="-1" location="Str" modifier="1" hidden="False" affectType="Spell">
              <ExtraState />
            </Affect>
            <Affect where="ToObject" level="0" duration="-1" location="Hitroll" modifier="1" hidden="False" affectType="Spell">
              <ExtraState />
            </Affect>
            <Affect where="ToObject" level="0" duration="-1" location="Damroll" modifier="1" hidden="False" affectType="Spell">
              <ExtraState />
            </Affect>
          </Affects>
          <ItemTypes>Armor</ItemTypes>
          <Contains />
        </Item>
        <Item>
          <VNum>40011</VNum>
          <Durability>100</Durability>
          <WearFlags>Take Hold</WearFlags>
          <ExtraFlags></ExtraFlags>
          <Programs>
            <Program Name="PouchNourishment" />
          </Programs>
          <Affects />
          <ItemTypes>Container</ItemTypes>
          <Contains />
        </Item>
        <Item>
          <VNum>50600</VNum>
          <Name></Name>
          <ShortDescription></ShortDescription>
          <LongDescription></LongDescription>
          <NightShortDescription></NightShortDescription>
          <NightLongDescription></NightLongDescription>
          <Description></Description>
          <Level>0</Level>
          <WeaponDamageType>none</WeaponDamageType>
          <WeaponType>None</WeaponType>
          <DiceSides>1</DiceSides>
          <DiceCount>1</DiceCount>
          <DiceBonus>1</DiceBonus>
          <Weight>0</Weight>
          <Silver>0</Silver>
          <Gold>0</Gold>
          <Nutrition>0</Nutrition>
          <Liquid></Liquid>
          <MaxWeight>0</MaxWeight>
          <Material></Material>
          <Charges>0</Charges>
          <MaxCharges>0</MaxCharges>
          <ArmorBash>0</ArmorBash>
          <ArmorSlash>0</ArmorSlash>
          <ArmorPierce>0</ArmorPierce>
          <ArmorExotic>0</ArmorExotic>
          <Cost>0</Cost>
          <MaxDurability>0</MaxDurability>
          <Durability>100</Durability>
          <WearFlags>Take</WearFlags>
          <ExtraFlags></ExtraFlags>
          <Affects />
          <ItemTypes>Key</ItemTypes>
          <Contains />
        </Item>
        <Item>
          <VNum>23108</VNum>
          <Durability>100</Durability>
          <WearFlags>Take Shield</WearFlags>
          <ExtraFlags></ExtraFlags>
          <Affects>
            <Affect where="ToObject" level="0" duration="-1" location="Hitroll" modifier="4" hidden="False" affectType="Spell">
              <ExtraState />
            </Affect>
            <Affect where="ToObject" level="0" duration="-1" location="Damroll" modifier="4" hidden="False" affectType="Spell">
              <ExtraState />
            </Affect>
            <Affect where="ToObject" level="0" duration="-1" location="Saves" modifier="-5" hidden="False" affectType="Spell">
              <ExtraState />
            </Affect>
            <Affect where="ToObject" level="0" duration="-1" location="Hitpoints" modifier="25" hidden="False" affectType="Spell">
              <ExtraState />
            </Affect>
          </Affects>
          <ItemTypes>Armor</ItemTypes>
          <Contains />
        </Item>
        <Item>
          <VNum>29772</VNum>
          <Durability>100</Durability>
          <WearFlags>Take Shield</WearFlags>
          <ExtraFlags></ExtraFlags>
          <Affects>
            <Affect where="ToObject" level="0" duration="-1" location="Armor" modifier="-6" hidden="False" affectType="Spell">
              <ExtraState />
            </Affect>
            <Affect where="ToObject" level="0" duration="-1" location="Hitpoints" modifier="15" hidden="False" affectType="Spell">
              <ExtraState />
            </Affect>
            <Affect where="ToObject" level="0" duration="-1" location="Damroll" modifier="2" hidden="False" affectType="Spell">
              <ExtraState />
            </Affect>
          </Affects>
          <ItemTypes>Armor</ItemTypes>
          <Contains />
        </Item>
        <Item>
          <VNum>29773</VNum>
          <Durability>100</Durability>
          <WearFlags>Take Legs</WearFlags>
          <ExtraFlags></ExtraFlags>
          <Affects>
            <Affect where="ToObject" level="0" duration="-1" location="Armor" modifier="-7" hidden="False" affectType="Spell">
              <ExtraState />
            </Affect>
            <Affect where="ToObject" level="0" duration="-1" location="Dexterity" modifier="-2" hidden="False" affectType="Spell">
              <ExtraState />
            </Affect>
            <Affect where="ToObject" level="0" duration="-1" location="Move" modifier="-50" hidden="False" affectType="Spell">
              <ExtraState />
            </Affect>
            <Affect where="ToObject" level="0" duration="-1" location="Damroll" modifier="3" hidden="False" affectType="Spell">
              <ExtraState />
            </Affect>
          </Affects>
          <ItemTypes>Armor</ItemTypes>
          <Contains />
        </Item>
        <Item>
          <VNum>29770</VNum>
          <Durability>100</Durability>
          <WearFlags>Take Hold</WearFlags>
          <ExtraFlags></ExtraFlags>
          <Affects />
          <ItemTypes>Talisman</ItemTypes>
          <Contains />
        </Item>
        <Item>
          <VNum>40000</VNum>
          <Durability>100</Durability>
          <WearFlags>Take Wield</WearFlags>
          <ExtraFlags></ExtraFlags>
          <Affects />
          <ItemTypes>Weapon</ItemTypes>
          <Contains />
        </Item>
        <Item>
          <VNum>40000</VNum>
          <Durability>100</Durability>
          <WearFlags>Take Wield</WearFlags>
          <ExtraFlags></ExtraFlags>
          <Affects />
          <ItemTypes>Weapon</ItemTypes>
          <Contains />
        </Item>
        <Item>
          <VNum>22017</VNum>
          <Durability>100</Durability>
          <WearFlags>Take Hold</WearFlags>
          <ExtraFlags></ExtraFlags>
          <Affects>
            <Affect where="ToObject" level="0" duration="-1" location="Mana" modifier="25" hidden="False" affectType="Spell">
              <ExtraState />
            </Affect>
            <Affect where="ToObject" level="0" duration="-1" location="Damroll" modifier="3" hidden="False" affectType="Spell">
              <ExtraState />
            </Affect>
            <Affect where="ToObject" level="0" duration="-1" location="SavingSpell" modifier="-10" hidden="False" affectType="Spell">
              <ExtraState />
            </Affect>
            <Affect where="ToObject" level="0" duration="-1" location="Wisdom" modifier="6" hidden="False" affectType="Spell">
              <ExtraState />
            </Affect>
          </Affects>
          <ItemTypes>Armor</ItemTypes>
          <Contains />
        </Item>
        <Item>
          <VNum>50605</VNum>
          <Name></Name>
          <ShortDescription></ShortDescription>
          <LongDescription></LongDescription>
          <NightShortDescription></NightShortDescription>
          <NightLongDescription></NightLongDescription>
          <Description></Description>
          <Level>0</Level>
          <WeaponDamageType>none</WeaponDamageType>
          <WeaponType>None</WeaponType>
          <DiceSides>1</DiceSides>
          <DiceCount>1</DiceCount>
          <DiceBonus>1</DiceBonus>
          <Weight>0</Weight>
          <Silver>0</Silver>
          <Gold>0</Gold>
          <Nutrition>0</Nutrition>
          <Liquid></Liquid>
          <MaxWeight>0</MaxWeight>
          <Material></Material>
          <Charges>0</Charges>
          <MaxCharges>0</MaxCharges>
          <ArmorBash>0</ArmorBash>
          <ArmorSlash>0</ArmorSlash>
          <ArmorPierce>0</ArmorPierce>
          <ArmorExotic>0</ArmorExotic>
          <Cost>0</Cost>
          <MaxDurability>0</MaxDurability>
          <Durability>100</Durability>
          <WearFlags>Take Wield</WearFlags>
          <ExtraFlags></ExtraFlags>
          <Affects>
            <Affect where="ToObject" level="0" duration="-1" location="Damroll" modifier="3" hidden="False" affectType="Spell">
              <ExtraState />
            </Affect>
            <Affect where="ToObject" level="0" duration="-1" location="Hitroll" modifier="3" hidden="False" affectType="Spell">
              <ExtraState />
            </Affect>
          </Affects>
          <ItemTypes>Weapon</ItemTypes>
          <Contains />
        </Item>
        <Item>
          <VNum>40011</VNum>
          <Durability>100</Durability>
          <WearFlags>Take Hold</WearFlags>
          <ExtraFlags></ExtraFlags>
          <Programs>
            <Program Name="PouchNourishment" />
          </Programs>
          <Affects />
          <ItemTypes>Container</ItemTypes>
          <Contains />
        </Item>
        <Item>
          <VNum>30804</VNum>
          <Durability>100</Durability>
          <WearFlags>Take Head</WearFlags>
          <ExtraFlags></ExtraFlags>
          <Affects>
            <Affect where="ToObject" level="0" duration="-1" location="Hitroll" modifier="5" hidden="False" affectType="Spell">
              <ExtraState />
            </Affect>
            <Affect where="ToObject" level="0" duration="-1" location="Hitpoints" modifier="50" hidden="False" affectType="Spell">
              <ExtraState />
            </Affect>
            <Affect where="ToObject" level="0" duration="-1" location="SavingSpell" modifier="-20" hidden="False" affectType="Spell">
              <ExtraState />
            </Affect>
            <Affect where="ToObject" level="0" duration="-1" location="Wisdom" modifier="5" hidden="False" affectType="Spell">
              <ExtraState />
            </Affect>
          </Affects>
          <ItemTypes>Armor</ItemTypes>
          <Contains />
        </Item>
        <Item>
          <VNum>30805</VNum>
          <Durability>100</Durability>
          <WearFlags>Take Legs</WearFlags>
          <ExtraFlags></ExtraFlags>
          <Affects>
            <Affect where="ToObject" level="0" duration="-1" location="Damroll" modifier="5" hidden="False" affectType="Spell">
              <ExtraState />
            </Affect>
            <Affect where="ToObject" level="0" duration="-1" location="Hitroll" modifier="5" hidden="False" affectType="Spell">
              <ExtraState />
            </Affect>
            <Affect where="ToObject" level="0" duration="-1" location="Dexterity" modifier="3" hidden="False" affectType="Spell">
              <ExtraState />
            </Affect>
          </Affects>
          <ItemTypes>Armor</ItemTypes>
          <Contains />
        </Item>
        <Item>
          <VNum>30807</VNum>
          <Durability>100</Durability>
          <WearFlags>Take Hands</WearFlags>
          <ExtraFlags></ExtraFlags>
          <Affects>
            <Affect where="ToObject" level="0" duration="-1" location="Mana" modifier="50" hidden="False" affectType="Spell">
              <ExtraState />
            </Affect>
            <Affect where="ToObject" level="0" duration="-1" location="Hitpoints" modifier="50" hidden="False" affectType="Spell">
              <ExtraState />
            </Affect>
            <Affect where="ToObject" level="0" duration="-1" location="Damroll" modifier="5" hidden="False" affectType="Spell">
              <ExtraState />
            </Affect>
          </Affects>
          <ItemTypes>Armor</ItemTypes>
          <Contains />
        </Item>
        <Item>
          <VNum>30808</VNum>
          <Durability>100</Durability>
          <WearFlags>Take Wield</WearFlags>
          <ExtraFlags></ExtraFlags>
          <Affects>
            <Affect where="ToObject" level="0" duration="-1" location="Damroll" modifier="20" hidden="False" affectType="Spell">
              <ExtraState />
            </Affect>
          </Affects>
          <ItemTypes>Weapon</ItemTypes>
          <Contains />
        </Item>
      </Contains>
    </Item>
    <Item>
      <VNum>11414</VNum>
      <Durability>100</Durability>
      <WearFlags>Take Wield</WearFlags>
      <ExtraFlags>Glow Hum NoDrop Bless NoRemove</ExtraFlags>
      <Affects>
        <Affect where="ToObject" level="0" duration="-1" location="Damroll" modifier="4" hidden="False" affectType="Spell">
          <ExtraState />
        </Affect>
        <Affect where="ToObject" level="0" duration="-1" location="Hitpoints" modifier="20" hidden="False" affectType="Spell">
          <ExtraState />
        </Affect>
      </Affects>
      <ItemTypes>Weapon</ItemTypes>
      <Contains />
    </Item>
    <Item>
      <VNum>11424</VNum>
      <Durability>100</Durability>
      <WearFlags>Take Hold</WearFlags>
      <ExtraFlags>Glow Hum</ExtraFlags>
      <Affects>
        <Affect where="ToObject" level="0" duration="-1" location="Armor" modifier="-10" hidden="False" affectType="Spell">
          <ExtraState />
        </Affect>
        <Affect where="ToObject" level="0" duration="-1" location="Wisdom" modifier="7" hidden="False" affectType="Spell">
          <ExtraState />
        </Affect>
        <Affect where="ToObject" level="0" duration="-1" location="Intelligence" modifier="7" hidden="False" affectType="Spell">
          <ExtraState />
        </Affect>
        <Affect where="ToObject" level="0" duration="-1" location="Mana" modifier="50" hidden="False" affectType="Spell">
          <ExtraState />
        </Affect>
      </Affects>
      <ItemTypes>Treasure</ItemTypes>
      <Contains />
    </Item>
    <Item>
      <VNum>17076</VNum>
      <Durability>100</Durability>
      <WearFlags>Take Tattoo</WearFlags>
      <ExtraFlags>Magic</ExtraFlags>
      <Affects>
        <Affect where="ToObject" level="0" duration="-1" location="Damroll" modifier="2" hidden="False" affectType="Spell">
          <ExtraState />
        </Affect>
        <Affect where="ToObject" level="0" duration="-1" location="Hitpoints" modifier="5" hidden="False" affectType="Spell">
          <ExtraState />
        </Affect>
      </Affects>
      <ItemTypes>Armor</ItemTypes>
      <Contains />
    </Item>
    <Item>
      <VNum>29355</VNum>
      <Durability>100</Durability>
      <WearFlags>Take Wrist</WearFlags>
      <ExtraFlags>Hum Magic</ExtraFlags>
      <Affects>
        <Affect where="ToObject" level="0" duration="-1" location="Hitroll" modifier="2" hidden="False" affectType="Spell">
          <ExtraState />
        </Affect>
        <Affect where="ToObject" level="0" duration="-1" location="Damroll" modifier="2" hidden="False" affectType="Spell">
          <ExtraState />
        </Affect>
        <Affect where="ToObject" level="0" duration="-1" location="Constitution" modifier="1" hidden="False" affectType="Spell">
          <ExtraState />
        </Affect>
      </Affects>
      <ItemTypes>Armor</ItemTypes>
      <Contains />
    </Item>
    <Item>
      <VNum>22006</VNum>
      <Durability>100</Durability>
      <WearFlags>Take Body</WearFlags>
      <ExtraFlags>Hum</ExtraFlags>
      <Affects>
        <Affect where="ToObject" level="0" duration="-1" location="Hitpoints" modifier="20" hidden="False" affectType="Spell">
          <ExtraState />
        </Affect>
        <Affect where="ToObject" level="0" duration="-1" location="Hitroll" modifier="5" hidden="False" affectType="Spell">
          <ExtraState />
        </Affect>
        <Affect where="ToObject" level="0" duration="-1" location="Str" modifier="3" hidden="False" affectType="Spell">
          <ExtraState />
        </Affect>
        <Affect where="ToObject" level="0" duration="-1" location="Damroll" modifier="3" hidden="False" affectType="Spell">
          <ExtraState />
        </Affect>
      </Affects>
      <ItemTypes>Armor</ItemTypes>
      <Contains />
    </Item>
    <Item>
      <VNum>11109</VNum>
      <Durability>100</Durability>
      <WearFlags>Take Legs</WearFlags>
      <ExtraFlags>Hum BurnProof</ExtraFlags>
      <Affects>
        <Affect where="ToObject" level="0" duration="-1" location="Damroll" modifier="1" hidden="False" affectType="Spell">
          <ExtraState />
        </Affect>
        <Affect where="ToObject" level="0" duration="-1" location="Dexterity" modifier="2" hidden="False" affectType="Spell">
          <ExtraState />
        </Affect>
        <Affect where="ToObject" level="0" duration="-1" location="SavingSpell" modifier="-5" hidden="False" affectType="Spell">
          <ExtraState />
        </Affect>
      </Affects>
      <ItemTypes>Armor</ItemTypes>
      <Contains />
    </Item>
  </Inventory>
  <Equipment>
    <Slot SlotID="Hands">
      <Item>
        <VNum>11429</VNum>
        <Durability>100</Durability>
        <WearFlags>Take Hands</WearFlags>
        <ExtraFlags>Glow</ExtraFlags>
        <Affects>
          <Affect where="ToObject" level="0" duration="-1" location="Armor" modifier="-10" hidden="False" affectType="Spell">
            <ExtraState />
          </Affect>
          <Affect where="ToObject" level="0" duration="-1" location="Hitpoints" modifier="25" hidden="False" affectType="Spell">
            <ExtraState />
          </Affect>
          <Affect where="ToObject" level="0" duration="-1" location="Damroll" modifier="2" hidden="False" affectType="Spell">
            <ExtraState />
          </Affect>
          <Affect where="ToObject" level="0" duration="-1" location="Hitroll" modifier="3" hidden="False" affectType="Spell">
            <ExtraState />
          </Affect>
        </Affects>
        <ItemTypes>Armor</ItemTypes>
        <Contains />
      </Item>
    </Slot>
    <Slot SlotID="RightFinger">
      <Item>
        <VNum>4607</VNum>
        <Durability>100</Durability>
        <WearFlags>Take Finger</WearFlags>
        <ExtraFlags>Glow Hum Dark Magic Bless</ExtraFlags>
        <Affects>
          <Affect where="ToObject" level="0" duration="-1" location="Hitroll" modifier="3" hidden="False" affectType="Spell">
            <ExtraState />
          </Affect>
          <Affect where="ToObject" level="0" duration="-1" location="Damroll" modifier="3" hidden="False" affectType="Spell">
            <ExtraState />
          </Affect>
          <Affect where="ToObject" level="0" duration="-1" location="Armor" modifier="-15" hidden="False" affectType="Spell">
            <ExtraState />
          </Affect>
          <Affect where="ToObject" level="0" duration="-1" location="Hitpoints" modifier="30" hidden="False" affectType="Spell">
            <ExtraState />
          </Affect>
          <Affect where="ToObject" level="0" duration="-1" location="Str" modifier="1" hidden="False" affectType="Spell">
            <ExtraState />
          </Affect>
        </Affects>
        <ItemTypes>Armor</ItemTypes>
        <Contains />
      </Item>
    </Slot>
    <Slot SlotID="Head">
      <Item>
        <VNum>11419</VNum>
        <Durability>100</Durability>
        <WearFlags>Take Head</WearFlags>
        <ExtraFlags>Hum Evil</ExtraFlags>
        <Affects>
          <Affect where="ToObject" level="0" duration="-1" location="Damroll" modifier="2" hidden="False" affectType="Spell">
            <ExtraState />
          </Affect>
          <Affect where="ToObject" level="0" duration="-1" location="Hitroll" modifier="4" hidden="False" affectType="Spell">
            <ExtraState />
          </Affect>
          <Affect where="ToObject" level="0" duration="-1" location="Constitution" modifier="2" hidden="False" affectType="Spell">
            <ExtraState />
          </Affect>
          <Affect where="ToObject" level="0" duration="-1" location="Intelligence" modifier="3" hidden="False" affectType="Spell">
            <ExtraState />
          </Affect>
        </Affects>
        <ItemTypes>Armor</ItemTypes>
        <Contains />
      </Item>
    </Slot>
    <Slot SlotID="LeftFinger">
      <Item>
        <VNum>51002</VNum>
        <Name></Name>
        <ShortDescription></ShortDescription>
        <LongDescription></LongDescription>
        <NightShortDescription></NightShortDescription>
        <NightLongDescription></NightLongDescription>
        <Description></Description>
        <Level>0</Level>
        <WeaponDamageType>none</WeaponDamageType>
        <WeaponType>None</WeaponType>
        <DiceSides>1</DiceSides>
        <DiceCount>1</DiceCount>
        <DiceBonus>1</DiceBonus>
        <Weight>0</Weight>
        <Silver>0</Silver>
        <Gold>0</Gold>
        <Nutrition>0</Nutrition>
        <Liquid></Liquid>
        <MaxWeight>0</MaxWeight>
        <Material></Material>
        <Charges>0</Charges>
        <MaxCharges>0</MaxCharges>
        <ArmorBash>0</ArmorBash>
        <ArmorSlash>0</ArmorSlash>
        <ArmorPierce>0</ArmorPierce>
        <ArmorExotic>0</ArmorExotic>
        <Cost>0</Cost>
        <MaxDurability>0</MaxDurability>
        <Durability>100</Durability>
        <WearFlags>Take Finger</WearFlags>
        <ExtraFlags>Hum</ExtraFlags>
        <Programs>
          <Program Name="OneHitHitLightningEmbossedRing" />
        </Programs>
        <Affects />
        <ItemTypes>Jewelry</ItemTypes>
        <Contains />
      </Item>
    </Slot>
    <Slot SlotID="Arms">
      <Item>
        <VNum>12310</VNum>
        <Durability>100</Durability>
        <WearFlags>Take Arms</WearFlags>
        <ExtraFlags>BurnProof</ExtraFlags>
        <Affects>
          <Affect where="ToObject" level="0" duration="-1" location="SavingSpell" modifier="-5" hidden="False" affectType="Spell">
            <ExtraState />
          </Affect>
          <Affect where="ToObject" level="0" duration="-1" location="Damroll" modifier="2" hidden="False" affectType="Spell">
            <ExtraState />
          </Affect>
          <Affect where="ToObject" level="0" duration="-1" location="Hitroll" modifier="2" hidden="False" affectType="Spell">
            <ExtraState />
          </Affect>
        </Affects>
        <ItemTypes>Armor</ItemTypes>
        <Contains />
      </Item>
    </Slot>
    <Slot SlotID="Waist">
      <Item>
        <VNum>11423</VNum>
        <Durability>100</Durability>
        <WearFlags>Take Waist</WearFlags>
        <ExtraFlags>Glow Bless</ExtraFlags>
        <Affects>
          <Affect where="ToObject" level="0" duration="-1" location="Damroll" modifier="2" hidden="False" affectType="Spell">
            <ExtraState />
          </Affect>
          <Affect where="ToObject" level="0" duration="-1" location="Mana" modifier="10" hidden="False" affectType="Spell">
            <ExtraState />
          </Affect>
          <Affect where="ToObject" level="0" duration="-1" location="Armor" modifier="-25" hidden="False" affectType="Spell">
            <ExtraState />
          </Affect>
        </Affects>
        <ItemTypes>Armor</ItemTypes>
        <Contains />
      </Item>
    </Slot>
    <Slot SlotID="About">
      <Item>
        <VNum>11438</VNum>
        <Durability>100</Durability>
        <WearFlags>Take About</WearFlags>
        <ExtraFlags>Glow Hum Magic AntiNeutral</ExtraFlags>
        <Affects>
          <Affect where="ToObject" level="0" duration="-1" location="SavingBreath" modifier="-10" hidden="False" affectType="Spell">
            <ExtraState />
          </Affect>
          <Affect where="ToObject" level="0" duration="-1" location="Dexterity" modifier="2" hidden="False" affectType="Spell">
            <ExtraState />
          </Affect>
          <Affect where="ToObject" level="0" duration="-1" location="Hitpoints" modifier="20" hidden="False" affectType="Spell">
            <ExtraState />
          </Affect>
          <Affect where="ToObject" level="0" duration="-1" location="Mana" modifier="20" hidden="False" affectType="Spell">
            <ExtraState />
          </Affect>
          <Affect where="ToObject" level="0" duration="-1" location="Hitroll" modifier="4" hidden="False" affectType="Spell">
            <ExtraState />
          </Affect>
          <Affect where="ToObject" level="0" duration="-1" location="Armor" modifier="-13" hidden="False" affectType="Spell">
            <ExtraState />
          </Affect>
          <Affect where="ToObject" level="0" duration="-1" location="Dexterity" modifier="3" hidden="False" affectType="Spell">
            <ExtraState />
          </Affect>
          <Affect where="ToObject" level="0" duration="-1" location="Intelligence" modifier="3" hidden="False" affectType="Spell">
            <ExtraState />
          </Affect>
        </Affects>
        <ItemTypes>Armor</ItemTypes>
        <Contains />
      </Item>
    </Slot>
    <Slot SlotID="RightWrist">
      <Item>
        <VNum>11425</VNum>
        <Durability>100</Durability>
        <WearFlags>Take Wrist</WearFlags>
        <ExtraFlags>Glow</ExtraFlags>
        <Affects>
          <Affect where="ToObject" level="0" duration="-1" location="SavingBreath" modifier="-10" hidden="False" affectType="Spell">
            <ExtraState />
          </Affect>
          <Affect where="ToObject" level="0" duration="-1" location="Hitpoints" modifier="25" hidden="False" affectType="Spell">
            <ExtraState />
          </Affect>
        </Affects>
        <ItemTypes>Armor</ItemTypes>
        <Contains />
      </Item>
    </Slot>
    <Slot SlotID="Legs">
      <Item>
        <VNum>12311</VNum>
        <Durability>100</Durability>
        <WearFlags>Take Legs</WearFlags>
        <ExtraFlags>BurnProof</ExtraFlags>
        <Affects>
          <Affect where="ToObject" level="0" duration="-1" location="SavingSpell" modifier="-5" hidden="False" affectType="Spell">
            <ExtraState />
          </Affect>
          <Affect where="ToObject" level="0" duration="-1" location="Damroll" modifier="2" hidden="False" affectType="Spell">
            <ExtraState />
          </Affect>
          <Affect where="ToObject" level="0" duration="-1" location="Hitroll" modifier="2" hidden="False" affectType="Spell">
            <ExtraState />
          </Affect>
          <Affect where="ToObject" level="0" duration="-1" location="Intelligence" modifier="1" hidden="False" affectType="Spell">
            <ExtraState />
          </Affect>
          <Affect where="ToObject" level="0" duration="-1" location="Constitution" modifier="1" hidden="False" affectType="Spell">
            <ExtraState />
          </Affect>
          <Affect where="ToObject" level="0" duration="-1" location="Hitpoints" modifier="15" hidden="False" affectType="Spell">
            <ExtraState />
          </Affect>
        </Affects>
        <ItemTypes>Armor</ItemTypes>
        <Contains />
      </Item>
    </Slot>
    <Slot SlotID="LeftWrist">
      <Item>
        <VNum>11413</VNum>
        <Durability>100</Durability>
        <WearFlags>Take Wrist</WearFlags>
        <ExtraFlags>Hum Evil Magic NoRemove</ExtraFlags>
        <Affects>
          <Affect where="ToObject" level="0" duration="-1" location="Hitpoints" modifier="35" hidden="False" affectType="Spell">
            <ExtraState />
          </Affect>
          <Affect where="ToObject" level="0" duration="-1" location="Damroll" modifier="4" hidden="False" affectType="Spell">
            <ExtraState />
          </Affect>
          <Affect where="ToObject" level="0" duration="-1" location="Armor" modifier="-20" hidden="False" affectType="Spell">
            <ExtraState />
          </Affect>
          <Affect where="ToObject" level="0" duration="-1" location="Str" modifier="4" hidden="False" affectType="Spell">
            <ExtraState />
          </Affect>
        </Affects>
        <ItemTypes>Armor</ItemTypes>
        <Contains />
      </Item>
    </Slot>
    <Slot SlotID="Neck2">
      <Item>
        <VNum>11412</VNum>
        <Durability>100</Durability>
        <WearFlags>Take Neck</WearFlags>
        <ExtraFlags>Glow Hum Magic NoRemove</ExtraFlags>
        <Affects>
          <Affect where="ToObject" level="0" duration="-1" location="Damroll" modifier="5" hidden="False" affectType="Spell">
            <ExtraState />
          </Affect>
          <Affect where="ToObject" level="0" duration="-1" location="Hitroll" modifier="5" hidden="False" affectType="Spell">
            <ExtraState />
          </Affect>
        </Affects>
        <ItemTypes>Treasure</ItemTypes>
        <Contains />
      </Item>
    </Slot>
    <Slot SlotID="Chest">
      <Item>
        <VNum>11411</VNum>
        <Durability>100</Durability>
        <WearFlags>Take Body</WearFlags>
        <ExtraFlags>Glow Magic Bless NoRemove</ExtraFlags>
        <Affects>
          <Affect where="ToObject" level="0" duration="-1" location="Wisdom" modifier="2" hidden="False" affectType="Spell">
            <ExtraState />
          </Affect>
          <Affect where="ToObject" level="0" duration="-1" location="Damroll" modifier="4" hidden="False" affectType="Spell">
            <ExtraState />
          </Affect>
          <Affect where="ToObject" level="0" duration="-1" location="Hitpoints" modifier="70" hidden="False" affectType="Spell">
            <ExtraState />
          </Affect>
        </Affects>
        <ItemTypes>Armor</ItemTypes>
        <Contains />
      </Item>
    </Slot>
    <Slot SlotID="Neck1">
      <Item>
        <VNum>11453</VNum>
        <Durability>100</Durability>
        <WearFlags>Take Neck</WearFlags>
        <ExtraFlags></ExtraFlags>
        <Affects>
          <Affect where="ToObject" level="0" duration="-1" location="Str" modifier="4" hidden="False" affectType="Spell">
            <ExtraState />
          </Affect>
          <Affect where="ToObject" level="0" duration="-1" location="SavingBreath" modifier="-10" hidden="False" affectType="Spell">
            <ExtraState />
          </Affect>
          <Affect where="ToObject" level="0" duration="-1" location="Hitpoints" modifier="50" hidden="False" affectType="Spell">
            <ExtraState />
          </Affect>
        </Affects>
        <ItemTypes>Armor</ItemTypes>
        <Contains />
      </Item>
    </Slot>
    <Slot SlotID="Shield">
      <Item>
        <VNum>3736</VNum>
        <Durability>100</Durability>
        <WearFlags>Take Shield</WearFlags>
        <ExtraFlags>Outfit</ExtraFlags>
        <Affects />
        <ItemTypes>Armor</ItemTypes>
        <Contains />
      </Item>
    </Slot>
    <Slot SlotID="Tattoo">
      <Item>
        <VNum>17079</VNum>
        <Durability>100</Durability>
        <WearFlags>Take Tattoo</WearFlags>
        <ExtraFlags>Magic NoDrop</ExtraFlags>
        <Affects>
          <Affect where="ToObject" level="0" duration="-1" location="Damroll" modifier="2" hidden="False" affectType="Spell">
            <ExtraState />
          </Affect>
        </Affects>
        <ItemTypes>Armor</ItemTypes>
        <Contains />
      </Item>
    </Slot>
    <Slot SlotID="Feet">
      <Item>
        <VNum>11430</VNum>
        <Durability>100</Durability>
        <WearFlags>Take Feet</WearFlags>
        <ExtraFlags></ExtraFlags>
        <Affects>
          <Affect where="ToObject" level="0" duration="-1" location="Saves" modifier="10" hidden="False" affectType="Spell">
            <ExtraState />
          </Affect>
          <Affect where="ToObject" level="0" duration="-1" location="Str" modifier="2" hidden="False" affectType="Spell">
            <ExtraState />
          </Affect>
          <Affect where="ToObject" level="0" duration="-1" location="Dexterity" modifier="-3" hidden="False" affectType="Spell">
            <ExtraState />
          </Affect>
          <Affect where="ToObject" level="0" duration="-1" location="Damroll" modifier="4" hidden="False" affectType="Spell">
            <ExtraState />
          </Affect>
        </Affects>
        <ItemTypes>Armor</ItemTypes>
        <Contains />
      </Item>
    </Slot>
    <Slot SlotID="Wield">
      <Item>
        <VNum>40000</VNum>
        <Durability>100</Durability>
        <WearFlags>Take Wield</WearFlags>
        <ExtraFlags>Glow</ExtraFlags>
        <Affects />
        <ItemTypes>Weapon</ItemTypes>
        <Contains />
      </Item>
    </Slot>
  </Equipment>
  <Quests>
    <QuestProgress QuestVnum="30000" QuestName="say_hello" QuestGiver="a dwarven legionnaire" Status="Complete" LevelStarted="60" LevelCompleted="60" Progress="0">
      <ExtraState />
    </QuestProgress>
    <QuestProgress QuestVnum="3700" QuestName="newbie_use_lever" QuestGiver="" Status="Complete" LevelStarted="60" LevelCompleted="60" Progress="0">
      <ExtraState />
    </QuestProgress>
    <QuestProgress QuestVnum="3725" QuestName="newbie_wear_cloak" QuestGiver="" Status="Complete" LevelStarted="60" LevelCompleted="60" Progress="0">
      <ExtraState />
    </QuestProgress>
    <QuestProgress QuestVnum="3726" QuestName="newbie_wear_helmet" QuestGiver="" Status="Complete" LevelStarted="60" LevelCompleted="60" Progress="0">
      <ExtraState />
    </QuestProgress>
    <QuestProgress QuestVnum="3733" QuestName="newbie_wear_bracer" QuestGiver="" Status="Complete" LevelStarted="60" LevelCompleted="60" Progress="0">
      <ExtraState />
    </QuestProgress>
    <QuestProgress QuestVnum="60000" QuestName="foreman_respond" QuestGiver="the foreman" Status="Complete" LevelStarted="60" LevelCompleted="60" Progress="0">
      <ExtraState />
    </QuestProgress>
    <QuestProgress QuestVnum="60001" QuestName="docks_critters_quest" QuestGiver="Theodore foreman" Status="Complete" LevelStarted="60" LevelCompleted="60" Progress="0">
      <ExtraState BountyKills="50" PaidBountyKills="50" />
    </QuestProgress>
  </Quests>
  <Prompt>&lt;%h/%Hhp %m/%Mm %v/%Vmv %W \Mvnum %R\x&gt; </Prompt>
  <ShapeFocusMajor>Defense</ShapeFocusMajor>
  <ShapeFocusMinor>None</ShapeFocusMinor>
  <Wimpy>0</Wimpy>
  <LastReadNote>1/1/0001 12:00:00 AM</LastReadNote>
  <TotalPlayTime>11.09:44:48.2292165</TotalPlayTime>
  <password>211C56FAEEAB13765C107C310FE39344</password>
</PlayerData>