﻿<?xml version="1.0" encoding="utf-8"?>
<PlayerData>
  <name>Newguy</name>
  <description></description>
  <longDescription></longDescription>
  <shortDescription></shortDescription>
  <Sex>Male</Sex>
  <level>51</level>
  <hitpoints>996</hitpoints>
  <maxhitpoints>996</maxhitpoints>
  <manapoints>921</manapoints>
  <maxmanapoints>921</maxmanapoints>
  <movementpoints>448</movementpoints>
  <maxmovementpoints>454</maxmovementpoints>
  <ArmorBash>0</ArmorBash>
  <ArmorSlash>0</ArmorSlash>
  <ArmorPierce>0</ArmorPierce>
  <ArmorExotic>0</ArmorExotic>
  <size>Medium</size>
  <race>human</race>
  <Title>the Implementor</Title>
  <alignment>Neutral</alignment>
  <ethos>Neutral</ethos>
  <room>19007</room>
  <hitroll>0</hitroll>
  <damRoll>0</damRoll>
  <armorclass>0</armorclass>
  <silver>0</silver>
  <gold>0</gold>
  <practices>178</practices>
  <trains>15</trains>
  <hunger>30</hunger>
  <thirst>30</thirst>
  <SavingThrow>0</SavingThrow>
  <Guild>mage</Guild>
  <flags>Color AutoAssist AutoExit AutoGold AutoSplit AutoLoot AutoSac</flags>
  <immune></immune>
  <resist></resist>
  <vulnerable></vulnerable>
  <affectedBy></affectedBy>
  <WiznetFlags></WiznetFlags>
  <PermanentStats>
    <Strength>20</Strength>
    <Wisdom>20</Wisdom>
    <Intelligence>20</Intelligence>
    <Dexterity>20</Dexterity>
    <Constitution>20</Constitution>
    <Charisma>20</Charisma>
  </PermanentStats>
  <Learned>
    <SkillSpell Name="hand to hand" Value="1" Level="1" />
    <SkillSpell Name="spellcraft" Value="1" Level="1" />
    <SkillSpell Name="word of recall" Value="1" Level="25" />
    <SkillSpell Name="detect invisibility" Value="1" Level="1" />
    <SkillSpell Name="invisibility" Value="1" Level="5" />
    <SkillSpell Name="blindness" Value="1" Level="10" />
    <SkillSpell Name="whip" Value="1" Level="1" />
    <SkillSpell Name="flail" Value="1" Level="1" />
    <SkillSpell Name="meditation" Value="1" Level="1" />
    <SkillSpell Name="trance" Value="1" Level="1" />
    <SkillSpell Name="recall" Value="100" Level="1" />
    <SkillSpell Name="pass door" Value="1" Level="15" />
    <SkillSpell Name="teleport" Value="1" Level="12" />
    <SkillSpell Name="fireball" Value="1" Level="25" />
    <SkillSpell Name="magic missile" Value="1" Level="1" />
    <SkillSpell Name="detect magic" Value="1" Level="5" />
    <SkillSpell Name="dispel magic" Value="1" Level="27" />
    <SkillSpell Name="stone skin" Value="1" Level="30" />
    <SkillSpell Name="fly" Value="1" Level="15" />
    <SkillSpell Name="giant strength" Value="1" Level="20" />
    <SkillSpell Name="arcane nuke" Value="1" Level="30" />
    <SkillSpell Name="identify" Value="1" Level="10" />
    <SkillSpell Name="locate object" Value="1" Level="18" />
    <SkillSpell Name="enchant armor" Value="1" Level="30" />
    <SkillSpell Name="enchant weapon" Value="1" Level="40" />
    <SkillSpell Name="create spring" Value="1" Level="9" />
    <SkillSpell Name="faerie fog" Value="75" Level="18" />
    <SkillSpell Name="faerie fire" Value="75" Level="16" />
    <SkillSpell Name="lightning bolt" Value="1" Level="11" />
    <SkillSpell Name="acid blast" Value="1" Level="18" />
    <SkillSpell Name="colour spray" Value="1" Level="28" />
    <SkillSpell Name="chill touch" Value="1" Level="16" />
    <SkillSpell Name="slow" Value="1" Level="15" />
    <SkillSpell Name="haste" Value="1" Level="19" />
    <SkillSpell Name="protective shield" Value="1" Level="20" />
    <SkillSpell Name="energy drain" Value="1" Level="30" />
    <SkillSpell Name="spiderhands" Value="1" Level="30" />
    <SkillSpell Name="scrolls" Value="1" Level="1" />
    <SkillSpell Name="talismans" Value="1" Level="1" />
    <SkillSpell Name="wands" Value="1" Level="1" />
    <SkillSpell Name="pugil" Value="1" Level="20" />
    <SkillSpell Name="dagger" Value="1" Level="1" />
    <SkillSpell Name="mace" Value="1" Level="1" />
    <SkillSpell Name="staff" Value="75" Level="60" />
    <SkillSpell Name="form mustang" Value="100" Level="51" />
  </Learned>
  <Prompt>&lt;%1%%h %2%%m %3%%mv %W&gt; </Prompt>
  <ShapeFocusMajor>None</ShapeFocusMajor>
  <ShapeFocusMinor>None</ShapeFocusMinor>
  <Wimpy>0</Wimpy>
  <LastReadNote>1/1/0001 12:00:00 AM</LastReadNote>
  <TotalPlayTime>05:21:08.7741422</TotalPlayTime>
  <password>211C56FAEEAB13765C107C310FE39344</password>
</PlayerData>